debug: Fri, 31 Oct 2025 04:15:13 GMT
debug: Project: D:\Pastil&Chill
debug: Targets: editor,preview
debug: Incremental file seems great.
debug: Engine path: C:\ProgramData\cocos\editors\Creator\3.6.3\resources\resources\3d\engine
debug: Initializing target [Editor]
debug: Loading cache
debug: Loading cache costs 72.0184999704361ms.
debug: Engine features shipped in editor: base,gfx-webgl,gfx-webgl2,3d,animation,skeletal-animation,2d,ui,particle,particle-2d,physics-framework,physics-2d-framework,intersection-2d,primitive,profiler,occlusion-query,geometry-renderer,debug-renderer,audio,video,xr,terrain,webview,tween,tiled-map,spine,dragon-bones,marionette,custom-pipeline
debug: Our import map(foo:/bar): {
  "imports": {
    "cc": "cce:/internal/x/cc"
  }
}
debug: Initializing target [Preview]
debug: Loading cache
debug: Loading cache costs 13.449999988079071ms.
debug: Our import map(foo:/bar): {
  "imports": {
    "cc": "cce:/internal/x/cc"
  }
}
debug: Sync engine features: 2d,animation,audio,base,dragon-bones,gfx-webgl,gfx-webgl2,intersection-2d,particle-2d,physics-2d-box2d,profiler,spine,tiled-map,tween,ui,video,webview
debug: Reset databases. Enumerated domains: [
  {
    "root": "db://internal/",
    "physical": "C:\\ProgramData\\cocos\\editors\\Creator\\3.6.3\\resources\\resources\\3d\\engine\\editor\\assets"
  },
  {
    "root": "db://assets/",
    "physical": "D:\\Pastil&Chill\\assets"
  }
]
debug: Our import map(foo:/bar): {
  "imports": {
    "cc": "cce:/internal/x/cc",
    "db://internal/": "file:///C:/ProgramData/cocos/editors/Creator/3.6.3/resources/resources/3d/engine/editor/assets/",
    "db://assets/": "file:///D:/Pastil&Chill/assets/"
  }
}
debug: Our import map(foo:/bar): {
  "imports": {
    "cc": "cce:/internal/x/cc",
    "db://internal/": "file:///C:/ProgramData/cocos/editors/Creator/3.6.3/resources/resources/3d/engine/editor/assets/",
    "db://assets/": "file:///D:/Pastil&Chill/assets/"
  }
}
debug: Pulling asset-db.
debug: Fetch asset-db cost: 3.545800030231476ms.
debug: Build iteration starts.
Number of accumulated asset changes: 0
Feature changed: false
debug: Target(editor) build started.
debug: Detected change: cce:/internal/x/cc. Last mtime: Thu Jan 01 1970 08:00:07 GMT+0800 (China Standard Time), Current mtime: Thu Jan 01 1970 08:00:07 GMT+0800 (China Standard Time)
debug: Inspect cce:/internal/x/cc
debug: Resolve cce:/internal/x/cc-fu/base from cce:/internal/x/cc as external dependency cce:/internal/x/cc-fu/base.
debug: Resolve cce:/internal/x/cc-fu/gfx-webgl from cce:/internal/x/cc as external dependency cce:/internal/x/cc-fu/gfx-webgl.
debug: Resolve cce:/internal/x/cc-fu/gfx-webgl2 from cce:/internal/x/cc as external dependency cce:/internal/x/cc-fu/gfx-webgl2.
debug: Resolve cce:/internal/x/cc-fu/3d from cce:/internal/x/cc as external dependency cce:/internal/x/cc-fu/3d.
debug: Resolve cce:/internal/x/cc-fu/animation from cce:/internal/x/cc as external dependency cce:/internal/x/cc-fu/animation.
debug: Resolve cce:/internal/x/cc-fu/skeletal-animation from cce:/internal/x/cc as external dependency cce:/internal/x/cc-fu/skeletal-animation.
debug: Resolve cce:/internal/x/cc-fu/2d from cce:/internal/x/cc as external dependency cce:/internal/x/cc-fu/2d.
debug: Resolve cce:/internal/x/cc-fu/ui from cce:/internal/x/cc as external dependency cce:/internal/x/cc-fu/ui.
debug: Resolve cce:/internal/x/cc-fu/particle from cce:/internal/x/cc as external dependency cce:/internal/x/cc-fu/particle.
debug: Resolve cce:/internal/x/cc-fu/particle-2d from cce:/internal/x/cc as external dependency cce:/internal/x/cc-fu/particle-2d.
debug: Resolve cce:/internal/x/cc-fu/physics-framework from cce:/internal/x/cc as external dependency cce:/internal/x/cc-fu/physics-framework.
debug: Resolve cce:/internal/x/cc-fu/physics-2d-framework from cce:/internal/x/cc as external dependency cce:/internal/x/cc-fu/physics-2d-framework.
debug: Resolve cce:/internal/x/cc-fu/intersection-2d from cce:/internal/x/cc as external dependency cce:/internal/x/cc-fu/intersection-2d.
debug: Resolve cce:/internal/x/cc-fu/primitive from cce:/internal/x/cc as external dependency cce:/internal/x/cc-fu/primitive.
debug: Resolve cce:/internal/x/cc-fu/profiler from cce:/internal/x/cc as external dependency cce:/internal/x/cc-fu/profiler.
debug: Resolve cce:/internal/x/cc-fu/geometry-renderer from cce:/internal/x/cc as external dependency cce:/internal/x/cc-fu/geometry-renderer.
debug: Resolve cce:/internal/x/cc-fu/audio from cce:/internal/x/cc as external dependency cce:/internal/x/cc-fu/audio.
debug: Resolve cce:/internal/x/cc-fu/video from cce:/internal/x/cc as external dependency cce:/internal/x/cc-fu/video.
debug: Resolve cce:/internal/x/cc-fu/xr from cce:/internal/x/cc as external dependency cce:/internal/x/cc-fu/xr.
debug: Resolve cce:/internal/x/cc-fu/terrain from cce:/internal/x/cc as external dependency cce:/internal/x/cc-fu/terrain.
debug: Resolve cce:/internal/x/cc-fu/webview from cce:/internal/x/cc as external dependency cce:/internal/x/cc-fu/webview.
debug: Resolve cce:/internal/x/cc-fu/tween from cce:/internal/x/cc as external dependency cce:/internal/x/cc-fu/tween.
debug: Resolve cce:/internal/x/cc-fu/tiled-map from cce:/internal/x/cc as external dependency cce:/internal/x/cc-fu/tiled-map.
debug: Resolve cce:/internal/x/cc-fu/spine from cce:/internal/x/cc as external dependency cce:/internal/x/cc-fu/spine.
debug: Resolve cce:/internal/x/cc-fu/dragon-bones from cce:/internal/x/cc as external dependency cce:/internal/x/cc-fu/dragon-bones.
debug: Resolve cce:/internal/x/cc-fu/custom-pipeline from cce:/internal/x/cc as external dependency cce:/internal/x/cc-fu/custom-pipeline.
debug: Detected change: cce:/internal/x/prerequisite-imports. Last mtime: Thu Jan 01 1970 08:00:07 GMT+0800 (China Standard Time), Current mtime: Thu Jan 01 1970 08:00:07 GMT+0800 (China Standard Time)
debug: Inspect cce:/internal/x/prerequisite-imports
debug: Target(editor) ends with cost 94.45339995622635ms.
debug: Target(preview) build started.
debug: Detected change: cce:/internal/x/cc. Last mtime: Thu Jan 01 1970 08:00:07 GMT+0800 (China Standard Time), Current mtime: Thu Jan 01 1970 08:00:07 GMT+0800 (China Standard Time)
debug: Inspect cce:/internal/x/cc
debug: Resolve cce:/internal/x/cc-fu/2d from cce:/internal/x/cc as external dependency cce:/internal/x/cc-fu/2d.
debug: Resolve cce:/internal/x/cc-fu/animation from cce:/internal/x/cc as external dependency cce:/internal/x/cc-fu/animation.
debug: Resolve cce:/internal/x/cc-fu/audio from cce:/internal/x/cc as external dependency cce:/internal/x/cc-fu/audio.
debug: Resolve cce:/internal/x/cc-fu/base from cce:/internal/x/cc as external dependency cce:/internal/x/cc-fu/base.
debug: Resolve cce:/internal/x/cc-fu/dragon-bones from cce:/internal/x/cc as external dependency cce:/internal/x/cc-fu/dragon-bones.
debug: Resolve cce:/internal/x/cc-fu/gfx-webgl from cce:/internal/x/cc as external dependency cce:/internal/x/cc-fu/gfx-webgl.
debug: Resolve cce:/internal/x/cc-fu/gfx-webgl2 from cce:/internal/x/cc as external dependency cce:/internal/x/cc-fu/gfx-webgl2.
debug: Resolve cce:/internal/x/cc-fu/intersection-2d from cce:/internal/x/cc as external dependency cce:/internal/x/cc-fu/intersection-2d.
debug: Resolve cce:/internal/x/cc-fu/particle-2d from cce:/internal/x/cc as external dependency cce:/internal/x/cc-fu/particle-2d.
debug: Resolve cce:/internal/x/cc-fu/physics-2d-box2d from cce:/internal/x/cc as external dependency cce:/internal/x/cc-fu/physics-2d-box2d.
debug: Resolve cce:/internal/x/cc-fu/physics-2d-framework from cce:/internal/x/cc as external dependency cce:/internal/x/cc-fu/physics-2d-framework.
debug: Resolve cce:/internal/x/cc-fu/profiler from cce:/internal/x/cc as external dependency cce:/internal/x/cc-fu/profiler.
debug: Resolve cce:/internal/x/cc-fu/spine from cce:/internal/x/cc as external dependency cce:/internal/x/cc-fu/spine.
debug: Resolve cce:/internal/x/cc-fu/tiled-map from cce:/internal/x/cc as external dependency cce:/internal/x/cc-fu/tiled-map.
debug: Resolve cce:/internal/x/cc-fu/tween from cce:/internal/x/cc as external dependency cce:/internal/x/cc-fu/tween.
debug: Resolve cce:/internal/x/cc-fu/ui from cce:/internal/x/cc as external dependency cce:/internal/x/cc-fu/ui.
debug: Resolve cce:/internal/x/cc-fu/video from cce:/internal/x/cc as external dependency cce:/internal/x/cc-fu/video.
debug: Resolve cce:/internal/x/cc-fu/webview from cce:/internal/x/cc as external dependency cce:/internal/x/cc-fu/webview.
debug: Detected change: cce:/internal/x/prerequisite-imports. Last mtime: Thu Jan 01 1970 08:00:07 GMT+0800 (China Standard Time), Current mtime: Thu Jan 01 1970 08:00:07 GMT+0800 (China Standard Time)
debug: Inspect cce:/internal/x/prerequisite-imports
debug: Target(preview) ends with cost 56.03669995069504ms.
debug: Pulling asset-db.
debug: Fetch asset-db cost: 7.299899995326996ms.
debug: Build iteration starts.
Number of accumulated asset changes: 0
Feature changed: false
debug: Target(editor) build started.
debug: Target(editor) ends with cost 4.578499972820282ms.
debug: Target(preview) build started.
debug: Target(preview) ends with cost 3.2864999771118164ms.
debug: Dispatch build request for time accumulated 1 asset changes.
debug: Build iteration starts.
Number of accumulated asset changes: 1
Feature changed: false
debug: Target(editor) build started.
debug: Detected change: cce:/internal/x/prerequisite-imports. Last mtime: Thu Jan 01 1970 08:00:07 GMT+0800 (China Standard Time), Current mtime: Thu Jan 01 1970 08:24:57 GMT+0800 (China Standard Time)
debug: Inspect cce:/internal/x/prerequisite-imports
debug: Resolve file:///D:/Pastil&Chill/assets/scripts/DatabaseManager.ts from cce:/internal/x/prerequisite-imports as file:///D:/Pastil&Chill/assets/scripts/DatabaseManager.ts.
debug: Inspect file:///D:/Pastil&Chill/assets/scripts/DatabaseManager.ts
debug: Resolve cc from file:///D:/Pastil&Chill/assets/scripts/DatabaseManager.ts as cce:/internal/x/cc.
debug: Resolve cc from file:///D:/Pastil&Chill/assets/scripts/DatabaseManager.ts as cce:/internal/x/cc.
debug: Resolve cc from file:///D:/Pastil&Chill/assets/scripts/DatabaseManager.ts as cce:/internal/x/cc.
debug: Target(editor) ends with cost 68.30510002374649ms.
debug: Target(preview) build started.
debug: Detected change: cce:/internal/x/prerequisite-imports. Last mtime: Thu Jan 01 1970 08:00:07 GMT+0800 (China Standard Time), Current mtime: Thu Jan 01 1970 08:24:57 GMT+0800 (China Standard Time)
debug: Inspect cce:/internal/x/prerequisite-imports
debug: Resolve file:///D:/Pastil&Chill/assets/scripts/DatabaseManager.ts from cce:/internal/x/prerequisite-imports as file:///D:/Pastil&Chill/assets/scripts/DatabaseManager.ts.
debug: Inspect file:///D:/Pastil&Chill/assets/scripts/DatabaseManager.ts
debug: Resolve cc from file:///D:/Pastil&Chill/assets/scripts/DatabaseManager.ts as cce:/internal/x/cc.
debug: Resolve cc from file:///D:/Pastil&Chill/assets/scripts/DatabaseManager.ts as cce:/internal/x/cc.
debug: Resolve cc from file:///D:/Pastil&Chill/assets/scripts/DatabaseManager.ts as cce:/internal/x/cc.
debug: Target(preview) ends with cost 97.65649998188019ms.
debug: Dispatch build request for time accumulated 1 asset changes.
debug: Build iteration starts.
Number of accumulated asset changes: 1
Feature changed: false
debug: Target(editor) build started.
debug: Detected change: cce:/internal/x/prerequisite-imports. Last mtime: Thu Jan 01 1970 08:24:57 GMT+0800 (China Standard Time), Current mtime: Thu Jan 01 1970 08:28:35 GMT+0800 (China Standard Time)
debug: Inspect cce:/internal/x/prerequisite-imports
debug: Resolve file:///D:/Pastil&Chill/assets/scripts/DatabaseManager.ts from cce:/internal/x/prerequisite-imports as file:///D:/Pastil&Chill/assets/scripts/DatabaseManager.ts.
debug: Detected change: file:///D:/Pastil&Chill/assets/scripts/DatabaseManager.ts. Last mtime: Fri Oct 31 2025 12:40:03 GMT+0800 (China Standard Time)@1d50de2a-2f5b-4259-a2ed-51cec039a708, Current mtime: Fri Oct 31 2025 12:43:39 GMT+0800 (China Standard Time)@1d50de2a-2f5b-4259-a2ed-51cec039a708
debug: Inspect file:///D:/Pastil&Chill/assets/scripts/DatabaseManager.ts
debug: Resolve cc from file:///D:/Pastil&Chill/assets/scripts/DatabaseManager.ts as cce:/internal/x/cc.
debug: Resolve cc from file:///D:/Pastil&Chill/assets/scripts/DatabaseManager.ts as cce:/internal/x/cc.
debug: Resolve cc from file:///D:/Pastil&Chill/assets/scripts/DatabaseManager.ts as cce:/internal/x/cc.
debug: Target(editor) ends with cost 111.20539999008179ms.
debug: Target(preview) build started.
debug: Detected change: cce:/internal/x/prerequisite-imports. Last mtime: Thu Jan 01 1970 08:24:57 GMT+0800 (China Standard Time), Current mtime: Thu Jan 01 1970 08:28:35 GMT+0800 (China Standard Time)
debug: Inspect cce:/internal/x/prerequisite-imports
debug: Resolve file:///D:/Pastil&Chill/assets/scripts/DatabaseManager.ts from cce:/internal/x/prerequisite-imports as file:///D:/Pastil&Chill/assets/scripts/DatabaseManager.ts.
debug: Detected change: file:///D:/Pastil&Chill/assets/scripts/DatabaseManager.ts. Last mtime: Fri Oct 31 2025 12:40:03 GMT+0800 (China Standard Time)@1d50de2a-2f5b-4259-a2ed-51cec039a708, Current mtime: Fri Oct 31 2025 12:43:39 GMT+0800 (China Standard Time)@1d50de2a-2f5b-4259-a2ed-51cec039a708
debug: Inspect file:///D:/Pastil&Chill/assets/scripts/DatabaseManager.ts
debug: Resolve cc from file:///D:/Pastil&Chill/assets/scripts/DatabaseManager.ts as cce:/internal/x/cc.
debug: Resolve cc from file:///D:/Pastil&Chill/assets/scripts/DatabaseManager.ts as cce:/internal/x/cc.
debug: Resolve cc from file:///D:/Pastil&Chill/assets/scripts/DatabaseManager.ts as cce:/internal/x/cc.
debug: Target(preview) ends with cost 126.06269997358322ms.
debug: Dispatch build request for time accumulated 1 asset changes.
debug: Build iteration starts.
Number of accumulated asset changes: 1
Feature changed: false
debug: Target(editor) build started.
debug: Detected change: cce:/internal/x/prerequisite-imports. Last mtime: Thu Jan 01 1970 08:28:35 GMT+0800 (China Standard Time), Current mtime: Thu Jan 01 1970 09:22:32 GMT+0800 (China Standard Time)
debug: Inspect cce:/internal/x/prerequisite-imports
debug: Resolve file:///D:/Pastil&Chill/assets/scripts/DatabaseManager.ts from cce:/internal/x/prerequisite-imports as file:///D:/Pastil&Chill/assets/scripts/DatabaseManager.ts.
debug: Detected change: file:///D:/Pastil&Chill/assets/scripts/DatabaseManager.ts. Last mtime: Fri Oct 31 2025 12:43:39 GMT+0800 (China Standard Time)@1d50de2a-2f5b-4259-a2ed-51cec039a708, Current mtime: Fri Oct 31 2025 13:37:34 GMT+0800 (China Standard Time)@1d50de2a-2f5b-4259-a2ed-51cec039a708
debug: Inspect file:///D:/Pastil&Chill/assets/scripts/DatabaseManager.ts
debug: Resolve cc from file:///D:/Pastil&Chill/assets/scripts/DatabaseManager.ts as cce:/internal/x/cc.
debug: Resolve cc from file:///D:/Pastil&Chill/assets/scripts/DatabaseManager.ts as cce:/internal/x/cc.
debug: Resolve cc from file:///D:/Pastil&Chill/assets/scripts/DatabaseManager.ts as cce:/internal/x/cc.
debug: Target(editor) ends with cost 97.70819997787476ms.
debug: Target(preview) build started.
debug: Detected change: cce:/internal/x/prerequisite-imports. Last mtime: Thu Jan 01 1970 08:28:35 GMT+0800 (China Standard Time), Current mtime: Thu Jan 01 1970 09:22:32 GMT+0800 (China Standard Time)
debug: Inspect cce:/internal/x/prerequisite-imports
debug: Resolve file:///D:/Pastil&Chill/assets/scripts/DatabaseManager.ts from cce:/internal/x/prerequisite-imports as file:///D:/Pastil&Chill/assets/scripts/DatabaseManager.ts.
debug: Detected change: file:///D:/Pastil&Chill/assets/scripts/DatabaseManager.ts. Last mtime: Fri Oct 31 2025 12:43:39 GMT+0800 (China Standard Time)@1d50de2a-2f5b-4259-a2ed-51cec039a708, Current mtime: Fri Oct 31 2025 13:37:34 GMT+0800 (China Standard Time)@1d50de2a-2f5b-4259-a2ed-51cec039a708
debug: Inspect file:///D:/Pastil&Chill/assets/scripts/DatabaseManager.ts
debug: Resolve cc from file:///D:/Pastil&Chill/assets/scripts/DatabaseManager.ts as cce:/internal/x/cc.
debug: Resolve cc from file:///D:/Pastil&Chill/assets/scripts/DatabaseManager.ts as cce:/internal/x/cc.
debug: Resolve cc from file:///D:/Pastil&Chill/assets/scripts/DatabaseManager.ts as cce:/internal/x/cc.
debug: Target(preview) ends with cost 145.22649997472763ms.
debug: Dispatch build request for time accumulated 1 asset changes.
debug: Build iteration starts.
Number of accumulated asset changes: 1
Feature changed: false
debug: Target(editor) build started.
debug: Detected change: cce:/internal/x/prerequisite-imports. Last mtime: Thu Jan 01 1970 09:22:32 GMT+0800 (China Standard Time), Current mtime: Thu Jan 01 1970 09:38:18 GMT+0800 (China Standard Time)
debug: Inspect cce:/internal/x/prerequisite-imports
debug: Target(editor) ends with cost 21.028599977493286ms.
debug: Target(preview) build started.
debug: Detected change: cce:/internal/x/prerequisite-imports. Last mtime: Thu Jan 01 1970 09:22:32 GMT+0800 (China Standard Time), Current mtime: Thu Jan 01 1970 09:38:18 GMT+0800 (China Standard Time)
debug: Inspect cce:/internal/x/prerequisite-imports
debug: Target(preview) ends with cost 33.25880002975464ms.
debug: Dispatch build request for time accumulated 1 asset changes.
debug: Build iteration starts.
Number of accumulated asset changes: 1
Feature changed: false
debug: Target(editor) build started.
debug: Detected change: cce:/internal/x/prerequisite-imports. Last mtime: Thu Jan 01 1970 09:38:18 GMT+0800 (China Standard Time), Current mtime: Thu Jan 01 1970 09:38:34 GMT+0800 (China Standard Time)
debug: Inspect cce:/internal/x/prerequisite-imports
debug: Resolve file:///D:/Pastil&Chill/assets/scripts/DatabaseManaer.ts from cce:/internal/x/prerequisite-imports as file:///D:/Pastil&Chill/assets/scripts/DatabaseManaer.ts.
debug: Inspect file:///D:/Pastil&Chill/assets/scripts/DatabaseManaer.ts
debug: Resolve cc from file:///D:/Pastil&Chill/assets/scripts/DatabaseManaer.ts as cce:/internal/x/cc.
debug: Resolve cc from file:///D:/Pastil&Chill/assets/scripts/DatabaseManaer.ts as cce:/internal/x/cc.
debug: Resolve cc from file:///D:/Pastil&Chill/assets/scripts/DatabaseManaer.ts as cce:/internal/x/cc.
debug: Target(editor) ends with cost 49.82150000333786ms.
debug: Target(preview) build started.
debug: Detected change: cce:/internal/x/prerequisite-imports. Last mtime: Thu Jan 01 1970 09:38:18 GMT+0800 (China Standard Time), Current mtime: Thu Jan 01 1970 09:38:34 GMT+0800 (China Standard Time)
debug: Inspect cce:/internal/x/prerequisite-imports
debug: Resolve file:///D:/Pastil&Chill/assets/scripts/DatabaseManaer.ts from cce:/internal/x/prerequisite-imports as file:///D:/Pastil&Chill/assets/scripts/DatabaseManaer.ts.
debug: Inspect file:///D:/Pastil&Chill/assets/scripts/DatabaseManaer.ts
debug: Resolve cc from file:///D:/Pastil&Chill/assets/scripts/DatabaseManaer.ts as cce:/internal/x/cc.
debug: Resolve cc from file:///D:/Pastil&Chill/assets/scripts/DatabaseManaer.ts as cce:/internal/x/cc.
debug: Resolve cc from file:///D:/Pastil&Chill/assets/scripts/DatabaseManaer.ts as cce:/internal/x/cc.
debug: Target(preview) ends with cost 65.58840000629425ms.
debug: Dispatch build request for time accumulated 1 asset changes.
debug: Build iteration starts.
Number of accumulated asset changes: 1
Feature changed: false
debug: Target(editor) build started.
debug: Detected change: cce:/internal/x/prerequisite-imports. Last mtime: Thu Jan 01 1970 09:38:34 GMT+0800 (China Standard Time), Current mtime: Thu Jan 01 1970 09:38:39 GMT+0800 (China Standard Time)
debug: Inspect cce:/internal/x/prerequisite-imports
debug: Resolve file:///D:/Pastil&Chill/assets/scripts/DatabaseManager.ts from cce:/internal/x/prerequisite-imports as file:///D:/Pastil&Chill/assets/scripts/DatabaseManager.ts.
debug: Detected change: file:///D:/Pastil&Chill/assets/scripts/DatabaseManager.ts. Last mtime: Fri Oct 31 2025 13:37:34 GMT+0800 (China Standard Time)@1d50de2a-2f5b-4259-a2ed-51cec039a708, Current mtime: Fri Oct 31 2025 13:53:40 GMT+0800 (China Standard Time)@eaafa23b-761a-47fb-98b8-f5d55a744646
debug: Inspect file:///D:/Pastil&Chill/assets/scripts/DatabaseManager.ts
debug: Resolve cc from file:///D:/Pastil&Chill/assets/scripts/DatabaseManager.ts as cce:/internal/x/cc.
debug: Resolve cc from file:///D:/Pastil&Chill/assets/scripts/DatabaseManager.ts as cce:/internal/x/cc.
debug: Resolve cc from file:///D:/Pastil&Chill/assets/scripts/DatabaseManager.ts as cce:/internal/x/cc.
debug: Target(editor) ends with cost 37.9893000125885ms.
debug: Target(preview) build started.
debug: Detected change: cce:/internal/x/prerequisite-imports. Last mtime: Thu Jan 01 1970 09:38:34 GMT+0800 (China Standard Time), Current mtime: Thu Jan 01 1970 09:38:39 GMT+0800 (China Standard Time)
debug: Inspect cce:/internal/x/prerequisite-imports
debug: Resolve file:///D:/Pastil&Chill/assets/scripts/DatabaseManager.ts from cce:/internal/x/prerequisite-imports as file:///D:/Pastil&Chill/assets/scripts/DatabaseManager.ts.
debug: Detected change: file:///D:/Pastil&Chill/assets/scripts/DatabaseManager.ts. Last mtime: Fri Oct 31 2025 13:37:34 GMT+0800 (China Standard Time)@1d50de2a-2f5b-4259-a2ed-51cec039a708, Current mtime: Fri Oct 31 2025 13:53:40 GMT+0800 (China Standard Time)@eaafa23b-761a-47fb-98b8-f5d55a744646
debug: Inspect file:///D:/Pastil&Chill/assets/scripts/DatabaseManager.ts
debug: Resolve cc from file:///D:/Pastil&Chill/assets/scripts/DatabaseManager.ts as cce:/internal/x/cc.
debug: Resolve cc from file:///D:/Pastil&Chill/assets/scripts/DatabaseManager.ts as cce:/internal/x/cc.
debug: Resolve cc from file:///D:/Pastil&Chill/assets/scripts/DatabaseManager.ts as cce:/internal/x/cc.
debug: Target(preview) ends with cost 68.23240000009537ms.
debug: Dispatch build request for time accumulated 1 asset changes.
debug: Build iteration starts.
Number of accumulated asset changes: 1
Feature changed: false
debug: Target(editor) build started.
debug: Detected change: cce:/internal/x/prerequisite-imports. Last mtime: Thu Jan 01 1970 09:38:39 GMT+0800 (China Standard Time), Current mtime: Thu Jan 01 1970 09:38:52 GMT+0800 (China Standard Time)
debug: Inspect cce:/internal/x/prerequisite-imports
debug: Resolve file:///D:/Pastil&Chill/assets/scripts/DatabaseManager.ts from cce:/internal/x/prerequisite-imports as file:///D:/Pastil&Chill/assets/scripts/DatabaseManager.ts.
debug: Detected change: file:///D:/Pastil&Chill/assets/scripts/DatabaseManager.ts. Last mtime: Fri Oct 31 2025 13:53:40 GMT+0800 (China Standard Time)@eaafa23b-761a-47fb-98b8-f5d55a744646, Current mtime: Fri Oct 31 2025 13:53:57 GMT+0800 (China Standard Time)@eaafa23b-761a-47fb-98b8-f5d55a744646
debug: Inspect file:///D:/Pastil&Chill/assets/scripts/DatabaseManager.ts
debug: Resolve cc from file:///D:/Pastil&Chill/assets/scripts/DatabaseManager.ts as cce:/internal/x/cc.
debug: Resolve cc from file:///D:/Pastil&Chill/assets/scripts/DatabaseManager.ts as cce:/internal/x/cc.
debug: Resolve cc from file:///D:/Pastil&Chill/assets/scripts/DatabaseManager.ts as cce:/internal/x/cc.
debug: Target(editor) ends with cost 65.87239998579025ms.
debug: Target(preview) build started.
debug: Detected change: cce:/internal/x/prerequisite-imports. Last mtime: Thu Jan 01 1970 09:38:39 GMT+0800 (China Standard Time), Current mtime: Thu Jan 01 1970 09:38:52 GMT+0800 (China Standard Time)
debug: Inspect cce:/internal/x/prerequisite-imports
debug: Resolve file:///D:/Pastil&Chill/assets/scripts/DatabaseManager.ts from cce:/internal/x/prerequisite-imports as file:///D:/Pastil&Chill/assets/scripts/DatabaseManager.ts.
debug: Detected change: file:///D:/Pastil&Chill/assets/scripts/DatabaseManager.ts. Last mtime: Fri Oct 31 2025 13:53:40 GMT+0800 (China Standard Time)@eaafa23b-761a-47fb-98b8-f5d55a744646, Current mtime: Fri Oct 31 2025 13:53:57 GMT+0800 (China Standard Time)@eaafa23b-761a-47fb-98b8-f5d55a744646
debug: Inspect file:///D:/Pastil&Chill/assets/scripts/DatabaseManager.ts
debug: Resolve cc from file:///D:/Pastil&Chill/assets/scripts/DatabaseManager.ts as cce:/internal/x/cc.
debug: Resolve cc from file:///D:/Pastil&Chill/assets/scripts/DatabaseManager.ts as cce:/internal/x/cc.
debug: Resolve cc from file:///D:/Pastil&Chill/assets/scripts/DatabaseManager.ts as cce:/internal/x/cc.
debug: Target(preview) ends with cost 128.91390001773834ms.
debug: Dispatch build request for time accumulated 1 asset changes.
debug: Build iteration starts.
Number of accumulated asset changes: 1
Feature changed: false
debug: Target(editor) build started.
debug: Detected change: cce:/internal/x/prerequisite-imports. Last mtime: Thu Jan 01 1970 09:38:52 GMT+0800 (China Standard Time), Current mtime: Thu Jan 01 1970 09:39:51 GMT+0800 (China Standard Time)
debug: Inspect cce:/internal/x/prerequisite-imports
debug: Resolve file:///D:/Pastil&Chill/assets/scripts/DatabaseManager.ts from cce:/internal/x/prerequisite-imports as file:///D:/Pastil&Chill/assets/scripts/DatabaseManager.ts.
debug: Detected change: file:///D:/Pastil&Chill/assets/scripts/DatabaseManager.ts. Last mtime: Fri Oct 31 2025 13:53:57 GMT+0800 (China Standard Time)@eaafa23b-761a-47fb-98b8-f5d55a744646, Current mtime: Fri Oct 31 2025 13:54:50 GMT+0800 (China Standard Time)@eaafa23b-761a-47fb-98b8-f5d55a744646
debug: Inspect file:///D:/Pastil&Chill/assets/scripts/DatabaseManager.ts
debug: Resolve cc from file:///D:/Pastil&Chill/assets/scripts/DatabaseManager.ts as cce:/internal/x/cc.
debug: Resolve cc from file:///D:/Pastil&Chill/assets/scripts/DatabaseManager.ts as cce:/internal/x/cc.
debug: Resolve cc from file:///D:/Pastil&Chill/assets/scripts/DatabaseManager.ts as cce:/internal/x/cc.
debug: Target(editor) ends with cost 45.12810003757477ms.
debug: Target(preview) build started.
debug: Detected change: cce:/internal/x/prerequisite-imports. Last mtime: Thu Jan 01 1970 09:38:52 GMT+0800 (China Standard Time), Current mtime: Thu Jan 01 1970 09:39:51 GMT+0800 (China Standard Time)
debug: Inspect cce:/internal/x/prerequisite-imports
debug: Resolve file:///D:/Pastil&Chill/assets/scripts/DatabaseManager.ts from cce:/internal/x/prerequisite-imports as file:///D:/Pastil&Chill/assets/scripts/DatabaseManager.ts.
debug: Detected change: file:///D:/Pastil&Chill/assets/scripts/DatabaseManager.ts. Last mtime: Fri Oct 31 2025 13:53:57 GMT+0800 (China Standard Time)@eaafa23b-761a-47fb-98b8-f5d55a744646, Current mtime: Fri Oct 31 2025 13:54:50 GMT+0800 (China Standard Time)@eaafa23b-761a-47fb-98b8-f5d55a744646
debug: Inspect file:///D:/Pastil&Chill/assets/scripts/DatabaseManager.ts
debug: Resolve cc from file:///D:/Pastil&Chill/assets/scripts/DatabaseManager.ts as cce:/internal/x/cc.
debug: Resolve cc from file:///D:/Pastil&Chill/assets/scripts/DatabaseManager.ts as cce:/internal/x/cc.
debug: Resolve cc from file:///D:/Pastil&Chill/assets/scripts/DatabaseManager.ts as cce:/internal/x/cc.
debug: Target(preview) ends with cost 65.4607999920845ms.
debug: Dispatch build request for time accumulated 1 asset changes.
debug: Build iteration starts.
Number of accumulated asset changes: 1
Feature changed: false
debug: Target(editor) build started.
debug: Detected change: cce:/internal/x/prerequisite-imports. Last mtime: Thu Jan 01 1970 09:39:51 GMT+0800 (China Standard Time), Current mtime: Thu Jan 01 1970 09:49:20 GMT+0800 (China Standard Time)
debug: Inspect cce:/internal/x/prerequisite-imports
debug: Resolve file:///D:/Pastil&Chill/assets/scripts/DatabaseManager.ts from cce:/internal/x/prerequisite-imports as file:///D:/Pastil&Chill/assets/scripts/DatabaseManager.ts.
debug: Detected change: file:///D:/Pastil&Chill/assets/scripts/DatabaseManager.ts. Last mtime: Fri Oct 31 2025 13:54:50 GMT+0800 (China Standard Time)@eaafa23b-761a-47fb-98b8-f5d55a744646, Current mtime: Fri Oct 31 2025 14:04:24 GMT+0800 (China Standard Time)@eaafa23b-761a-47fb-98b8-f5d55a744646
debug: Inspect file:///D:/Pastil&Chill/assets/scripts/DatabaseManager.ts
debug: Resolve cc from file:///D:/Pastil&Chill/assets/scripts/DatabaseManager.ts as cce:/internal/x/cc.
debug: Resolve cc from file:///D:/Pastil&Chill/assets/scripts/DatabaseManager.ts as cce:/internal/x/cc.
debug: Resolve cc from file:///D:/Pastil&Chill/assets/scripts/DatabaseManager.ts as cce:/internal/x/cc.
debug: Target(editor) ends with cost 74.65560001134872ms.
debug: Target(preview) build started.
debug: Detected change: cce:/internal/x/prerequisite-imports. Last mtime: Thu Jan 01 1970 09:39:51 GMT+0800 (China Standard Time), Current mtime: Thu Jan 01 1970 09:49:20 GMT+0800 (China Standard Time)
debug: Inspect cce:/internal/x/prerequisite-imports
debug: Resolve file:///D:/Pastil&Chill/assets/scripts/DatabaseManager.ts from cce:/internal/x/prerequisite-imports as file:///D:/Pastil&Chill/assets/scripts/DatabaseManager.ts.
debug: Detected change: file:///D:/Pastil&Chill/assets/scripts/DatabaseManager.ts. Last mtime: Fri Oct 31 2025 13:54:50 GMT+0800 (China Standard Time)@eaafa23b-761a-47fb-98b8-f5d55a744646, Current mtime: Fri Oct 31 2025 14:04:24 GMT+0800 (China Standard Time)@eaafa23b-761a-47fb-98b8-f5d55a744646
debug: Inspect file:///D:/Pastil&Chill/assets/scripts/DatabaseManager.ts
debug: Resolve cc from file:///D:/Pastil&Chill/assets/scripts/DatabaseManager.ts as cce:/internal/x/cc.
debug: Resolve cc from file:///D:/Pastil&Chill/assets/scripts/DatabaseManager.ts as cce:/internal/x/cc.
debug: Resolve cc from file:///D:/Pastil&Chill/assets/scripts/DatabaseManager.ts as cce:/internal/x/cc.
debug: Target(preview) ends with cost 69.0764000415802ms.
debug: Dispatch build request for time accumulated 1 asset changes.
debug: Build iteration starts.
Number of accumulated asset changes: 1
Feature changed: false
debug: Target(editor) build started.
debug: Detected change: cce:/internal/x/prerequisite-imports. Last mtime: Thu Jan 01 1970 09:49:20 GMT+0800 (China Standard Time), Current mtime: Thu Jan 01 1970 09:51:31 GMT+0800 (China Standard Time)
debug: Inspect cce:/internal/x/prerequisite-imports
debug: Resolve file:///D:/Pastil&Chill/assets/scripts/DatabaseManager.ts from cce:/internal/x/prerequisite-imports as file:///D:/Pastil&Chill/assets/scripts/DatabaseManager.ts.
debug: Detected change: file:///D:/Pastil&Chill/assets/scripts/DatabaseManager.ts. Last mtime: Fri Oct 31 2025 14:04:24 GMT+0800 (China Standard Time)@eaafa23b-761a-47fb-98b8-f5d55a744646, Current mtime: Fri Oct 31 2025 14:06:35 GMT+0800 (China Standard Time)@eaafa23b-761a-47fb-98b8-f5d55a744646
debug: Inspect file:///D:/Pastil&Chill/assets/scripts/DatabaseManager.ts
debug: Resolve cc from file:///D:/Pastil&Chill/assets/scripts/DatabaseManager.ts as cce:/internal/x/cc.
debug: Resolve cc from file:///D:/Pastil&Chill/assets/scripts/DatabaseManager.ts as cce:/internal/x/cc.
debug: Resolve cc from file:///D:/Pastil&Chill/assets/scripts/DatabaseManager.ts as cce:/internal/x/cc.
debug: Target(editor) ends with cost 221.8691999912262ms.
debug: Target(preview) build started.
debug: Detected change: cce:/internal/x/prerequisite-imports. Last mtime: Thu Jan 01 1970 09:49:20 GMT+0800 (China Standard Time), Current mtime: Thu Jan 01 1970 09:51:31 GMT+0800 (China Standard Time)
debug: Inspect cce:/internal/x/prerequisite-imports
debug: Resolve file:///D:/Pastil&Chill/assets/scripts/DatabaseManager.ts from cce:/internal/x/prerequisite-imports as file:///D:/Pastil&Chill/assets/scripts/DatabaseManager.ts.
debug: Detected change: file:///D:/Pastil&Chill/assets/scripts/DatabaseManager.ts. Last mtime: Fri Oct 31 2025 14:04:24 GMT+0800 (China Standard Time)@eaafa23b-761a-47fb-98b8-f5d55a744646, Current mtime: Fri Oct 31 2025 14:06:35 GMT+0800 (China Standard Time)@eaafa23b-761a-47fb-98b8-f5d55a744646
debug: Inspect file:///D:/Pastil&Chill/assets/scripts/DatabaseManager.ts
debug: Resolve cc from file:///D:/Pastil&Chill/assets/scripts/DatabaseManager.ts as cce:/internal/x/cc.
debug: Resolve cc from file:///D:/Pastil&Chill/assets/scripts/DatabaseManager.ts as cce:/internal/x/cc.
debug: Resolve cc from file:///D:/Pastil&Chill/assets/scripts/DatabaseManager.ts as cce:/internal/x/cc.
debug: Target(preview) ends with cost 212.61610001325607ms.
debug: Dispatch build request for time accumulated 1 asset changes.
debug: Build iteration starts.
Number of accumulated asset changes: 1
Feature changed: false
debug: Target(editor) build started.
debug: Detected change: cce:/internal/x/prerequisite-imports. Last mtime: Thu Jan 01 1970 09:51:31 GMT+0800 (China Standard Time), Current mtime: Thu Jan 01 1970 09:52:12 GMT+0800 (China Standard Time)
debug: Inspect cce:/internal/x/prerequisite-imports
debug: Resolve file:///D:/Pastil&Chill/assets/scripts/DatabaseManager.ts from cce:/internal/x/prerequisite-imports as file:///D:/Pastil&Chill/assets/scripts/DatabaseManager.ts.
debug: Detected change: file:///D:/Pastil&Chill/assets/scripts/DatabaseManager.ts. Last mtime: Fri Oct 31 2025 14:06:35 GMT+0800 (China Standard Time)@eaafa23b-761a-47fb-98b8-f5d55a744646, Current mtime: Fri Oct 31 2025 14:07:15 GMT+0800 (China Standard Time)@eaafa23b-761a-47fb-98b8-f5d55a744646
debug: Inspect file:///D:/Pastil&Chill/assets/scripts/DatabaseManager.ts
debug: Resolve cc from file:///D:/Pastil&Chill/assets/scripts/DatabaseManager.ts as cce:/internal/x/cc.
debug: Resolve cc from file:///D:/Pastil&Chill/assets/scripts/DatabaseManager.ts as cce:/internal/x/cc.
debug: Resolve cc from file:///D:/Pastil&Chill/assets/scripts/DatabaseManager.ts as cce:/internal/x/cc.
debug: Target(editor) ends with cost 73.7024000287056ms.
debug: Target(preview) build started.
debug: Detected change: cce:/internal/x/prerequisite-imports. Last mtime: Thu Jan 01 1970 09:51:31 GMT+0800 (China Standard Time), Current mtime: Thu Jan 01 1970 09:52:12 GMT+0800 (China Standard Time)
debug: Inspect cce:/internal/x/prerequisite-imports
debug: Resolve file:///D:/Pastil&Chill/assets/scripts/DatabaseManager.ts from cce:/internal/x/prerequisite-imports as file:///D:/Pastil&Chill/assets/scripts/DatabaseManager.ts.
debug: Detected change: file:///D:/Pastil&Chill/assets/scripts/DatabaseManager.ts. Last mtime: Fri Oct 31 2025 14:06:35 GMT+0800 (China Standard Time)@eaafa23b-761a-47fb-98b8-f5d55a744646, Current mtime: Fri Oct 31 2025 14:07:15 GMT+0800 (China Standard Time)@eaafa23b-761a-47fb-98b8-f5d55a744646
debug: Inspect file:///D:/Pastil&Chill/assets/scripts/DatabaseManager.ts
debug: Resolve cc from file:///D:/Pastil&Chill/assets/scripts/DatabaseManager.ts as cce:/internal/x/cc.
debug: Resolve cc from file:///D:/Pastil&Chill/assets/scripts/DatabaseManager.ts as cce:/internal/x/cc.
debug: Resolve cc from file:///D:/Pastil&Chill/assets/scripts/DatabaseManager.ts as cce:/internal/x/cc.
debug: Target(preview) ends with cost 78.27740001678467ms.
debug: Dispatch build request for time accumulated 1 asset changes.
debug: Build iteration starts.
Number of accumulated asset changes: 1
Feature changed: false
debug: Target(editor) build started.
debug: Detected change: cce:/internal/x/prerequisite-imports. Last mtime: Thu Jan 01 1970 09:52:12 GMT+0800 (China Standard Time), Current mtime: Thu Jan 01 1970 09:52:19 GMT+0800 (China Standard Time)
debug: Inspect cce:/internal/x/prerequisite-imports
debug: Resolve file:///D:/Pastil&Chill/assets/scripts/DatabaseManager.ts from cce:/internal/x/prerequisite-imports as file:///D:/Pastil&Chill/assets/scripts/DatabaseManager.ts.
debug: Detected change: file:///D:/Pastil&Chill/assets/scripts/DatabaseManager.ts. Last mtime: Fri Oct 31 2025 14:07:15 GMT+0800 (China Standard Time)@eaafa23b-761a-47fb-98b8-f5d55a744646, Current mtime: Fri Oct 31 2025 14:07:25 GMT+0800 (China Standard Time)@eaafa23b-761a-47fb-98b8-f5d55a744646
debug: Inspect file:///D:/Pastil&Chill/assets/scripts/DatabaseManager.ts
debug: Resolve cc from file:///D:/Pastil&Chill/assets/scripts/DatabaseManager.ts as cce:/internal/x/cc.
debug: Resolve cc from file:///D:/Pastil&Chill/assets/scripts/DatabaseManager.ts as cce:/internal/x/cc.
debug: Resolve cc from file:///D:/Pastil&Chill/assets/scripts/DatabaseManager.ts as cce:/internal/x/cc.
debug: Target(editor) ends with cost 56.00150001049042ms.
debug: Target(preview) build started.
debug: Detected change: cce:/internal/x/prerequisite-imports. Last mtime: Thu Jan 01 1970 09:52:12 GMT+0800 (China Standard Time), Current mtime: Thu Jan 01 1970 09:52:20 GMT+0800 (China Standard Time)
debug: Inspect cce:/internal/x/prerequisite-imports
debug: Resolve file:///D:/Pastil&Chill/assets/scripts/DatabaseManager.ts from cce:/internal/x/prerequisite-imports as file:///D:/Pastil&Chill/assets/scripts/DatabaseManager.ts.
debug: Detected change: file:///D:/Pastil&Chill/assets/scripts/DatabaseManager.ts. Last mtime: Fri Oct 31 2025 14:07:15 GMT+0800 (China Standard Time)@eaafa23b-761a-47fb-98b8-f5d55a744646, Current mtime: Fri Oct 31 2025 14:07:25 GMT+0800 (China Standard Time)@eaafa23b-761a-47fb-98b8-f5d55a744646
debug: Inspect file:///D:/Pastil&Chill/assets/scripts/DatabaseManager.ts
debug: Resolve cc from file:///D:/Pastil&Chill/assets/scripts/DatabaseManager.ts as cce:/internal/x/cc.
debug: Resolve cc from file:///D:/Pastil&Chill/assets/scripts/DatabaseManager.ts as cce:/internal/x/cc.
debug: Resolve cc from file:///D:/Pastil&Chill/assets/scripts/DatabaseManager.ts as cce:/internal/x/cc.
debug: Target(preview) ends with cost 114.95159995555878ms.
debug: Dispatch build request for time accumulated 1 asset changes.
debug: Build iteration starts.
Number of accumulated asset changes: 1
Feature changed: false
debug: Target(editor) build started.
debug: Detected change: cce:/internal/x/prerequisite-imports. Last mtime: Thu Jan 01 1970 09:52:19 GMT+0800 (China Standard Time), Current mtime: Thu Jan 01 1970 09:52:58 GMT+0800 (China Standard Time)
debug: Inspect cce:/internal/x/prerequisite-imports
debug: Resolve file:///D:/Pastil&Chill/assets/scripts/DatabaseManager.ts from cce:/internal/x/prerequisite-imports as file:///D:/Pastil&Chill/assets/scripts/DatabaseManager.ts.
debug: Detected change: file:///D:/Pastil&Chill/assets/scripts/DatabaseManager.ts. Last mtime: Fri Oct 31 2025 14:07:25 GMT+0800 (China Standard Time)@eaafa23b-761a-47fb-98b8-f5d55a744646, Current mtime: Fri Oct 31 2025 14:08:04 GMT+0800 (China Standard Time)@eaafa23b-761a-47fb-98b8-f5d55a744646
debug: Inspect file:///D:/Pastil&Chill/assets/scripts/DatabaseManager.ts
debug: Resolve cc from file:///D:/Pastil&Chill/assets/scripts/DatabaseManager.ts as cce:/internal/x/cc.
debug: Resolve cc from file:///D:/Pastil&Chill/assets/scripts/DatabaseManager.ts as cce:/internal/x/cc.
debug: Resolve cc from file:///D:/Pastil&Chill/assets/scripts/DatabaseManager.ts as cce:/internal/x/cc.
debug: Target(editor) ends with cost 57.370399951934814ms.
debug: Target(preview) build started.
debug: Detected change: cce:/internal/x/prerequisite-imports. Last mtime: Thu Jan 01 1970 09:52:20 GMT+0800 (China Standard Time), Current mtime: Thu Jan 01 1970 09:52:58 GMT+0800 (China Standard Time)
debug: Inspect cce:/internal/x/prerequisite-imports
debug: Resolve file:///D:/Pastil&Chill/assets/scripts/DatabaseManager.ts from cce:/internal/x/prerequisite-imports as file:///D:/Pastil&Chill/assets/scripts/DatabaseManager.ts.
debug: Detected change: file:///D:/Pastil&Chill/assets/scripts/DatabaseManager.ts. Last mtime: Fri Oct 31 2025 14:07:25 GMT+0800 (China Standard Time)@eaafa23b-761a-47fb-98b8-f5d55a744646, Current mtime: Fri Oct 31 2025 14:08:04 GMT+0800 (China Standard Time)@eaafa23b-761a-47fb-98b8-f5d55a744646
debug: Inspect file:///D:/Pastil&Chill/assets/scripts/DatabaseManager.ts
debug: Resolve cc from file:///D:/Pastil&Chill/assets/scripts/DatabaseManager.ts as cce:/internal/x/cc.
debug: Resolve cc from file:///D:/Pastil&Chill/assets/scripts/DatabaseManager.ts as cce:/internal/x/cc.
debug: Resolve cc from file:///D:/Pastil&Chill/assets/scripts/DatabaseManager.ts as cce:/internal/x/cc.
debug: Target(preview) ends with cost 91.83880001306534ms.
debug: Dispatch build request for time accumulated 1 asset changes.
debug: Build iteration starts.
Number of accumulated asset changes: 1
Feature changed: false
debug: Target(editor) build started.
debug: Detected change: cce:/internal/x/prerequisite-imports. Last mtime: Thu Jan 01 1970 09:52:58 GMT+0800 (China Standard Time), Current mtime: Thu Jan 01 1970 09:55:19 GMT+0800 (China Standard Time)
debug: Inspect cce:/internal/x/prerequisite-imports
debug: Resolve file:///D:/Pastil&Chill/assets/scripts/DatabaseManager.ts from cce:/internal/x/prerequisite-imports as file:///D:/Pastil&Chill/assets/scripts/DatabaseManager.ts.
debug: Detected change: file:///D:/Pastil&Chill/assets/scripts/DatabaseManager.ts. Last mtime: Fri Oct 31 2025 14:08:04 GMT+0800 (China Standard Time)@eaafa23b-761a-47fb-98b8-f5d55a744646, Current mtime: Fri Oct 31 2025 14:10:23 GMT+0800 (China Standard Time)@eaafa23b-761a-47fb-98b8-f5d55a744646
debug: Inspect file:///D:/Pastil&Chill/assets/scripts/DatabaseManager.ts
debug: Resolve cc from file:///D:/Pastil&Chill/assets/scripts/DatabaseManager.ts as cce:/internal/x/cc.
debug: Resolve cc from file:///D:/Pastil&Chill/assets/scripts/DatabaseManager.ts as cce:/internal/x/cc.
debug: Resolve cc from file:///D:/Pastil&Chill/assets/scripts/DatabaseManager.ts as cce:/internal/x/cc.
debug: Target(editor) ends with cost 71.82300001382828ms.
debug: Target(preview) build started.
debug: Detected change: cce:/internal/x/prerequisite-imports. Last mtime: Thu Jan 01 1970 09:52:58 GMT+0800 (China Standard Time), Current mtime: Thu Jan 01 1970 09:55:19 GMT+0800 (China Standard Time)
debug: Inspect cce:/internal/x/prerequisite-imports
debug: Resolve file:///D:/Pastil&Chill/assets/scripts/DatabaseManager.ts from cce:/internal/x/prerequisite-imports as file:///D:/Pastil&Chill/assets/scripts/DatabaseManager.ts.
debug: Detected change: file:///D:/Pastil&Chill/assets/scripts/DatabaseManager.ts. Last mtime: Fri Oct 31 2025 14:08:04 GMT+0800 (China Standard Time)@eaafa23b-761a-47fb-98b8-f5d55a744646, Current mtime: Fri Oct 31 2025 14:10:23 GMT+0800 (China Standard Time)@eaafa23b-761a-47fb-98b8-f5d55a744646
debug: Inspect file:///D:/Pastil&Chill/assets/scripts/DatabaseManager.ts
debug: Resolve cc from file:///D:/Pastil&Chill/assets/scripts/DatabaseManager.ts as cce:/internal/x/cc.
debug: Resolve cc from file:///D:/Pastil&Chill/assets/scripts/DatabaseManager.ts as cce:/internal/x/cc.
debug: Resolve cc from file:///D:/Pastil&Chill/assets/scripts/DatabaseManager.ts as cce:/internal/x/cc.
debug: Target(preview) ends with cost 81.46840000152588ms.
debug: Dispatch build request for time accumulated 1 asset changes.
debug: Build iteration starts.
Number of accumulated asset changes: 1
Feature changed: false
debug: Target(editor) build started.
debug: Detected change: cce:/internal/x/prerequisite-imports. Last mtime: Thu Jan 01 1970 09:55:19 GMT+0800 (China Standard Time), Current mtime: Thu Jan 01 1970 09:56:41 GMT+0800 (China Standard Time)
debug: Inspect cce:/internal/x/prerequisite-imports
debug: Resolve file:///D:/Pastil&Chill/assets/scripts/DatabaseManager.ts from cce:/internal/x/prerequisite-imports as file:///D:/Pastil&Chill/assets/scripts/DatabaseManager.ts.
debug: Detected change: file:///D:/Pastil&Chill/assets/scripts/DatabaseManager.ts. Last mtime: Fri Oct 31 2025 14:10:23 GMT+0800 (China Standard Time)@eaafa23b-761a-47fb-98b8-f5d55a744646, Current mtime: Fri Oct 31 2025 14:11:46 GMT+0800 (China Standard Time)@eaafa23b-761a-47fb-98b8-f5d55a744646
debug: Inspect file:///D:/Pastil&Chill/assets/scripts/DatabaseManager.ts
debug: Resolve cc from file:///D:/Pastil&Chill/assets/scripts/DatabaseManager.ts as cce:/internal/x/cc.
debug: Resolve cc from file:///D:/Pastil&Chill/assets/scripts/DatabaseManager.ts as cce:/internal/x/cc.
debug: Resolve cc from file:///D:/Pastil&Chill/assets/scripts/DatabaseManager.ts as cce:/internal/x/cc.
debug: Target(editor) ends with cost 57.32850003242493ms.
debug: Target(preview) build started.
debug: Detected change: cce:/internal/x/prerequisite-imports. Last mtime: Thu Jan 01 1970 09:55:19 GMT+0800 (China Standard Time), Current mtime: Thu Jan 01 1970 09:56:41 GMT+0800 (China Standard Time)
debug: Inspect cce:/internal/x/prerequisite-imports
debug: Resolve file:///D:/Pastil&Chill/assets/scripts/DatabaseManager.ts from cce:/internal/x/prerequisite-imports as file:///D:/Pastil&Chill/assets/scripts/DatabaseManager.ts.
debug: Detected change: file:///D:/Pastil&Chill/assets/scripts/DatabaseManager.ts. Last mtime: Fri Oct 31 2025 14:10:23 GMT+0800 (China Standard Time)@eaafa23b-761a-47fb-98b8-f5d55a744646, Current mtime: Fri Oct 31 2025 14:11:46 GMT+0800 (China Standard Time)@eaafa23b-761a-47fb-98b8-f5d55a744646
debug: Inspect file:///D:/Pastil&Chill/assets/scripts/DatabaseManager.ts
debug: Resolve cc from file:///D:/Pastil&Chill/assets/scripts/DatabaseManager.ts as cce:/internal/x/cc.
debug: Resolve cc from file:///D:/Pastil&Chill/assets/scripts/DatabaseManager.ts as cce:/internal/x/cc.
debug: Resolve cc from file:///D:/Pastil&Chill/assets/scripts/DatabaseManager.ts as cce:/internal/x/cc.
debug: Target(preview) ends with cost 93.7451000213623ms.
debug: Dispatch build request for time accumulated 1 asset changes.
debug: Build iteration starts.
Number of accumulated asset changes: 1
Feature changed: false
debug: Target(editor) build started.
debug: Detected change: cce:/internal/x/prerequisite-imports. Last mtime: Thu Jan 01 1970 09:56:41 GMT+0800 (China Standard Time), Current mtime: Thu Jan 01 1970 09:57:18 GMT+0800 (China Standard Time)
debug: Inspect cce:/internal/x/prerequisite-imports
debug: Resolve file:///D:/Pastil&Chill/assets/scripts/DatabaseManager.ts from cce:/internal/x/prerequisite-imports as file:///D:/Pastil&Chill/assets/scripts/DatabaseManager.ts.
debug: Detected change: file:///D:/Pastil&Chill/assets/scripts/DatabaseManager.ts. Last mtime: Fri Oct 31 2025 14:11:46 GMT+0800 (China Standard Time)@eaafa23b-761a-47fb-98b8-f5d55a744646, Current mtime: Fri Oct 31 2025 14:12:21 GMT+0800 (China Standard Time)@eaafa23b-761a-47fb-98b8-f5d55a744646
debug: Inspect file:///D:/Pastil&Chill/assets/scripts/DatabaseManager.ts
debug: Resolve cc from file:///D:/Pastil&Chill/assets/scripts/DatabaseManager.ts as cce:/internal/x/cc.
debug: Resolve cc from file:///D:/Pastil&Chill/assets/scripts/DatabaseManager.ts as cce:/internal/x/cc.
debug: Resolve cc from file:///D:/Pastil&Chill/assets/scripts/DatabaseManager.ts as cce:/internal/x/cc.
debug: Target(editor) ends with cost 57.87159997224808ms.
debug: Target(preview) build started.
debug: Detected change: cce:/internal/x/prerequisite-imports. Last mtime: Thu Jan 01 1970 09:56:41 GMT+0800 (China Standard Time), Current mtime: Thu Jan 01 1970 09:57:18 GMT+0800 (China Standard Time)
debug: Inspect cce:/internal/x/prerequisite-imports
debug: Resolve file:///D:/Pastil&Chill/assets/scripts/DatabaseManager.ts from cce:/internal/x/prerequisite-imports as file:///D:/Pastil&Chill/assets/scripts/DatabaseManager.ts.
debug: Detected change: file:///D:/Pastil&Chill/assets/scripts/DatabaseManager.ts. Last mtime: Fri Oct 31 2025 14:11:46 GMT+0800 (China Standard Time)@eaafa23b-761a-47fb-98b8-f5d55a744646, Current mtime: Fri Oct 31 2025 14:12:21 GMT+0800 (China Standard Time)@eaafa23b-761a-47fb-98b8-f5d55a744646
debug: Inspect file:///D:/Pastil&Chill/assets/scripts/DatabaseManager.ts
debug: Resolve cc from file:///D:/Pastil&Chill/assets/scripts/DatabaseManager.ts as cce:/internal/x/cc.
debug: Resolve cc from file:///D:/Pastil&Chill/assets/scripts/DatabaseManager.ts as cce:/internal/x/cc.
debug: Resolve cc from file:///D:/Pastil&Chill/assets/scripts/DatabaseManager.ts as cce:/internal/x/cc.
debug: Target(preview) ends with cost 73.32910001277924ms.
debug: Dispatch build request for time accumulated 1 asset changes.
debug: Build iteration starts.
Number of accumulated asset changes: 1
Feature changed: false
debug: Target(editor) build started.
debug: Detected change: cce:/internal/x/prerequisite-imports. Last mtime: Thu Jan 01 1970 09:57:18 GMT+0800 (China Standard Time), Current mtime: Thu Jan 01 1970 09:58:25 GMT+0800 (China Standard Time)
debug: Inspect cce:/internal/x/prerequisite-imports
debug: Resolve file:///D:/Pastil&Chill/assets/scripts/DatabaseManager.ts from cce:/internal/x/prerequisite-imports as file:///D:/Pastil&Chill/assets/scripts/DatabaseManager.ts.
debug: Detected change: file:///D:/Pastil&Chill/assets/scripts/DatabaseManager.ts. Last mtime: Fri Oct 31 2025 14:12:21 GMT+0800 (China Standard Time)@eaafa23b-761a-47fb-98b8-f5d55a744646, Current mtime: Fri Oct 31 2025 14:13:29 GMT+0800 (China Standard Time)@eaafa23b-761a-47fb-98b8-f5d55a744646
debug: Inspect file:///D:/Pastil&Chill/assets/scripts/DatabaseManager.ts
debug: Resolve cc from file:///D:/Pastil&Chill/assets/scripts/DatabaseManager.ts as cce:/internal/x/cc.
debug: Resolve cc from file:///D:/Pastil&Chill/assets/scripts/DatabaseManager.ts as cce:/internal/x/cc.
debug: Resolve cc from file:///D:/Pastil&Chill/assets/scripts/DatabaseManager.ts as cce:/internal/x/cc.
debug: Target(editor) ends with cost 69.08129996061325ms.
debug: Target(preview) build started.
debug: Detected change: cce:/internal/x/prerequisite-imports. Last mtime: Thu Jan 01 1970 09:57:18 GMT+0800 (China Standard Time), Current mtime: Thu Jan 01 1970 09:58:25 GMT+0800 (China Standard Time)
debug: Inspect cce:/internal/x/prerequisite-imports
debug: Resolve file:///D:/Pastil&Chill/assets/scripts/DatabaseManager.ts from cce:/internal/x/prerequisite-imports as file:///D:/Pastil&Chill/assets/scripts/DatabaseManager.ts.
debug: Detected change: file:///D:/Pastil&Chill/assets/scripts/DatabaseManager.ts. Last mtime: Fri Oct 31 2025 14:12:21 GMT+0800 (China Standard Time)@eaafa23b-761a-47fb-98b8-f5d55a744646, Current mtime: Fri Oct 31 2025 14:13:29 GMT+0800 (China Standard Time)@eaafa23b-761a-47fb-98b8-f5d55a744646
debug: Inspect file:///D:/Pastil&Chill/assets/scripts/DatabaseManager.ts
debug: Resolve cc from file:///D:/Pastil&Chill/assets/scripts/DatabaseManager.ts as cce:/internal/x/cc.
debug: Resolve cc from file:///D:/Pastil&Chill/assets/scripts/DatabaseManager.ts as cce:/internal/x/cc.
debug: Resolve cc from file:///D:/Pastil&Chill/assets/scripts/DatabaseManager.ts as cce:/internal/x/cc.
debug: Target(preview) ends with cost 152.08550000190735ms.
debug: Dispatch build request for time accumulated 1 asset changes.
debug: Build iteration starts.
Number of accumulated asset changes: 1
Feature changed: false
debug: Target(editor) build started.
debug: Detected change: cce:/internal/x/prerequisite-imports. Last mtime: Thu Jan 01 1970 09:58:25 GMT+0800 (China Standard Time), Current mtime: Thu Jan 01 1970 09:59:19 GMT+0800 (China Standard Time)
debug: Inspect cce:/internal/x/prerequisite-imports
debug: Resolve file:///D:/Pastil&Chill/assets/scripts/DatabaseManager.ts from cce:/internal/x/prerequisite-imports as file:///D:/Pastil&Chill/assets/scripts/DatabaseManager.ts.
debug: Detected change: file:///D:/Pastil&Chill/assets/scripts/DatabaseManager.ts. Last mtime: Fri Oct 31 2025 14:13:29 GMT+0800 (China Standard Time)@eaafa23b-761a-47fb-98b8-f5d55a744646, Current mtime: Fri Oct 31 2025 14:14:23 GMT+0800 (China Standard Time)@eaafa23b-761a-47fb-98b8-f5d55a744646
debug: Inspect file:///D:/Pastil&Chill/assets/scripts/DatabaseManager.ts
debug: Resolve cc from file:///D:/Pastil&Chill/assets/scripts/DatabaseManager.ts as cce:/internal/x/cc.
debug: Resolve cc from file:///D:/Pastil&Chill/assets/scripts/DatabaseManager.ts as cce:/internal/x/cc.
debug: Resolve cc from file:///D:/Pastil&Chill/assets/scripts/DatabaseManager.ts as cce:/internal/x/cc.
debug: Target(editor) ends with cost 81.90789997577667ms.
debug: Target(preview) build started.
debug: Detected change: cce:/internal/x/prerequisite-imports. Last mtime: Thu Jan 01 1970 09:58:25 GMT+0800 (China Standard Time), Current mtime: Thu Jan 01 1970 09:59:19 GMT+0800 (China Standard Time)
debug: Inspect cce:/internal/x/prerequisite-imports
debug: Resolve file:///D:/Pastil&Chill/assets/scripts/DatabaseManager.ts from cce:/internal/x/prerequisite-imports as file:///D:/Pastil&Chill/assets/scripts/DatabaseManager.ts.
debug: Detected change: file:///D:/Pastil&Chill/assets/scripts/DatabaseManager.ts. Last mtime: Fri Oct 31 2025 14:13:29 GMT+0800 (China Standard Time)@eaafa23b-761a-47fb-98b8-f5d55a744646, Current mtime: Fri Oct 31 2025 14:14:23 GMT+0800 (China Standard Time)@eaafa23b-761a-47fb-98b8-f5d55a744646
debug: Inspect file:///D:/Pastil&Chill/assets/scripts/DatabaseManager.ts
debug: Resolve cc from file:///D:/Pastil&Chill/assets/scripts/DatabaseManager.ts as cce:/internal/x/cc.
debug: Resolve cc from file:///D:/Pastil&Chill/assets/scripts/DatabaseManager.ts as cce:/internal/x/cc.
debug: Resolve cc from file:///D:/Pastil&Chill/assets/scripts/DatabaseManager.ts as cce:/internal/x/cc.
debug: Target(preview) ends with cost 77.94499999284744ms.
debug: Dispatch build request for time accumulated 1 asset changes.
debug: Build iteration starts.
Number of accumulated asset changes: 1
Feature changed: false
debug: Target(editor) build started.
debug: Detected change: cce:/internal/x/prerequisite-imports. Last mtime: Thu Jan 01 1970 09:59:19 GMT+0800 (China Standard Time), Current mtime: Thu Jan 01 1970 09:59:37 GMT+0800 (China Standard Time)
debug: Inspect cce:/internal/x/prerequisite-imports
debug: Resolve file:///D:/Pastil&Chill/assets/scripts/DatabaseManager.ts from cce:/internal/x/prerequisite-imports as file:///D:/Pastil&Chill/assets/scripts/DatabaseManager.ts.
debug: Detected change: file:///D:/Pastil&Chill/assets/scripts/DatabaseManager.ts. Last mtime: Fri Oct 31 2025 14:14:23 GMT+0800 (China Standard Time)@eaafa23b-761a-47fb-98b8-f5d55a744646, Current mtime: Fri Oct 31 2025 14:14:39 GMT+0800 (China Standard Time)@eaafa23b-761a-47fb-98b8-f5d55a744646
debug: Inspect file:///D:/Pastil&Chill/assets/scripts/DatabaseManager.ts
debug: Resolve cc from file:///D:/Pastil&Chill/assets/scripts/DatabaseManager.ts as cce:/internal/x/cc.
debug: Resolve cc from file:///D:/Pastil&Chill/assets/scripts/DatabaseManager.ts as cce:/internal/x/cc.
debug: Resolve cc from file:///D:/Pastil&Chill/assets/scripts/DatabaseManager.ts as cce:/internal/x/cc.
debug: Target(editor) ends with cost 85.95460003614426ms.
debug: Target(preview) build started.
debug: Detected change: cce:/internal/x/prerequisite-imports. Last mtime: Thu Jan 01 1970 09:59:19 GMT+0800 (China Standard Time), Current mtime: Thu Jan 01 1970 09:59:37 GMT+0800 (China Standard Time)
debug: Inspect cce:/internal/x/prerequisite-imports
debug: Resolve file:///D:/Pastil&Chill/assets/scripts/DatabaseManager.ts from cce:/internal/x/prerequisite-imports as file:///D:/Pastil&Chill/assets/scripts/DatabaseManager.ts.
debug: Detected change: file:///D:/Pastil&Chill/assets/scripts/DatabaseManager.ts. Last mtime: Fri Oct 31 2025 14:14:23 GMT+0800 (China Standard Time)@eaafa23b-761a-47fb-98b8-f5d55a744646, Current mtime: Fri Oct 31 2025 14:14:39 GMT+0800 (China Standard Time)@eaafa23b-761a-47fb-98b8-f5d55a744646
debug: Inspect file:///D:/Pastil&Chill/assets/scripts/DatabaseManager.ts
debug: Resolve cc from file:///D:/Pastil&Chill/assets/scripts/DatabaseManager.ts as cce:/internal/x/cc.
debug: Resolve cc from file:///D:/Pastil&Chill/assets/scripts/DatabaseManager.ts as cce:/internal/x/cc.
debug: Resolve cc from file:///D:/Pastil&Chill/assets/scripts/DatabaseManager.ts as cce:/internal/x/cc.
debug: Target(preview) ends with cost 149.99779999256134ms.
debug: Dispatch build request for time accumulated 1 asset changes.
debug: Build iteration starts.
Number of accumulated asset changes: 1
Feature changed: false
debug: Target(editor) build started.
debug: Detected change: cce:/internal/x/prerequisite-imports. Last mtime: Thu Jan 01 1970 09:59:37 GMT+0800 (China Standard Time), Current mtime: Thu Jan 01 1970 09:59:45 GMT+0800 (China Standard Time)
debug: Inspect cce:/internal/x/prerequisite-imports
debug: Resolve file:///D:/Pastil&Chill/assets/scripts/DatabaseManager.ts from cce:/internal/x/prerequisite-imports as file:///D:/Pastil&Chill/assets/scripts/DatabaseManager.ts.
debug: Detected change: file:///D:/Pastil&Chill/assets/scripts/DatabaseManager.ts. Last mtime: Fri Oct 31 2025 14:14:39 GMT+0800 (China Standard Time)@eaafa23b-761a-47fb-98b8-f5d55a744646, Current mtime: Fri Oct 31 2025 14:14:49 GMT+0800 (China Standard Time)@eaafa23b-761a-47fb-98b8-f5d55a744646
debug: Inspect file:///D:/Pastil&Chill/assets/scripts/DatabaseManager.ts
debug: Resolve cc from file:///D:/Pastil&Chill/assets/scripts/DatabaseManager.ts as cce:/internal/x/cc.
debug: Resolve cc from file:///D:/Pastil&Chill/assets/scripts/DatabaseManager.ts as cce:/internal/x/cc.
debug: Resolve cc from file:///D:/Pastil&Chill/assets/scripts/DatabaseManager.ts as cce:/internal/x/cc.
debug: Target(editor) ends with cost 98.70579999685287ms.
debug: Target(preview) build started.
debug: Detected change: cce:/internal/x/prerequisite-imports. Last mtime: Thu Jan 01 1970 09:59:37 GMT+0800 (China Standard Time), Current mtime: Thu Jan 01 1970 09:59:45 GMT+0800 (China Standard Time)
debug: Inspect cce:/internal/x/prerequisite-imports
debug: Resolve file:///D:/Pastil&Chill/assets/scripts/DatabaseManager.ts from cce:/internal/x/prerequisite-imports as file:///D:/Pastil&Chill/assets/scripts/DatabaseManager.ts.
debug: Detected change: file:///D:/Pastil&Chill/assets/scripts/DatabaseManager.ts. Last mtime: Fri Oct 31 2025 14:14:39 GMT+0800 (China Standard Time)@eaafa23b-761a-47fb-98b8-f5d55a744646, Current mtime: Fri Oct 31 2025 14:14:49 GMT+0800 (China Standard Time)@eaafa23b-761a-47fb-98b8-f5d55a744646
debug: Inspect file:///D:/Pastil&Chill/assets/scripts/DatabaseManager.ts
debug: Resolve cc from file:///D:/Pastil&Chill/assets/scripts/DatabaseManager.ts as cce:/internal/x/cc.
debug: Resolve cc from file:///D:/Pastil&Chill/assets/scripts/DatabaseManager.ts as cce:/internal/x/cc.
debug: Resolve cc from file:///D:/Pastil&Chill/assets/scripts/DatabaseManager.ts as cce:/internal/x/cc.
debug: Target(preview) ends with cost 97.93819999694824ms.
debug: Dispatch build request for time accumulated 1 asset changes.
debug: Build iteration starts.
Number of accumulated asset changes: 1
Feature changed: false
debug: Target(editor) build started.
debug: Detected change: cce:/internal/x/prerequisite-imports. Last mtime: Thu Jan 01 1970 09:59:45 GMT+0800 (China Standard Time), Current mtime: Thu Jan 01 1970 10:02:41 GMT+0800 (China Standard Time)
debug: Inspect cce:/internal/x/prerequisite-imports
debug: Resolve file:///D:/Pastil&Chill/assets/scripts/DatabaseManager.ts from cce:/internal/x/prerequisite-imports as file:///D:/Pastil&Chill/assets/scripts/DatabaseManager.ts.
debug: Detected change: file:///D:/Pastil&Chill/assets/scripts/DatabaseManager.ts. Last mtime: Fri Oct 31 2025 14:14:49 GMT+0800 (China Standard Time)@eaafa23b-761a-47fb-98b8-f5d55a744646, Current mtime: Fri Oct 31 2025 14:17:46 GMT+0800 (China Standard Time)@eaafa23b-761a-47fb-98b8-f5d55a744646
debug: Inspect file:///D:/Pastil&Chill/assets/scripts/DatabaseManager.ts
debug: Resolve cc from file:///D:/Pastil&Chill/assets/scripts/DatabaseManager.ts as cce:/internal/x/cc.
debug: Resolve cc from file:///D:/Pastil&Chill/assets/scripts/DatabaseManager.ts as cce:/internal/x/cc.
debug: Resolve cc from file:///D:/Pastil&Chill/assets/scripts/DatabaseManager.ts as cce:/internal/x/cc.
debug: Target(editor) ends with cost 72.03329998254776ms.
debug: Target(preview) build started.
debug: Detected change: cce:/internal/x/prerequisite-imports. Last mtime: Thu Jan 01 1970 09:59:45 GMT+0800 (China Standard Time), Current mtime: Thu Jan 01 1970 10:02:41 GMT+0800 (China Standard Time)
debug: Inspect cce:/internal/x/prerequisite-imports
debug: Resolve file:///D:/Pastil&Chill/assets/scripts/DatabaseManager.ts from cce:/internal/x/prerequisite-imports as file:///D:/Pastil&Chill/assets/scripts/DatabaseManager.ts.
debug: Detected change: file:///D:/Pastil&Chill/assets/scripts/DatabaseManager.ts. Last mtime: Fri Oct 31 2025 14:14:49 GMT+0800 (China Standard Time)@eaafa23b-761a-47fb-98b8-f5d55a744646, Current mtime: Fri Oct 31 2025 14:17:46 GMT+0800 (China Standard Time)@eaafa23b-761a-47fb-98b8-f5d55a744646
debug: Inspect file:///D:/Pastil&Chill/assets/scripts/DatabaseManager.ts
debug: Resolve cc from file:///D:/Pastil&Chill/assets/scripts/DatabaseManager.ts as cce:/internal/x/cc.
debug: Resolve cc from file:///D:/Pastil&Chill/assets/scripts/DatabaseManager.ts as cce:/internal/x/cc.
debug: Resolve cc from file:///D:/Pastil&Chill/assets/scripts/DatabaseManager.ts as cce:/internal/x/cc.
debug: Target(preview) ends with cost 86.6032999753952ms.
debug: Dispatch build request for time accumulated 1 asset changes.
debug: Build iteration starts.
Number of accumulated asset changes: 1
Feature changed: false
debug: Target(editor) build started.
debug: Detected change: cce:/internal/x/prerequisite-imports. Last mtime: Thu Jan 01 1970 10:02:41 GMT+0800 (China Standard Time), Current mtime: Thu Jan 01 1970 10:03:11 GMT+0800 (China Standard Time)
debug: Inspect cce:/internal/x/prerequisite-imports
debug: Resolve file:///D:/Pastil&Chill/assets/scripts/DatabaseManager.ts from cce:/internal/x/prerequisite-imports as file:///D:/Pastil&Chill/assets/scripts/DatabaseManager.ts.
debug: Detected change: file:///D:/Pastil&Chill/assets/scripts/DatabaseManager.ts. Last mtime: Fri Oct 31 2025 14:17:46 GMT+0800 (China Standard Time)@eaafa23b-761a-47fb-98b8-f5d55a744646, Current mtime: Fri Oct 31 2025 14:18:16 GMT+0800 (China Standard Time)@eaafa23b-761a-47fb-98b8-f5d55a744646
debug: Inspect file:///D:/Pastil&Chill/assets/scripts/DatabaseManager.ts
debug: Resolve cc from file:///D:/Pastil&Chill/assets/scripts/DatabaseManager.ts as cce:/internal/x/cc.
debug: Resolve cc from file:///D:/Pastil&Chill/assets/scripts/DatabaseManager.ts as cce:/internal/x/cc.
debug: Resolve cc from file:///D:/Pastil&Chill/assets/scripts/DatabaseManager.ts as cce:/internal/x/cc.
debug: Target(editor) ends with cost 80.83929997682571ms.
debug: Target(preview) build started.
debug: Detected change: cce:/internal/x/prerequisite-imports. Last mtime: Thu Jan 01 1970 10:02:41 GMT+0800 (China Standard Time), Current mtime: Thu Jan 01 1970 10:03:11 GMT+0800 (China Standard Time)
debug: Inspect cce:/internal/x/prerequisite-imports
debug: Resolve file:///D:/Pastil&Chill/assets/scripts/DatabaseManager.ts from cce:/internal/x/prerequisite-imports as file:///D:/Pastil&Chill/assets/scripts/DatabaseManager.ts.
debug: Detected change: file:///D:/Pastil&Chill/assets/scripts/DatabaseManager.ts. Last mtime: Fri Oct 31 2025 14:17:46 GMT+0800 (China Standard Time)@eaafa23b-761a-47fb-98b8-f5d55a744646, Current mtime: Fri Oct 31 2025 14:18:16 GMT+0800 (China Standard Time)@eaafa23b-761a-47fb-98b8-f5d55a744646
debug: Inspect file:///D:/Pastil&Chill/assets/scripts/DatabaseManager.ts
debug: Resolve cc from file:///D:/Pastil&Chill/assets/scripts/DatabaseManager.ts as cce:/internal/x/cc.
debug: Resolve cc from file:///D:/Pastil&Chill/assets/scripts/DatabaseManager.ts as cce:/internal/x/cc.
debug: Resolve cc from file:///D:/Pastil&Chill/assets/scripts/DatabaseManager.ts as cce:/internal/x/cc.
debug: Target(preview) ends with cost 87.88120001554489ms.
debug: Dispatch build request for time accumulated 1 asset changes.
debug: Build iteration starts.
Number of accumulated asset changes: 1
Feature changed: false
debug: Target(editor) build started.
debug: Detected change: cce:/internal/x/prerequisite-imports. Last mtime: Thu Jan 01 1970 10:03:11 GMT+0800 (China Standard Time), Current mtime: Thu Jan 01 1970 10:03:55 GMT+0800 (China Standard Time)
debug: Inspect cce:/internal/x/prerequisite-imports
debug: Resolve file:///D:/Pastil&Chill/assets/scripts/DatabaseManager.ts from cce:/internal/x/prerequisite-imports as file:///D:/Pastil&Chill/assets/scripts/DatabaseManager.ts.
debug: Detected change: file:///D:/Pastil&Chill/assets/scripts/DatabaseManager.ts. Last mtime: Fri Oct 31 2025 14:18:16 GMT+0800 (China Standard Time)@eaafa23b-761a-47fb-98b8-f5d55a744646, Current mtime: Fri Oct 31 2025 14:18:59 GMT+0800 (China Standard Time)@eaafa23b-761a-47fb-98b8-f5d55a744646
debug: Inspect file:///D:/Pastil&Chill/assets/scripts/DatabaseManager.ts
debug: Resolve cc from file:///D:/Pastil&Chill/assets/scripts/DatabaseManager.ts as cce:/internal/x/cc.
debug: Resolve cc from file:///D:/Pastil&Chill/assets/scripts/DatabaseManager.ts as cce:/internal/x/cc.
debug: Resolve cc from file:///D:/Pastil&Chill/assets/scripts/DatabaseManager.ts as cce:/internal/x/cc.
debug: Target(editor) ends with cost 67.97040003538132ms.
debug: Target(preview) build started.
debug: Detected change: cce:/internal/x/prerequisite-imports. Last mtime: Thu Jan 01 1970 10:03:11 GMT+0800 (China Standard Time), Current mtime: Thu Jan 01 1970 10:03:55 GMT+0800 (China Standard Time)
debug: Inspect cce:/internal/x/prerequisite-imports
debug: Resolve file:///D:/Pastil&Chill/assets/scripts/DatabaseManager.ts from cce:/internal/x/prerequisite-imports as file:///D:/Pastil&Chill/assets/scripts/DatabaseManager.ts.
debug: Detected change: file:///D:/Pastil&Chill/assets/scripts/DatabaseManager.ts. Last mtime: Fri Oct 31 2025 14:18:16 GMT+0800 (China Standard Time)@eaafa23b-761a-47fb-98b8-f5d55a744646, Current mtime: Fri Oct 31 2025 14:18:59 GMT+0800 (China Standard Time)@eaafa23b-761a-47fb-98b8-f5d55a744646
debug: Inspect file:///D:/Pastil&Chill/assets/scripts/DatabaseManager.ts
debug: Resolve cc from file:///D:/Pastil&Chill/assets/scripts/DatabaseManager.ts as cce:/internal/x/cc.
debug: Resolve cc from file:///D:/Pastil&Chill/assets/scripts/DatabaseManager.ts as cce:/internal/x/cc.
debug: Resolve cc from file:///D:/Pastil&Chill/assets/scripts/DatabaseManager.ts as cce:/internal/x/cc.
debug: Target(preview) ends with cost 78.75369995832443ms.
debug: Dispatch build request for time accumulated 1 asset changes.
debug: Build iteration starts.
Number of accumulated asset changes: 1
Feature changed: false
debug: Target(editor) build started.
debug: Detected change: cce:/internal/x/prerequisite-imports. Last mtime: Thu Jan 01 1970 10:03:55 GMT+0800 (China Standard Time), Current mtime: Thu Jan 01 1970 10:04:03 GMT+0800 (China Standard Time)
debug: Inspect cce:/internal/x/prerequisite-imports
debug: Resolve file:///D:/Pastil&Chill/assets/scripts/DatabaseManager.ts from cce:/internal/x/prerequisite-imports as file:///D:/Pastil&Chill/assets/scripts/DatabaseManager.ts.
debug: Detected change: file:///D:/Pastil&Chill/assets/scripts/DatabaseManager.ts. Last mtime: Fri Oct 31 2025 14:18:59 GMT+0800 (China Standard Time)@eaafa23b-761a-47fb-98b8-f5d55a744646, Current mtime: Fri Oct 31 2025 14:19:06 GMT+0800 (China Standard Time)@eaafa23b-761a-47fb-98b8-f5d55a744646
debug: Inspect file:///D:/Pastil&Chill/assets/scripts/DatabaseManager.ts
debug: Resolve cc from file:///D:/Pastil&Chill/assets/scripts/DatabaseManager.ts as cce:/internal/x/cc.
debug: Resolve cc from file:///D:/Pastil&Chill/assets/scripts/DatabaseManager.ts as cce:/internal/x/cc.
debug: Resolve cc from file:///D:/Pastil&Chill/assets/scripts/DatabaseManager.ts as cce:/internal/x/cc.
debug: Target(editor) ends with cost 73.61500000953674ms.
debug: Target(preview) build started.
debug: Detected change: cce:/internal/x/prerequisite-imports. Last mtime: Thu Jan 01 1970 10:03:55 GMT+0800 (China Standard Time), Current mtime: Thu Jan 01 1970 10:04:03 GMT+0800 (China Standard Time)
debug: Inspect cce:/internal/x/prerequisite-imports
debug: Resolve file:///D:/Pastil&Chill/assets/scripts/DatabaseManager.ts from cce:/internal/x/prerequisite-imports as file:///D:/Pastil&Chill/assets/scripts/DatabaseManager.ts.
debug: Detected change: file:///D:/Pastil&Chill/assets/scripts/DatabaseManager.ts. Last mtime: Fri Oct 31 2025 14:18:59 GMT+0800 (China Standard Time)@eaafa23b-761a-47fb-98b8-f5d55a744646, Current mtime: Fri Oct 31 2025 14:19:06 GMT+0800 (China Standard Time)@eaafa23b-761a-47fb-98b8-f5d55a744646
debug: Inspect file:///D:/Pastil&Chill/assets/scripts/DatabaseManager.ts
debug: Resolve cc from file:///D:/Pastil&Chill/assets/scripts/DatabaseManager.ts as cce:/internal/x/cc.
debug: Resolve cc from file:///D:/Pastil&Chill/assets/scripts/DatabaseManager.ts as cce:/internal/x/cc.
debug: Resolve cc from file:///D:/Pastil&Chill/assets/scripts/DatabaseManager.ts as cce:/internal/x/cc.
debug: Target(preview) ends with cost 159.81560003757477ms.
debug: Dispatch build request for time accumulated 1 asset changes.
debug: Build iteration starts.
Number of accumulated asset changes: 1
Feature changed: false
debug: Target(editor) build started.
debug: Detected change: cce:/internal/x/prerequisite-imports. Last mtime: Thu Jan 01 1970 10:04:03 GMT+0800 (China Standard Time), Current mtime: Thu Jan 01 1970 10:04:59 GMT+0800 (China Standard Time)
debug: Inspect cce:/internal/x/prerequisite-imports
debug: Resolve file:///D:/Pastil&Chill/assets/scripts/DatabaseManager.ts from cce:/internal/x/prerequisite-imports as file:///D:/Pastil&Chill/assets/scripts/DatabaseManager.ts.
debug: Detected change: file:///D:/Pastil&Chill/assets/scripts/DatabaseManager.ts. Last mtime: Fri Oct 31 2025 14:19:06 GMT+0800 (China Standard Time)@eaafa23b-761a-47fb-98b8-f5d55a744646, Current mtime: Fri Oct 31 2025 14:20:03 GMT+0800 (China Standard Time)@eaafa23b-761a-47fb-98b8-f5d55a744646
debug: Inspect file:///D:/Pastil&Chill/assets/scripts/DatabaseManager.ts
debug: Resolve cc from file:///D:/Pastil&Chill/assets/scripts/DatabaseManager.ts as cce:/internal/x/cc.
debug: Resolve cc from file:///D:/Pastil&Chill/assets/scripts/DatabaseManager.ts as cce:/internal/x/cc.
debug: Resolve cc from file:///D:/Pastil&Chill/assets/scripts/DatabaseManager.ts as cce:/internal/x/cc.
debug: Target(editor) ends with cost 113.96519994735718ms.
debug: Target(preview) build started.
debug: Detected change: cce:/internal/x/prerequisite-imports. Last mtime: Thu Jan 01 1970 10:04:03 GMT+0800 (China Standard Time), Current mtime: Thu Jan 01 1970 10:04:59 GMT+0800 (China Standard Time)
debug: Inspect cce:/internal/x/prerequisite-imports
debug: Resolve file:///D:/Pastil&Chill/assets/scripts/DatabaseManager.ts from cce:/internal/x/prerequisite-imports as file:///D:/Pastil&Chill/assets/scripts/DatabaseManager.ts.
debug: Detected change: file:///D:/Pastil&Chill/assets/scripts/DatabaseManager.ts. Last mtime: Fri Oct 31 2025 14:19:06 GMT+0800 (China Standard Time)@eaafa23b-761a-47fb-98b8-f5d55a744646, Current mtime: Fri Oct 31 2025 14:20:03 GMT+0800 (China Standard Time)@eaafa23b-761a-47fb-98b8-f5d55a744646
debug: Inspect file:///D:/Pastil&Chill/assets/scripts/DatabaseManager.ts
debug: Resolve cc from file:///D:/Pastil&Chill/assets/scripts/DatabaseManager.ts as cce:/internal/x/cc.
debug: Resolve cc from file:///D:/Pastil&Chill/assets/scripts/DatabaseManager.ts as cce:/internal/x/cc.
debug: Resolve cc from file:///D:/Pastil&Chill/assets/scripts/DatabaseManager.ts as cce:/internal/x/cc.
debug: Target(preview) ends with cost 180.6405000090599ms.
debug: Dispatch build request for time accumulated 1 asset changes.
debug: Build iteration starts.
Number of accumulated asset changes: 1
Feature changed: false
debug: Target(editor) build started.
debug: Detected change: cce:/internal/x/prerequisite-imports. Last mtime: Thu Jan 01 1970 10:04:59 GMT+0800 (China Standard Time), Current mtime: Thu Jan 01 1970 10:05:20 GMT+0800 (China Standard Time)
debug: Inspect cce:/internal/x/prerequisite-imports
debug: Resolve file:///D:/Pastil&Chill/assets/scripts/DatabaseManager.ts from cce:/internal/x/prerequisite-imports as file:///D:/Pastil&Chill/assets/scripts/DatabaseManager.ts.
debug: Detected change: file:///D:/Pastil&Chill/assets/scripts/DatabaseManager.ts. Last mtime: Fri Oct 31 2025 14:20:03 GMT+0800 (China Standard Time)@eaafa23b-761a-47fb-98b8-f5d55a744646, Current mtime: Fri Oct 31 2025 14:20:25 GMT+0800 (China Standard Time)@eaafa23b-761a-47fb-98b8-f5d55a744646
debug: Inspect file:///D:/Pastil&Chill/assets/scripts/DatabaseManager.ts
debug: Resolve cc from file:///D:/Pastil&Chill/assets/scripts/DatabaseManager.ts as cce:/internal/x/cc.
debug: Resolve cc from file:///D:/Pastil&Chill/assets/scripts/DatabaseManager.ts as cce:/internal/x/cc.
debug: Resolve cc from file:///D:/Pastil&Chill/assets/scripts/DatabaseManager.ts as cce:/internal/x/cc.
debug: Target(editor) ends with cost 84.70200002193451ms.
debug: Target(preview) build started.
debug: Detected change: cce:/internal/x/prerequisite-imports. Last mtime: Thu Jan 01 1970 10:04:59 GMT+0800 (China Standard Time), Current mtime: Thu Jan 01 1970 10:05:21 GMT+0800 (China Standard Time)
debug: Inspect cce:/internal/x/prerequisite-imports
debug: Resolve file:///D:/Pastil&Chill/assets/scripts/DatabaseManager.ts from cce:/internal/x/prerequisite-imports as file:///D:/Pastil&Chill/assets/scripts/DatabaseManager.ts.
debug: Detected change: file:///D:/Pastil&Chill/assets/scripts/DatabaseManager.ts. Last mtime: Fri Oct 31 2025 14:20:03 GMT+0800 (China Standard Time)@eaafa23b-761a-47fb-98b8-f5d55a744646, Current mtime: Fri Oct 31 2025 14:20:25 GMT+0800 (China Standard Time)@eaafa23b-761a-47fb-98b8-f5d55a744646
debug: Inspect file:///D:/Pastil&Chill/assets/scripts/DatabaseManager.ts
debug: Resolve cc from file:///D:/Pastil&Chill/assets/scripts/DatabaseManager.ts as cce:/internal/x/cc.
debug: Resolve cc from file:///D:/Pastil&Chill/assets/scripts/DatabaseManager.ts as cce:/internal/x/cc.
debug: Resolve cc from file:///D:/Pastil&Chill/assets/scripts/DatabaseManager.ts as cce:/internal/x/cc.
debug: Target(preview) ends with cost 121.98280000686646ms.
debug: Dispatch build request for time accumulated 1 asset changes.
debug: Build iteration starts.
Number of accumulated asset changes: 1
Feature changed: false
debug: Target(editor) build started.
debug: Detected change: cce:/internal/x/prerequisite-imports. Last mtime: Thu Jan 01 1970 10:05:20 GMT+0800 (China Standard Time), Current mtime: Thu Jan 01 1970 10:05:30 GMT+0800 (China Standard Time)
debug: Inspect cce:/internal/x/prerequisite-imports
debug: Resolve file:///D:/Pastil&Chill/assets/scripts/DatabaseManager.ts from cce:/internal/x/prerequisite-imports as file:///D:/Pastil&Chill/assets/scripts/DatabaseManager.ts.
debug: Detected change: file:///D:/Pastil&Chill/assets/scripts/DatabaseManager.ts. Last mtime: Fri Oct 31 2025 14:20:25 GMT+0800 (China Standard Time)@eaafa23b-761a-47fb-98b8-f5d55a744646, Current mtime: Fri Oct 31 2025 14:20:35 GMT+0800 (China Standard Time)@eaafa23b-761a-47fb-98b8-f5d55a744646
debug: Inspect file:///D:/Pastil&Chill/assets/scripts/DatabaseManager.ts
debug: Resolve cc from file:///D:/Pastil&Chill/assets/scripts/DatabaseManager.ts as cce:/internal/x/cc.
debug: Resolve cc from file:///D:/Pastil&Chill/assets/scripts/DatabaseManager.ts as cce:/internal/x/cc.
debug: Resolve cc from file:///D:/Pastil&Chill/assets/scripts/DatabaseManager.ts as cce:/internal/x/cc.
debug: Target(editor) ends with cost 104.19769996404648ms.
debug: Target(preview) build started.
debug: Detected change: cce:/internal/x/prerequisite-imports. Last mtime: Thu Jan 01 1970 10:05:21 GMT+0800 (China Standard Time), Current mtime: Thu Jan 01 1970 10:05:31 GMT+0800 (China Standard Time)
debug: Inspect cce:/internal/x/prerequisite-imports
debug: Resolve file:///D:/Pastil&Chill/assets/scripts/DatabaseManager.ts from cce:/internal/x/prerequisite-imports as file:///D:/Pastil&Chill/assets/scripts/DatabaseManager.ts.
debug: Detected change: file:///D:/Pastil&Chill/assets/scripts/DatabaseManager.ts. Last mtime: Fri Oct 31 2025 14:20:25 GMT+0800 (China Standard Time)@eaafa23b-761a-47fb-98b8-f5d55a744646, Current mtime: Fri Oct 31 2025 14:20:35 GMT+0800 (China Standard Time)@eaafa23b-761a-47fb-98b8-f5d55a744646
debug: Inspect file:///D:/Pastil&Chill/assets/scripts/DatabaseManager.ts
debug: Resolve cc from file:///D:/Pastil&Chill/assets/scripts/DatabaseManager.ts as cce:/internal/x/cc.
debug: Resolve cc from file:///D:/Pastil&Chill/assets/scripts/DatabaseManager.ts as cce:/internal/x/cc.
debug: Resolve cc from file:///D:/Pastil&Chill/assets/scripts/DatabaseManager.ts as cce:/internal/x/cc.
debug: Target(preview) ends with cost 68.98280000686646ms.
debug: Dispatch build request for time accumulated 1 asset changes.
debug: Build iteration starts.
Number of accumulated asset changes: 1
Feature changed: false
debug: Target(editor) build started.
debug: Detected change: cce:/internal/x/prerequisite-imports. Last mtime: Thu Jan 01 1970 10:05:30 GMT+0800 (China Standard Time), Current mtime: Thu Jan 01 1970 10:05:41 GMT+0800 (China Standard Time)
debug: Inspect cce:/internal/x/prerequisite-imports
debug: Resolve file:///D:/Pastil&Chill/assets/scripts/DatabaseManager.ts from cce:/internal/x/prerequisite-imports as file:///D:/Pastil&Chill/assets/scripts/DatabaseManager.ts.
debug: Detected change: file:///D:/Pastil&Chill/assets/scripts/DatabaseManager.ts. Last mtime: Fri Oct 31 2025 14:20:35 GMT+0800 (China Standard Time)@eaafa23b-761a-47fb-98b8-f5d55a744646, Current mtime: Fri Oct 31 2025 14:20:45 GMT+0800 (China Standard Time)@eaafa23b-761a-47fb-98b8-f5d55a744646
debug: Inspect file:///D:/Pastil&Chill/assets/scripts/DatabaseManager.ts
debug: Resolve cc from file:///D:/Pastil&Chill/assets/scripts/DatabaseManager.ts as cce:/internal/x/cc.
debug: Resolve cc from file:///D:/Pastil&Chill/assets/scripts/DatabaseManager.ts as cce:/internal/x/cc.
debug: Resolve cc from file:///D:/Pastil&Chill/assets/scripts/DatabaseManager.ts as cce:/internal/x/cc.
debug: Target(editor) ends with cost 78.02199995517731ms.
debug: Target(preview) build started.
debug: Detected change: cce:/internal/x/prerequisite-imports. Last mtime: Thu Jan 01 1970 10:05:31 GMT+0800 (China Standard Time), Current mtime: Thu Jan 01 1970 10:05:41 GMT+0800 (China Standard Time)
debug: Inspect cce:/internal/x/prerequisite-imports
debug: Resolve file:///D:/Pastil&Chill/assets/scripts/DatabaseManager.ts from cce:/internal/x/prerequisite-imports as file:///D:/Pastil&Chill/assets/scripts/DatabaseManager.ts.
debug: Detected change: file:///D:/Pastil&Chill/assets/scripts/DatabaseManager.ts. Last mtime: Fri Oct 31 2025 14:20:35 GMT+0800 (China Standard Time)@eaafa23b-761a-47fb-98b8-f5d55a744646, Current mtime: Fri Oct 31 2025 14:20:45 GMT+0800 (China Standard Time)@eaafa23b-761a-47fb-98b8-f5d55a744646
debug: Inspect file:///D:/Pastil&Chill/assets/scripts/DatabaseManager.ts
debug: Resolve cc from file:///D:/Pastil&Chill/assets/scripts/DatabaseManager.ts as cce:/internal/x/cc.
debug: Resolve cc from file:///D:/Pastil&Chill/assets/scripts/DatabaseManager.ts as cce:/internal/x/cc.
debug: Resolve cc from file:///D:/Pastil&Chill/assets/scripts/DatabaseManager.ts as cce:/internal/x/cc.
debug: Target(preview) ends with cost 127.6618999838829ms.
debug: Dispatch build request for time accumulated 1 asset changes.
debug: Build iteration starts.
Number of accumulated asset changes: 1
Feature changed: false
debug: Target(editor) build started.
debug: Detected change: cce:/internal/x/prerequisite-imports. Last mtime: Thu Jan 01 1970 10:05:41 GMT+0800 (China Standard Time), Current mtime: Thu Jan 01 1970 10:06:16 GMT+0800 (China Standard Time)
debug: Inspect cce:/internal/x/prerequisite-imports
debug: Resolve file:///D:/Pastil&Chill/assets/scripts/DatabaseManager.ts from cce:/internal/x/prerequisite-imports as file:///D:/Pastil&Chill/assets/scripts/DatabaseManager.ts.
debug: Detected change: file:///D:/Pastil&Chill/assets/scripts/DatabaseManager.ts. Last mtime: Fri Oct 31 2025 14:20:45 GMT+0800 (China Standard Time)@eaafa23b-761a-47fb-98b8-f5d55a744646, Current mtime: Fri Oct 31 2025 14:21:21 GMT+0800 (China Standard Time)@eaafa23b-761a-47fb-98b8-f5d55a744646
debug: Inspect file:///D:/Pastil&Chill/assets/scripts/DatabaseManager.ts
debug: Resolve cc from file:///D:/Pastil&Chill/assets/scripts/DatabaseManager.ts as cce:/internal/x/cc.
debug: Resolve cc from file:///D:/Pastil&Chill/assets/scripts/DatabaseManager.ts as cce:/internal/x/cc.
debug: Resolve cc from file:///D:/Pastil&Chill/assets/scripts/DatabaseManager.ts as cce:/internal/x/cc.
debug: Target(editor) ends with cost 65.80799996852875ms.
debug: Target(preview) build started.
debug: Detected change: cce:/internal/x/prerequisite-imports. Last mtime: Thu Jan 01 1970 10:05:41 GMT+0800 (China Standard Time), Current mtime: Thu Jan 01 1970 10:06:16 GMT+0800 (China Standard Time)
debug: Inspect cce:/internal/x/prerequisite-imports
debug: Resolve file:///D:/Pastil&Chill/assets/scripts/DatabaseManager.ts from cce:/internal/x/prerequisite-imports as file:///D:/Pastil&Chill/assets/scripts/DatabaseManager.ts.
debug: Detected change: file:///D:/Pastil&Chill/assets/scripts/DatabaseManager.ts. Last mtime: Fri Oct 31 2025 14:20:45 GMT+0800 (China Standard Time)@eaafa23b-761a-47fb-98b8-f5d55a744646, Current mtime: Fri Oct 31 2025 14:21:21 GMT+0800 (China Standard Time)@eaafa23b-761a-47fb-98b8-f5d55a744646
debug: Inspect file:///D:/Pastil&Chill/assets/scripts/DatabaseManager.ts
debug: Resolve cc from file:///D:/Pastil&Chill/assets/scripts/DatabaseManager.ts as cce:/internal/x/cc.
debug: Resolve cc from file:///D:/Pastil&Chill/assets/scripts/DatabaseManager.ts as cce:/internal/x/cc.
debug: Resolve cc from file:///D:/Pastil&Chill/assets/scripts/DatabaseManager.ts as cce:/internal/x/cc.
debug: Target(preview) ends with cost 79.29070001840591ms.
debug: Dispatch build request for time accumulated 1 asset changes.
debug: Build iteration starts.
Number of accumulated asset changes: 1
Feature changed: false
debug: Target(editor) build started.
debug: Detected change: cce:/internal/x/prerequisite-imports. Last mtime: Thu Jan 01 1970 10:06:16 GMT+0800 (China Standard Time), Current mtime: Thu Jan 01 1970 10:07:05 GMT+0800 (China Standard Time)
debug: Inspect cce:/internal/x/prerequisite-imports
debug: Resolve file:///D:/Pastil&Chill/assets/scripts/DatabaseManager.ts from cce:/internal/x/prerequisite-imports as file:///D:/Pastil&Chill/assets/scripts/DatabaseManager.ts.
debug: Detected change: file:///D:/Pastil&Chill/assets/scripts/DatabaseManager.ts. Last mtime: Fri Oct 31 2025 14:21:21 GMT+0800 (China Standard Time)@eaafa23b-761a-47fb-98b8-f5d55a744646, Current mtime: Fri Oct 31 2025 14:22:10 GMT+0800 (China Standard Time)@eaafa23b-761a-47fb-98b8-f5d55a744646
debug: Inspect file:///D:/Pastil&Chill/assets/scripts/DatabaseManager.ts
debug: Resolve cc from file:///D:/Pastil&Chill/assets/scripts/DatabaseManager.ts as cce:/internal/x/cc.
debug: Resolve cc from file:///D:/Pastil&Chill/assets/scripts/DatabaseManager.ts as cce:/internal/x/cc.
debug: Resolve cc from file:///D:/Pastil&Chill/assets/scripts/DatabaseManager.ts as cce:/internal/x/cc.
debug: Target(editor) ends with cost 76.14569997787476ms.
debug: Target(preview) build started.
debug: Detected change: cce:/internal/x/prerequisite-imports. Last mtime: Thu Jan 01 1970 10:06:16 GMT+0800 (China Standard Time), Current mtime: Thu Jan 01 1970 10:07:06 GMT+0800 (China Standard Time)
debug: Inspect cce:/internal/x/prerequisite-imports
debug: Resolve file:///D:/Pastil&Chill/assets/scripts/DatabaseManager.ts from cce:/internal/x/prerequisite-imports as file:///D:/Pastil&Chill/assets/scripts/DatabaseManager.ts.
debug: Detected change: file:///D:/Pastil&Chill/assets/scripts/DatabaseManager.ts. Last mtime: Fri Oct 31 2025 14:21:21 GMT+0800 (China Standard Time)@eaafa23b-761a-47fb-98b8-f5d55a744646, Current mtime: Fri Oct 31 2025 14:22:10 GMT+0800 (China Standard Time)@eaafa23b-761a-47fb-98b8-f5d55a744646
debug: Inspect file:///D:/Pastil&Chill/assets/scripts/DatabaseManager.ts
debug: Resolve cc from file:///D:/Pastil&Chill/assets/scripts/DatabaseManager.ts as cce:/internal/x/cc.
debug: Resolve cc from file:///D:/Pastil&Chill/assets/scripts/DatabaseManager.ts as cce:/internal/x/cc.
debug: Resolve cc from file:///D:/Pastil&Chill/assets/scripts/DatabaseManager.ts as cce:/internal/x/cc.
debug: Target(preview) ends with cost 121.96090000867844ms.
debug: Dispatch build request for time accumulated 1 asset changes.
debug: Build iteration starts.
Number of accumulated asset changes: 1
Feature changed: false
debug: Target(editor) build started.
debug: Detected change: cce:/internal/x/prerequisite-imports. Last mtime: Thu Jan 01 1970 10:07:05 GMT+0800 (China Standard Time), Current mtime: Thu Jan 01 1970 10:07:31 GMT+0800 (China Standard Time)
debug: Inspect cce:/internal/x/prerequisite-imports
debug: Resolve file:///D:/Pastil&Chill/assets/scripts/DatabaseManager.ts from cce:/internal/x/prerequisite-imports as file:///D:/Pastil&Chill/assets/scripts/DatabaseManager.ts.
debug: Detected change: file:///D:/Pastil&Chill/assets/scripts/DatabaseManager.ts. Last mtime: Fri Oct 31 2025 14:22:10 GMT+0800 (China Standard Time)@eaafa23b-761a-47fb-98b8-f5d55a744646, Current mtime: Fri Oct 31 2025 14:22:35 GMT+0800 (China Standard Time)@eaafa23b-761a-47fb-98b8-f5d55a744646
debug: Inspect file:///D:/Pastil&Chill/assets/scripts/DatabaseManager.ts
debug: Resolve cc from file:///D:/Pastil&Chill/assets/scripts/DatabaseManager.ts as cce:/internal/x/cc.
debug: Resolve cc from file:///D:/Pastil&Chill/assets/scripts/DatabaseManager.ts as cce:/internal/x/cc.
debug: Resolve cc from file:///D:/Pastil&Chill/assets/scripts/DatabaseManager.ts as cce:/internal/x/cc.
debug: Target(editor) ends with cost 82.91780000925064ms.
debug: Target(preview) build started.
debug: Detected change: cce:/internal/x/prerequisite-imports. Last mtime: Thu Jan 01 1970 10:07:06 GMT+0800 (China Standard Time), Current mtime: Thu Jan 01 1970 10:07:31 GMT+0800 (China Standard Time)
debug: Inspect cce:/internal/x/prerequisite-imports
debug: Resolve file:///D:/Pastil&Chill/assets/scripts/DatabaseManager.ts from cce:/internal/x/prerequisite-imports as file:///D:/Pastil&Chill/assets/scripts/DatabaseManager.ts.
debug: Detected change: file:///D:/Pastil&Chill/assets/scripts/DatabaseManager.ts. Last mtime: Fri Oct 31 2025 14:22:10 GMT+0800 (China Standard Time)@eaafa23b-761a-47fb-98b8-f5d55a744646, Current mtime: Fri Oct 31 2025 14:22:35 GMT+0800 (China Standard Time)@eaafa23b-761a-47fb-98b8-f5d55a744646
debug: Inspect file:///D:/Pastil&Chill/assets/scripts/DatabaseManager.ts
debug: Resolve cc from file:///D:/Pastil&Chill/assets/scripts/DatabaseManager.ts as cce:/internal/x/cc.
debug: Resolve cc from file:///D:/Pastil&Chill/assets/scripts/DatabaseManager.ts as cce:/internal/x/cc.
debug: Resolve cc from file:///D:/Pastil&Chill/assets/scripts/DatabaseManager.ts as cce:/internal/x/cc.
debug: Target(preview) ends with cost 85.27639997005463ms.
debug: Dispatch build request for time accumulated 1 asset changes.
debug: Build iteration starts.
Number of accumulated asset changes: 1
Feature changed: false
debug: Target(editor) build started.
debug: Detected change: cce:/internal/x/prerequisite-imports. Last mtime: Thu Jan 01 1970 10:07:31 GMT+0800 (China Standard Time), Current mtime: Thu Jan 01 1970 10:07:48 GMT+0800 (China Standard Time)
debug: Inspect cce:/internal/x/prerequisite-imports
debug: Resolve file:///D:/Pastil&Chill/assets/scripts/DatabaseManager.ts from cce:/internal/x/prerequisite-imports as file:///D:/Pastil&Chill/assets/scripts/DatabaseManager.ts.
debug: Detected change: file:///D:/Pastil&Chill/assets/scripts/DatabaseManager.ts. Last mtime: Fri Oct 31 2025 14:22:35 GMT+0800 (China Standard Time)@eaafa23b-761a-47fb-98b8-f5d55a744646, Current mtime: Fri Oct 31 2025 14:22:53 GMT+0800 (China Standard Time)@eaafa23b-761a-47fb-98b8-f5d55a744646
debug: Inspect file:///D:/Pastil&Chill/assets/scripts/DatabaseManager.ts
debug: Resolve cc from file:///D:/Pastil&Chill/assets/scripts/DatabaseManager.ts as cce:/internal/x/cc.
debug: Resolve cc from file:///D:/Pastil&Chill/assets/scripts/DatabaseManager.ts as cce:/internal/x/cc.
debug: Resolve cc from file:///D:/Pastil&Chill/assets/scripts/DatabaseManager.ts as cce:/internal/x/cc.
debug: Target(editor) ends with cost 109.22680002450943ms.
debug: Target(preview) build started.
debug: Detected change: cce:/internal/x/prerequisite-imports. Last mtime: Thu Jan 01 1970 10:07:31 GMT+0800 (China Standard Time), Current mtime: Thu Jan 01 1970 10:07:48 GMT+0800 (China Standard Time)
debug: Inspect cce:/internal/x/prerequisite-imports
debug: Resolve file:///D:/Pastil&Chill/assets/scripts/DatabaseManager.ts from cce:/internal/x/prerequisite-imports as file:///D:/Pastil&Chill/assets/scripts/DatabaseManager.ts.
debug: Detected change: file:///D:/Pastil&Chill/assets/scripts/DatabaseManager.ts. Last mtime: Fri Oct 31 2025 14:22:35 GMT+0800 (China Standard Time)@eaafa23b-761a-47fb-98b8-f5d55a744646, Current mtime: Fri Oct 31 2025 14:22:53 GMT+0800 (China Standard Time)@eaafa23b-761a-47fb-98b8-f5d55a744646
debug: Inspect file:///D:/Pastil&Chill/assets/scripts/DatabaseManager.ts
debug: Resolve cc from file:///D:/Pastil&Chill/assets/scripts/DatabaseManager.ts as cce:/internal/x/cc.
debug: Resolve cc from file:///D:/Pastil&Chill/assets/scripts/DatabaseManager.ts as cce:/internal/x/cc.
debug: Resolve cc from file:///D:/Pastil&Chill/assets/scripts/DatabaseManager.ts as cce:/internal/x/cc.
debug: Target(preview) ends with cost 103.44849997758865ms.
debug: Dispatch build request for time accumulated 1 asset changes.
debug: Build iteration starts.
Number of accumulated asset changes: 1
Feature changed: false
debug: Target(editor) build started.
debug: Detected change: cce:/internal/x/prerequisite-imports. Last mtime: Thu Jan 01 1970 10:07:48 GMT+0800 (China Standard Time), Current mtime: Thu Jan 01 1970 10:07:59 GMT+0800 (China Standard Time)
debug: Inspect cce:/internal/x/prerequisite-imports
debug: Resolve file:///D:/Pastil&Chill/assets/scripts/DatabaseManager.ts from cce:/internal/x/prerequisite-imports as file:///D:/Pastil&Chill/assets/scripts/DatabaseManager.ts.
debug: Detected change: file:///D:/Pastil&Chill/assets/scripts/DatabaseManager.ts. Last mtime: Fri Oct 31 2025 14:22:53 GMT+0800 (China Standard Time)@eaafa23b-761a-47fb-98b8-f5d55a744646, Current mtime: Fri Oct 31 2025 14:23:03 GMT+0800 (China Standard Time)@eaafa23b-761a-47fb-98b8-f5d55a744646
debug: Inspect file:///D:/Pastil&Chill/assets/scripts/DatabaseManager.ts
debug: Resolve cc from file:///D:/Pastil&Chill/assets/scripts/DatabaseManager.ts as cce:/internal/x/cc.
debug: Resolve cc from file:///D:/Pastil&Chill/assets/scripts/DatabaseManager.ts as cce:/internal/x/cc.
debug: Resolve cc from file:///D:/Pastil&Chill/assets/scripts/DatabaseManager.ts as cce:/internal/x/cc.
debug: Target(editor) ends with cost 107.29579997062683ms.
debug: Target(preview) build started.
debug: Detected change: cce:/internal/x/prerequisite-imports. Last mtime: Thu Jan 01 1970 10:07:48 GMT+0800 (China Standard Time), Current mtime: Thu Jan 01 1970 10:07:59 GMT+0800 (China Standard Time)
debug: Inspect cce:/internal/x/prerequisite-imports
debug: Resolve file:///D:/Pastil&Chill/assets/scripts/DatabaseManager.ts from cce:/internal/x/prerequisite-imports as file:///D:/Pastil&Chill/assets/scripts/DatabaseManager.ts.
debug: Detected change: file:///D:/Pastil&Chill/assets/scripts/DatabaseManager.ts. Last mtime: Fri Oct 31 2025 14:22:53 GMT+0800 (China Standard Time)@eaafa23b-761a-47fb-98b8-f5d55a744646, Current mtime: Fri Oct 31 2025 14:23:03 GMT+0800 (China Standard Time)@eaafa23b-761a-47fb-98b8-f5d55a744646
debug: Inspect file:///D:/Pastil&Chill/assets/scripts/DatabaseManager.ts
debug: Resolve cc from file:///D:/Pastil&Chill/assets/scripts/DatabaseManager.ts as cce:/internal/x/cc.
debug: Resolve cc from file:///D:/Pastil&Chill/assets/scripts/DatabaseManager.ts as cce:/internal/x/cc.
debug: Resolve cc from file:///D:/Pastil&Chill/assets/scripts/DatabaseManager.ts as cce:/internal/x/cc.
debug: Target(preview) ends with cost 122.54780000448227ms.
debug: Dispatch build request for time accumulated 1 asset changes.
debug: Build iteration starts.
Number of accumulated asset changes: 1
Feature changed: false
debug: Target(editor) build started.
debug: Detected change: cce:/internal/x/prerequisite-imports. Last mtime: Thu Jan 01 1970 10:07:59 GMT+0800 (China Standard Time), Current mtime: Thu Jan 01 1970 10:08:19 GMT+0800 (China Standard Time)
debug: Inspect cce:/internal/x/prerequisite-imports
debug: Resolve file:///D:/Pastil&Chill/assets/scripts/DatabaseManager.ts from cce:/internal/x/prerequisite-imports as file:///D:/Pastil&Chill/assets/scripts/DatabaseManager.ts.
debug: Detected change: file:///D:/Pastil&Chill/assets/scripts/DatabaseManager.ts. Last mtime: Fri Oct 31 2025 14:23:03 GMT+0800 (China Standard Time)@eaafa23b-761a-47fb-98b8-f5d55a744646, Current mtime: Fri Oct 31 2025 14:23:23 GMT+0800 (China Standard Time)@eaafa23b-761a-47fb-98b8-f5d55a744646
debug: Inspect file:///D:/Pastil&Chill/assets/scripts/DatabaseManager.ts
debug: Resolve cc from file:///D:/Pastil&Chill/assets/scripts/DatabaseManager.ts as cce:/internal/x/cc.
debug: Resolve cc from file:///D:/Pastil&Chill/assets/scripts/DatabaseManager.ts as cce:/internal/x/cc.
debug: Resolve cc from file:///D:/Pastil&Chill/assets/scripts/DatabaseManager.ts as cce:/internal/x/cc.
debug: Target(editor) ends with cost 83.23320001363754ms.
debug: Target(preview) build started.
debug: Detected change: cce:/internal/x/prerequisite-imports. Last mtime: Thu Jan 01 1970 10:07:59 GMT+0800 (China Standard Time), Current mtime: Thu Jan 01 1970 10:08:19 GMT+0800 (China Standard Time)
debug: Inspect cce:/internal/x/prerequisite-imports
debug: Resolve file:///D:/Pastil&Chill/assets/scripts/DatabaseManager.ts from cce:/internal/x/prerequisite-imports as file:///D:/Pastil&Chill/assets/scripts/DatabaseManager.ts.
debug: Detected change: file:///D:/Pastil&Chill/assets/scripts/DatabaseManager.ts. Last mtime: Fri Oct 31 2025 14:23:03 GMT+0800 (China Standard Time)@eaafa23b-761a-47fb-98b8-f5d55a744646, Current mtime: Fri Oct 31 2025 14:23:23 GMT+0800 (China Standard Time)@eaafa23b-761a-47fb-98b8-f5d55a744646
debug: Inspect file:///D:/Pastil&Chill/assets/scripts/DatabaseManager.ts
debug: Resolve cc from file:///D:/Pastil&Chill/assets/scripts/DatabaseManager.ts as cce:/internal/x/cc.
debug: Resolve cc from file:///D:/Pastil&Chill/assets/scripts/DatabaseManager.ts as cce:/internal/x/cc.
debug: Resolve cc from file:///D:/Pastil&Chill/assets/scripts/DatabaseManager.ts as cce:/internal/x/cc.
debug: Target(preview) ends with cost 132.9588000178337ms.
debug: Dispatch build request for time accumulated 1 asset changes.
debug: Build iteration starts.
Number of accumulated asset changes: 1
Feature changed: false
debug: Target(editor) build started.
debug: Detected change: cce:/internal/x/prerequisite-imports. Last mtime: Thu Jan 01 1970 10:08:19 GMT+0800 (China Standard Time), Current mtime: Thu Jan 01 1970 10:08:30 GMT+0800 (China Standard Time)
debug: Inspect cce:/internal/x/prerequisite-imports
debug: Resolve file:///D:/Pastil&Chill/assets/scripts/DatabaseManager.ts from cce:/internal/x/prerequisite-imports as file:///D:/Pastil&Chill/assets/scripts/DatabaseManager.ts.
debug: Detected change: file:///D:/Pastil&Chill/assets/scripts/DatabaseManager.ts. Last mtime: Fri Oct 31 2025 14:23:23 GMT+0800 (China Standard Time)@eaafa23b-761a-47fb-98b8-f5d55a744646, Current mtime: Fri Oct 31 2025 14:23:35 GMT+0800 (China Standard Time)@eaafa23b-761a-47fb-98b8-f5d55a744646
debug: Inspect file:///D:/Pastil&Chill/assets/scripts/DatabaseManager.ts
debug: Resolve cc from file:///D:/Pastil&Chill/assets/scripts/DatabaseManager.ts as cce:/internal/x/cc.
debug: Resolve cc from file:///D:/Pastil&Chill/assets/scripts/DatabaseManager.ts as cce:/internal/x/cc.
debug: Resolve cc from file:///D:/Pastil&Chill/assets/scripts/DatabaseManager.ts as cce:/internal/x/cc.
debug: Target(editor) ends with cost 61.097399950027466ms.
debug: Target(preview) build started.
debug: Detected change: cce:/internal/x/prerequisite-imports. Last mtime: Thu Jan 01 1970 10:08:19 GMT+0800 (China Standard Time), Current mtime: Thu Jan 01 1970 10:08:30 GMT+0800 (China Standard Time)
debug: Inspect cce:/internal/x/prerequisite-imports
debug: Resolve file:///D:/Pastil&Chill/assets/scripts/DatabaseManager.ts from cce:/internal/x/prerequisite-imports as file:///D:/Pastil&Chill/assets/scripts/DatabaseManager.ts.
debug: Detected change: file:///D:/Pastil&Chill/assets/scripts/DatabaseManager.ts. Last mtime: Fri Oct 31 2025 14:23:23 GMT+0800 (China Standard Time)@eaafa23b-761a-47fb-98b8-f5d55a744646, Current mtime: Fri Oct 31 2025 14:23:35 GMT+0800 (China Standard Time)@eaafa23b-761a-47fb-98b8-f5d55a744646
debug: Inspect file:///D:/Pastil&Chill/assets/scripts/DatabaseManager.ts
debug: Resolve cc from file:///D:/Pastil&Chill/assets/scripts/DatabaseManager.ts as cce:/internal/x/cc.
debug: Resolve cc from file:///D:/Pastil&Chill/assets/scripts/DatabaseManager.ts as cce:/internal/x/cc.
debug: Resolve cc from file:///D:/Pastil&Chill/assets/scripts/DatabaseManager.ts as cce:/internal/x/cc.
debug: Target(preview) ends with cost 81.86949998140335ms.
debug: Dispatch build request for time accumulated 1 asset changes.
debug: Build iteration starts.
Number of accumulated asset changes: 1
Feature changed: false
debug: Target(editor) build started.
debug: Detected change: cce:/internal/x/prerequisite-imports. Last mtime: Thu Jan 01 1970 10:08:30 GMT+0800 (China Standard Time), Current mtime: Thu Jan 01 1970 10:08:42 GMT+0800 (China Standard Time)
debug: Inspect cce:/internal/x/prerequisite-imports
debug: Resolve file:///D:/Pastil&Chill/assets/scripts/DatabaseManager.ts from cce:/internal/x/prerequisite-imports as file:///D:/Pastil&Chill/assets/scripts/DatabaseManager.ts.
debug: Detected change: file:///D:/Pastil&Chill/assets/scripts/DatabaseManager.ts. Last mtime: Fri Oct 31 2025 14:23:35 GMT+0800 (China Standard Time)@eaafa23b-761a-47fb-98b8-f5d55a744646, Current mtime: Fri Oct 31 2025 14:23:46 GMT+0800 (China Standard Time)@eaafa23b-761a-47fb-98b8-f5d55a744646
debug: Inspect file:///D:/Pastil&Chill/assets/scripts/DatabaseManager.ts
debug: Resolve cc from file:///D:/Pastil&Chill/assets/scripts/DatabaseManager.ts as cce:/internal/x/cc.
debug: Resolve cc from file:///D:/Pastil&Chill/assets/scripts/DatabaseManager.ts as cce:/internal/x/cc.
debug: Resolve cc from file:///D:/Pastil&Chill/assets/scripts/DatabaseManager.ts as cce:/internal/x/cc.
debug: Target(editor) ends with cost 70.26190000772476ms.
debug: Target(preview) build started.
debug: Detected change: cce:/internal/x/prerequisite-imports. Last mtime: Thu Jan 01 1970 10:08:30 GMT+0800 (China Standard Time), Current mtime: Thu Jan 01 1970 10:08:42 GMT+0800 (China Standard Time)
debug: Inspect cce:/internal/x/prerequisite-imports
debug: Resolve file:///D:/Pastil&Chill/assets/scripts/DatabaseManager.ts from cce:/internal/x/prerequisite-imports as file:///D:/Pastil&Chill/assets/scripts/DatabaseManager.ts.
debug: Detected change: file:///D:/Pastil&Chill/assets/scripts/DatabaseManager.ts. Last mtime: Fri Oct 31 2025 14:23:35 GMT+0800 (China Standard Time)@eaafa23b-761a-47fb-98b8-f5d55a744646, Current mtime: Fri Oct 31 2025 14:23:46 GMT+0800 (China Standard Time)@eaafa23b-761a-47fb-98b8-f5d55a744646
debug: Inspect file:///D:/Pastil&Chill/assets/scripts/DatabaseManager.ts
debug: Resolve cc from file:///D:/Pastil&Chill/assets/scripts/DatabaseManager.ts as cce:/internal/x/cc.
debug: Resolve cc from file:///D:/Pastil&Chill/assets/scripts/DatabaseManager.ts as cce:/internal/x/cc.
debug: Resolve cc from file:///D:/Pastil&Chill/assets/scripts/DatabaseManager.ts as cce:/internal/x/cc.
debug: Target(preview) ends with cost 68.70590001344681ms.
debug: Dispatch build request for time accumulated 1 asset changes.
debug: Build iteration starts.
Number of accumulated asset changes: 1
Feature changed: false
debug: Target(editor) build started.
debug: Detected change: cce:/internal/x/prerequisite-imports. Last mtime: Thu Jan 01 1970 10:08:42 GMT+0800 (China Standard Time), Current mtime: Thu Jan 01 1970 10:08:56 GMT+0800 (China Standard Time)
debug: Inspect cce:/internal/x/prerequisite-imports
debug: Resolve file:///D:/Pastil&Chill/assets/scripts/DatabaseManager.ts from cce:/internal/x/prerequisite-imports as file:///D:/Pastil&Chill/assets/scripts/DatabaseManager.ts.
debug: Detected change: file:///D:/Pastil&Chill/assets/scripts/DatabaseManager.ts. Last mtime: Fri Oct 31 2025 14:23:46 GMT+0800 (China Standard Time)@eaafa23b-761a-47fb-98b8-f5d55a744646, Current mtime: Fri Oct 31 2025 14:24:00 GMT+0800 (China Standard Time)@eaafa23b-761a-47fb-98b8-f5d55a744646
debug: Inspect file:///D:/Pastil&Chill/assets/scripts/DatabaseManager.ts
debug: Resolve cc from file:///D:/Pastil&Chill/assets/scripts/DatabaseManager.ts as cce:/internal/x/cc.
debug: Resolve cc from file:///D:/Pastil&Chill/assets/scripts/DatabaseManager.ts as cce:/internal/x/cc.
debug: Resolve cc from file:///D:/Pastil&Chill/assets/scripts/DatabaseManager.ts as cce:/internal/x/cc.
debug: Target(editor) ends with cost 76.54080003499985ms.
debug: Target(preview) build started.
debug: Detected change: cce:/internal/x/prerequisite-imports. Last mtime: Thu Jan 01 1970 10:08:42 GMT+0800 (China Standard Time), Current mtime: Thu Jan 01 1970 10:08:56 GMT+0800 (China Standard Time)
debug: Inspect cce:/internal/x/prerequisite-imports
debug: Resolve file:///D:/Pastil&Chill/assets/scripts/DatabaseManager.ts from cce:/internal/x/prerequisite-imports as file:///D:/Pastil&Chill/assets/scripts/DatabaseManager.ts.
debug: Detected change: file:///D:/Pastil&Chill/assets/scripts/DatabaseManager.ts. Last mtime: Fri Oct 31 2025 14:23:46 GMT+0800 (China Standard Time)@eaafa23b-761a-47fb-98b8-f5d55a744646, Current mtime: Fri Oct 31 2025 14:24:00 GMT+0800 (China Standard Time)@eaafa23b-761a-47fb-98b8-f5d55a744646
debug: Inspect file:///D:/Pastil&Chill/assets/scripts/DatabaseManager.ts
debug: Resolve cc from file:///D:/Pastil&Chill/assets/scripts/DatabaseManager.ts as cce:/internal/x/cc.
debug: Resolve cc from file:///D:/Pastil&Chill/assets/scripts/DatabaseManager.ts as cce:/internal/x/cc.
debug: Resolve cc from file:///D:/Pastil&Chill/assets/scripts/DatabaseManager.ts as cce:/internal/x/cc.
debug: Target(preview) ends with cost 74.35570001602173ms.
debug: Dispatch build request for time accumulated 1 asset changes.
debug: Build iteration starts.
Number of accumulated asset changes: 1
Feature changed: false
debug: Target(editor) build started.
debug: Detected change: cce:/internal/x/prerequisite-imports. Last mtime: Thu Jan 01 1970 10:08:56 GMT+0800 (China Standard Time), Current mtime: Thu Jan 01 1970 10:09:06 GMT+0800 (China Standard Time)
debug: Inspect cce:/internal/x/prerequisite-imports
debug: Resolve file:///D:/Pastil&Chill/assets/scripts/DatabaseManager.ts from cce:/internal/x/prerequisite-imports as file:///D:/Pastil&Chill/assets/scripts/DatabaseManager.ts.
debug: Detected change: file:///D:/Pastil&Chill/assets/scripts/DatabaseManager.ts. Last mtime: Fri Oct 31 2025 14:24:00 GMT+0800 (China Standard Time)@eaafa23b-761a-47fb-98b8-f5d55a744646, Current mtime: Fri Oct 31 2025 14:24:10 GMT+0800 (China Standard Time)@eaafa23b-761a-47fb-98b8-f5d55a744646
debug: Inspect file:///D:/Pastil&Chill/assets/scripts/DatabaseManager.ts
debug: Resolve cc from file:///D:/Pastil&Chill/assets/scripts/DatabaseManager.ts as cce:/internal/x/cc.
debug: Resolve cc from file:///D:/Pastil&Chill/assets/scripts/DatabaseManager.ts as cce:/internal/x/cc.
debug: Resolve cc from file:///D:/Pastil&Chill/assets/scripts/DatabaseManager.ts as cce:/internal/x/cc.
debug: Target(editor) ends with cost 78.18400001525879ms.
debug: Target(preview) build started.
debug: Detected change: cce:/internal/x/prerequisite-imports. Last mtime: Thu Jan 01 1970 10:08:56 GMT+0800 (China Standard Time), Current mtime: Thu Jan 01 1970 10:09:07 GMT+0800 (China Standard Time)
debug: Inspect cce:/internal/x/prerequisite-imports
debug: Resolve file:///D:/Pastil&Chill/assets/scripts/DatabaseManager.ts from cce:/internal/x/prerequisite-imports as file:///D:/Pastil&Chill/assets/scripts/DatabaseManager.ts.
debug: Detected change: file:///D:/Pastil&Chill/assets/scripts/DatabaseManager.ts. Last mtime: Fri Oct 31 2025 14:24:00 GMT+0800 (China Standard Time)@eaafa23b-761a-47fb-98b8-f5d55a744646, Current mtime: Fri Oct 31 2025 14:24:10 GMT+0800 (China Standard Time)@eaafa23b-761a-47fb-98b8-f5d55a744646
debug: Inspect file:///D:/Pastil&Chill/assets/scripts/DatabaseManager.ts
debug: Resolve cc from file:///D:/Pastil&Chill/assets/scripts/DatabaseManager.ts as cce:/internal/x/cc.
debug: Resolve cc from file:///D:/Pastil&Chill/assets/scripts/DatabaseManager.ts as cce:/internal/x/cc.
debug: Resolve cc from file:///D:/Pastil&Chill/assets/scripts/DatabaseManager.ts as cce:/internal/x/cc.
debug: Target(preview) ends with cost 89.15209996700287ms.
debug: Dispatch build request for time accumulated 1 asset changes.
debug: Build iteration starts.
Number of accumulated asset changes: 1
Feature changed: false
debug: Target(editor) build started.
debug: Detected change: cce:/internal/x/prerequisite-imports. Last mtime: Thu Jan 01 1970 10:09:06 GMT+0800 (China Standard Time), Current mtime: Thu Jan 01 1970 10:09:26 GMT+0800 (China Standard Time)
debug: Inspect cce:/internal/x/prerequisite-imports
debug: Resolve file:///D:/Pastil&Chill/assets/scripts/DatabaseManager.ts from cce:/internal/x/prerequisite-imports as file:///D:/Pastil&Chill/assets/scripts/DatabaseManager.ts.
debug: Detected change: file:///D:/Pastil&Chill/assets/scripts/DatabaseManager.ts. Last mtime: Fri Oct 31 2025 14:24:10 GMT+0800 (China Standard Time)@eaafa23b-761a-47fb-98b8-f5d55a744646, Current mtime: Fri Oct 31 2025 14:24:31 GMT+0800 (China Standard Time)@eaafa23b-761a-47fb-98b8-f5d55a744646
debug: Inspect file:///D:/Pastil&Chill/assets/scripts/DatabaseManager.ts
debug: Resolve cc from file:///D:/Pastil&Chill/assets/scripts/DatabaseManager.ts as cce:/internal/x/cc.
debug: Resolve cc from file:///D:/Pastil&Chill/assets/scripts/DatabaseManager.ts as cce:/internal/x/cc.
debug: Resolve cc from file:///D:/Pastil&Chill/assets/scripts/DatabaseManager.ts as cce:/internal/x/cc.
debug: Target(editor) ends with cost 74.17249995470047ms.
debug: Target(preview) build started.
debug: Detected change: cce:/internal/x/prerequisite-imports. Last mtime: Thu Jan 01 1970 10:09:07 GMT+0800 (China Standard Time), Current mtime: Thu Jan 01 1970 10:09:26 GMT+0800 (China Standard Time)
debug: Inspect cce:/internal/x/prerequisite-imports
debug: Resolve file:///D:/Pastil&Chill/assets/scripts/DatabaseManager.ts from cce:/internal/x/prerequisite-imports as file:///D:/Pastil&Chill/assets/scripts/DatabaseManager.ts.
debug: Detected change: file:///D:/Pastil&Chill/assets/scripts/DatabaseManager.ts. Last mtime: Fri Oct 31 2025 14:24:10 GMT+0800 (China Standard Time)@eaafa23b-761a-47fb-98b8-f5d55a744646, Current mtime: Fri Oct 31 2025 14:24:31 GMT+0800 (China Standard Time)@eaafa23b-761a-47fb-98b8-f5d55a744646
debug: Inspect file:///D:/Pastil&Chill/assets/scripts/DatabaseManager.ts
debug: Resolve cc from file:///D:/Pastil&Chill/assets/scripts/DatabaseManager.ts as cce:/internal/x/cc.
debug: Resolve cc from file:///D:/Pastil&Chill/assets/scripts/DatabaseManager.ts as cce:/internal/x/cc.
debug: Resolve cc from file:///D:/Pastil&Chill/assets/scripts/DatabaseManager.ts as cce:/internal/x/cc.
debug: Target(preview) ends with cost 72.90479999780655ms.
debug: Dispatch build request for time accumulated 1 asset changes.
debug: Build iteration starts.
Number of accumulated asset changes: 1
Feature changed: false
debug: Target(editor) build started.
debug: Detected change: cce:/internal/x/prerequisite-imports. Last mtime: Thu Jan 01 1970 10:09:26 GMT+0800 (China Standard Time), Current mtime: Thu Jan 01 1970 10:09:55 GMT+0800 (China Standard Time)
debug: Inspect cce:/internal/x/prerequisite-imports
debug: Resolve file:///D:/Pastil&Chill/assets/scripts/DatabaseManager.ts from cce:/internal/x/prerequisite-imports as file:///D:/Pastil&Chill/assets/scripts/DatabaseManager.ts.
debug: Detected change: file:///D:/Pastil&Chill/assets/scripts/DatabaseManager.ts. Last mtime: Fri Oct 31 2025 14:24:31 GMT+0800 (China Standard Time)@eaafa23b-761a-47fb-98b8-f5d55a744646, Current mtime: Fri Oct 31 2025 14:25:00 GMT+0800 (China Standard Time)@eaafa23b-761a-47fb-98b8-f5d55a744646
debug: Inspect file:///D:/Pastil&Chill/assets/scripts/DatabaseManager.ts
debug: Resolve cc from file:///D:/Pastil&Chill/assets/scripts/DatabaseManager.ts as cce:/internal/x/cc.
debug: Resolve cc from file:///D:/Pastil&Chill/assets/scripts/DatabaseManager.ts as cce:/internal/x/cc.
debug: Resolve cc from file:///D:/Pastil&Chill/assets/scripts/DatabaseManager.ts as cce:/internal/x/cc.
debug: Target(editor) ends with cost 131.67710000276566ms.
debug: Target(preview) build started.
debug: Detected change: cce:/internal/x/prerequisite-imports. Last mtime: Thu Jan 01 1970 10:09:26 GMT+0800 (China Standard Time), Current mtime: Thu Jan 01 1970 10:09:55 GMT+0800 (China Standard Time)
debug: Inspect cce:/internal/x/prerequisite-imports
debug: Resolve file:///D:/Pastil&Chill/assets/scripts/DatabaseManager.ts from cce:/internal/x/prerequisite-imports as file:///D:/Pastil&Chill/assets/scripts/DatabaseManager.ts.
debug: Detected change: file:///D:/Pastil&Chill/assets/scripts/DatabaseManager.ts. Last mtime: Fri Oct 31 2025 14:24:31 GMT+0800 (China Standard Time)@eaafa23b-761a-47fb-98b8-f5d55a744646, Current mtime: Fri Oct 31 2025 14:25:00 GMT+0800 (China Standard Time)@eaafa23b-761a-47fb-98b8-f5d55a744646
debug: Inspect file:///D:/Pastil&Chill/assets/scripts/DatabaseManager.ts
debug: Resolve cc from file:///D:/Pastil&Chill/assets/scripts/DatabaseManager.ts as cce:/internal/x/cc.
debug: Resolve cc from file:///D:/Pastil&Chill/assets/scripts/DatabaseManager.ts as cce:/internal/x/cc.
debug: Resolve cc from file:///D:/Pastil&Chill/assets/scripts/DatabaseManager.ts as cce:/internal/x/cc.
debug: Target(preview) ends with cost 120.85080003738403ms.
debug: Dispatch build request for time accumulated 1 asset changes.
debug: Build iteration starts.
Number of accumulated asset changes: 1
Feature changed: false
debug: Target(editor) build started.
debug: Detected change: cce:/internal/x/prerequisite-imports. Last mtime: Thu Jan 01 1970 10:09:55 GMT+0800 (China Standard Time), Current mtime: Thu Jan 01 1970 10:13:35 GMT+0800 (China Standard Time)
debug: Inspect cce:/internal/x/prerequisite-imports
debug: Resolve file:///D:/Pastil&Chill/assets/scripts/DatabaseManager.ts from cce:/internal/x/prerequisite-imports as file:///D:/Pastil&Chill/assets/scripts/DatabaseManager.ts.
debug: Detected change: file:///D:/Pastil&Chill/assets/scripts/DatabaseManager.ts. Last mtime: Fri Oct 31 2025 14:25:00 GMT+0800 (China Standard Time)@eaafa23b-761a-47fb-98b8-f5d55a744646, Current mtime: Fri Oct 31 2025 14:28:39 GMT+0800 (China Standard Time)@eaafa23b-761a-47fb-98b8-f5d55a744646
debug: Inspect file:///D:/Pastil&Chill/assets/scripts/DatabaseManager.ts
debug: Resolve cc from file:///D:/Pastil&Chill/assets/scripts/DatabaseManager.ts as cce:/internal/x/cc.
debug: Resolve cc from file:///D:/Pastil&Chill/assets/scripts/DatabaseManager.ts as cce:/internal/x/cc.
debug: Resolve cc from file:///D:/Pastil&Chill/assets/scripts/DatabaseManager.ts as cce:/internal/x/cc.
debug: Target(editor) ends with cost 92.68630003929138ms.
debug: Target(preview) build started.
debug: Detected change: cce:/internal/x/prerequisite-imports. Last mtime: Thu Jan 01 1970 10:09:55 GMT+0800 (China Standard Time), Current mtime: Thu Jan 01 1970 10:13:35 GMT+0800 (China Standard Time)
debug: Inspect cce:/internal/x/prerequisite-imports
debug: Resolve file:///D:/Pastil&Chill/assets/scripts/DatabaseManager.ts from cce:/internal/x/prerequisite-imports as file:///D:/Pastil&Chill/assets/scripts/DatabaseManager.ts.
debug: Detected change: file:///D:/Pastil&Chill/assets/scripts/DatabaseManager.ts. Last mtime: Fri Oct 31 2025 14:25:00 GMT+0800 (China Standard Time)@eaafa23b-761a-47fb-98b8-f5d55a744646, Current mtime: Fri Oct 31 2025 14:28:39 GMT+0800 (China Standard Time)@eaafa23b-761a-47fb-98b8-f5d55a744646
debug: Inspect file:///D:/Pastil&Chill/assets/scripts/DatabaseManager.ts
debug: Resolve cc from file:///D:/Pastil&Chill/assets/scripts/DatabaseManager.ts as cce:/internal/x/cc.
debug: Resolve cc from file:///D:/Pastil&Chill/assets/scripts/DatabaseManager.ts as cce:/internal/x/cc.
debug: Resolve cc from file:///D:/Pastil&Chill/assets/scripts/DatabaseManager.ts as cce:/internal/x/cc.
debug: Target(preview) ends with cost 89.92189997434616ms.
debug: Dispatch build request for time accumulated 1 asset changes.
debug: Build iteration starts.
Number of accumulated asset changes: 1
Feature changed: false
debug: Target(editor) build started.
debug: Detected change: cce:/internal/x/prerequisite-imports. Last mtime: Thu Jan 01 1970 10:13:35 GMT+0800 (China Standard Time), Current mtime: Thu Jan 01 1970 10:13:47 GMT+0800 (China Standard Time)
debug: Inspect cce:/internal/x/prerequisite-imports
debug: Resolve file:///D:/Pastil&Chill/assets/scripts/DatabaseManager.ts from cce:/internal/x/prerequisite-imports as file:///D:/Pastil&Chill/assets/scripts/DatabaseManager.ts.
debug: Detected change: file:///D:/Pastil&Chill/assets/scripts/DatabaseManager.ts. Last mtime: Fri Oct 31 2025 14:28:39 GMT+0800 (China Standard Time)@eaafa23b-761a-47fb-98b8-f5d55a744646, Current mtime: Fri Oct 31 2025 14:28:52 GMT+0800 (China Standard Time)@eaafa23b-761a-47fb-98b8-f5d55a744646
debug: Inspect file:///D:/Pastil&Chill/assets/scripts/DatabaseManager.ts
debug: Resolve cc from file:///D:/Pastil&Chill/assets/scripts/DatabaseManager.ts as cce:/internal/x/cc.
debug: Resolve cc from file:///D:/Pastil&Chill/assets/scripts/DatabaseManager.ts as cce:/internal/x/cc.
debug: Resolve cc from file:///D:/Pastil&Chill/assets/scripts/DatabaseManager.ts as cce:/internal/x/cc.
debug: Target(editor) ends with cost 82.07870000600815ms.
debug: Target(preview) build started.
debug: Detected change: cce:/internal/x/prerequisite-imports. Last mtime: Thu Jan 01 1970 10:13:35 GMT+0800 (China Standard Time), Current mtime: Thu Jan 01 1970 10:13:47 GMT+0800 (China Standard Time)
debug: Inspect cce:/internal/x/prerequisite-imports
debug: Resolve file:///D:/Pastil&Chill/assets/scripts/DatabaseManager.ts from cce:/internal/x/prerequisite-imports as file:///D:/Pastil&Chill/assets/scripts/DatabaseManager.ts.
debug: Detected change: file:///D:/Pastil&Chill/assets/scripts/DatabaseManager.ts. Last mtime: Fri Oct 31 2025 14:28:39 GMT+0800 (China Standard Time)@eaafa23b-761a-47fb-98b8-f5d55a744646, Current mtime: Fri Oct 31 2025 14:28:52 GMT+0800 (China Standard Time)@eaafa23b-761a-47fb-98b8-f5d55a744646
debug: Inspect file:///D:/Pastil&Chill/assets/scripts/DatabaseManager.ts
debug: Resolve cc from file:///D:/Pastil&Chill/assets/scripts/DatabaseManager.ts as cce:/internal/x/cc.
debug: Resolve cc from file:///D:/Pastil&Chill/assets/scripts/DatabaseManager.ts as cce:/internal/x/cc.
debug: Resolve cc from file:///D:/Pastil&Chill/assets/scripts/DatabaseManager.ts as cce:/internal/x/cc.
debug: Target(preview) ends with cost 75.48650002479553ms.
debug: Dispatch build request for time accumulated 1 asset changes.
debug: Build iteration starts.
Number of accumulated asset changes: 1
Feature changed: false
debug: Target(editor) build started.
debug: Detected change: cce:/internal/x/prerequisite-imports. Last mtime: Thu Jan 01 1970 10:13:47 GMT+0800 (China Standard Time), Current mtime: Thu Jan 01 1970 10:14:01 GMT+0800 (China Standard Time)
debug: Inspect cce:/internal/x/prerequisite-imports
debug: Resolve file:///D:/Pastil&Chill/assets/scripts/DatabaseManager.ts from cce:/internal/x/prerequisite-imports as file:///D:/Pastil&Chill/assets/scripts/DatabaseManager.ts.
debug: Detected change: file:///D:/Pastil&Chill/assets/scripts/DatabaseManager.ts. Last mtime: Fri Oct 31 2025 14:28:52 GMT+0800 (China Standard Time)@eaafa23b-761a-47fb-98b8-f5d55a744646, Current mtime: Fri Oct 31 2025 14:29:05 GMT+0800 (China Standard Time)@eaafa23b-761a-47fb-98b8-f5d55a744646
debug: Inspect file:///D:/Pastil&Chill/assets/scripts/DatabaseManager.ts
debug: Resolve cc from file:///D:/Pastil&Chill/assets/scripts/DatabaseManager.ts as cce:/internal/x/cc.
debug: Resolve cc from file:///D:/Pastil&Chill/assets/scripts/DatabaseManager.ts as cce:/internal/x/cc.
debug: Resolve cc from file:///D:/Pastil&Chill/assets/scripts/DatabaseManager.ts as cce:/internal/x/cc.
debug: Target(editor) ends with cost 61.07209998369217ms.
debug: Target(preview) build started.
debug: Detected change: cce:/internal/x/prerequisite-imports. Last mtime: Thu Jan 01 1970 10:13:47 GMT+0800 (China Standard Time), Current mtime: Thu Jan 01 1970 10:14:01 GMT+0800 (China Standard Time)
debug: Inspect cce:/internal/x/prerequisite-imports
debug: Resolve file:///D:/Pastil&Chill/assets/scripts/DatabaseManager.ts from cce:/internal/x/prerequisite-imports as file:///D:/Pastil&Chill/assets/scripts/DatabaseManager.ts.
debug: Detected change: file:///D:/Pastil&Chill/assets/scripts/DatabaseManager.ts. Last mtime: Fri Oct 31 2025 14:28:52 GMT+0800 (China Standard Time)@eaafa23b-761a-47fb-98b8-f5d55a744646, Current mtime: Fri Oct 31 2025 14:29:05 GMT+0800 (China Standard Time)@eaafa23b-761a-47fb-98b8-f5d55a744646
debug: Inspect file:///D:/Pastil&Chill/assets/scripts/DatabaseManager.ts
debug: Resolve cc from file:///D:/Pastil&Chill/assets/scripts/DatabaseManager.ts as cce:/internal/x/cc.
debug: Resolve cc from file:///D:/Pastil&Chill/assets/scripts/DatabaseManager.ts as cce:/internal/x/cc.
debug: Resolve cc from file:///D:/Pastil&Chill/assets/scripts/DatabaseManager.ts as cce:/internal/x/cc.
debug: Target(preview) ends with cost 88.39309996366501ms.
debug: Dispatch build request for time accumulated 1 asset changes.
debug: Build iteration starts.
Number of accumulated asset changes: 1
Feature changed: false
debug: Target(editor) build started.
debug: Detected change: cce:/internal/x/prerequisite-imports. Last mtime: Thu Jan 01 1970 10:14:01 GMT+0800 (China Standard Time), Current mtime: Thu Jan 01 1970 10:14:19 GMT+0800 (China Standard Time)
debug: Inspect cce:/internal/x/prerequisite-imports
debug: Resolve file:///D:/Pastil&Chill/assets/scripts/DatabaseManager.ts from cce:/internal/x/prerequisite-imports as file:///D:/Pastil&Chill/assets/scripts/DatabaseManager.ts.
debug: Detected change: file:///D:/Pastil&Chill/assets/scripts/DatabaseManager.ts. Last mtime: Fri Oct 31 2025 14:29:05 GMT+0800 (China Standard Time)@eaafa23b-761a-47fb-98b8-f5d55a744646, Current mtime: Fri Oct 31 2025 14:29:24 GMT+0800 (China Standard Time)@eaafa23b-761a-47fb-98b8-f5d55a744646
debug: Inspect file:///D:/Pastil&Chill/assets/scripts/DatabaseManager.ts
debug: Resolve cc from file:///D:/Pastil&Chill/assets/scripts/DatabaseManager.ts as cce:/internal/x/cc.
debug: Resolve cc from file:///D:/Pastil&Chill/assets/scripts/DatabaseManager.ts as cce:/internal/x/cc.
debug: Resolve cc from file:///D:/Pastil&Chill/assets/scripts/DatabaseManager.ts as cce:/internal/x/cc.
debug: Target(editor) ends with cost 74.82170003652573ms.
debug: Target(preview) build started.
debug: Detected change: cce:/internal/x/prerequisite-imports. Last mtime: Thu Jan 01 1970 10:14:01 GMT+0800 (China Standard Time), Current mtime: Thu Jan 01 1970 10:14:19 GMT+0800 (China Standard Time)
debug: Inspect cce:/internal/x/prerequisite-imports
debug: Resolve file:///D:/Pastil&Chill/assets/scripts/DatabaseManager.ts from cce:/internal/x/prerequisite-imports as file:///D:/Pastil&Chill/assets/scripts/DatabaseManager.ts.
debug: Detected change: file:///D:/Pastil&Chill/assets/scripts/DatabaseManager.ts. Last mtime: Fri Oct 31 2025 14:29:05 GMT+0800 (China Standard Time)@eaafa23b-761a-47fb-98b8-f5d55a744646, Current mtime: Fri Oct 31 2025 14:29:24 GMT+0800 (China Standard Time)@eaafa23b-761a-47fb-98b8-f5d55a744646
debug: Inspect file:///D:/Pastil&Chill/assets/scripts/DatabaseManager.ts
debug: Resolve cc from file:///D:/Pastil&Chill/assets/scripts/DatabaseManager.ts as cce:/internal/x/cc.
debug: Resolve cc from file:///D:/Pastil&Chill/assets/scripts/DatabaseManager.ts as cce:/internal/x/cc.
debug: Resolve cc from file:///D:/Pastil&Chill/assets/scripts/DatabaseManager.ts as cce:/internal/x/cc.
debug: Target(preview) ends with cost 84.13040000200272ms.
debug: Dispatch build request for time accumulated 1 asset changes.
debug: Build iteration starts.
Number of accumulated asset changes: 1
Feature changed: false
debug: Target(editor) build started.
debug: Detected change: cce:/internal/x/prerequisite-imports. Last mtime: Thu Jan 01 1970 10:14:19 GMT+0800 (China Standard Time), Current mtime: Thu Jan 01 1970 10:15:50 GMT+0800 (China Standard Time)
debug: Inspect cce:/internal/x/prerequisite-imports
debug: Resolve file:///D:/Pastil&Chill/assets/scripts/DatabaseManager.ts from cce:/internal/x/prerequisite-imports as file:///D:/Pastil&Chill/assets/scripts/DatabaseManager.ts.
debug: Detected change: file:///D:/Pastil&Chill/assets/scripts/DatabaseManager.ts. Last mtime: Fri Oct 31 2025 14:29:24 GMT+0800 (China Standard Time)@eaafa23b-761a-47fb-98b8-f5d55a744646, Current mtime: Fri Oct 31 2025 14:30:54 GMT+0800 (China Standard Time)@eaafa23b-761a-47fb-98b8-f5d55a744646
debug: Inspect file:///D:/Pastil&Chill/assets/scripts/DatabaseManager.ts
debug: Resolve cc from file:///D:/Pastil&Chill/assets/scripts/DatabaseManager.ts as cce:/internal/x/cc.
debug: Resolve cc from file:///D:/Pastil&Chill/assets/scripts/DatabaseManager.ts as cce:/internal/x/cc.
debug: Resolve cc from file:///D:/Pastil&Chill/assets/scripts/DatabaseManager.ts as cce:/internal/x/cc.
debug: Target(editor) ends with cost 73.27050000429153ms.
debug: Target(preview) build started.
debug: Detected change: cce:/internal/x/prerequisite-imports. Last mtime: Thu Jan 01 1970 10:14:19 GMT+0800 (China Standard Time), Current mtime: Thu Jan 01 1970 10:15:50 GMT+0800 (China Standard Time)
debug: Inspect cce:/internal/x/prerequisite-imports
debug: Resolve file:///D:/Pastil&Chill/assets/scripts/DatabaseManager.ts from cce:/internal/x/prerequisite-imports as file:///D:/Pastil&Chill/assets/scripts/DatabaseManager.ts.
debug: Detected change: file:///D:/Pastil&Chill/assets/scripts/DatabaseManager.ts. Last mtime: Fri Oct 31 2025 14:29:24 GMT+0800 (China Standard Time)@eaafa23b-761a-47fb-98b8-f5d55a744646, Current mtime: Fri Oct 31 2025 14:30:54 GMT+0800 (China Standard Time)@eaafa23b-761a-47fb-98b8-f5d55a744646
debug: Inspect file:///D:/Pastil&Chill/assets/scripts/DatabaseManager.ts
debug: Resolve cc from file:///D:/Pastil&Chill/assets/scripts/DatabaseManager.ts as cce:/internal/x/cc.
debug: Resolve cc from file:///D:/Pastil&Chill/assets/scripts/DatabaseManager.ts as cce:/internal/x/cc.
debug: Resolve cc from file:///D:/Pastil&Chill/assets/scripts/DatabaseManager.ts as cce:/internal/x/cc.
debug: Target(preview) ends with cost 82.1832999587059ms.
debug: Dispatch build request for time accumulated 1 asset changes.
debug: Build iteration starts.
Number of accumulated asset changes: 1
Feature changed: false
debug: Target(editor) build started.
debug: Detected change: cce:/internal/x/prerequisite-imports. Last mtime: Thu Jan 01 1970 10:15:50 GMT+0800 (China Standard Time), Current mtime: Thu Jan 01 1970 10:16:12 GMT+0800 (China Standard Time)
debug: Inspect cce:/internal/x/prerequisite-imports
debug: Resolve file:///D:/Pastil&Chill/assets/scripts/DatabaseManager.ts from cce:/internal/x/prerequisite-imports as file:///D:/Pastil&Chill/assets/scripts/DatabaseManager.ts.
debug: Detected change: file:///D:/Pastil&Chill/assets/scripts/DatabaseManager.ts. Last mtime: Fri Oct 31 2025 14:30:54 GMT+0800 (China Standard Time)@eaafa23b-761a-47fb-98b8-f5d55a744646, Current mtime: Fri Oct 31 2025 14:31:17 GMT+0800 (China Standard Time)@eaafa23b-761a-47fb-98b8-f5d55a744646
debug: Inspect file:///D:/Pastil&Chill/assets/scripts/DatabaseManager.ts
debug: Resolve cc from file:///D:/Pastil&Chill/assets/scripts/DatabaseManager.ts as cce:/internal/x/cc.
debug: Resolve cc from file:///D:/Pastil&Chill/assets/scripts/DatabaseManager.ts as cce:/internal/x/cc.
debug: Resolve cc from file:///D:/Pastil&Chill/assets/scripts/DatabaseManager.ts as cce:/internal/x/cc.
debug: Target(editor) ends with cost 70.57529997825623ms.
debug: Target(preview) build started.
debug: Detected change: cce:/internal/x/prerequisite-imports. Last mtime: Thu Jan 01 1970 10:15:50 GMT+0800 (China Standard Time), Current mtime: Thu Jan 01 1970 10:16:13 GMT+0800 (China Standard Time)
debug: Inspect cce:/internal/x/prerequisite-imports
debug: Resolve file:///D:/Pastil&Chill/assets/scripts/DatabaseManager.ts from cce:/internal/x/prerequisite-imports as file:///D:/Pastil&Chill/assets/scripts/DatabaseManager.ts.
debug: Detected change: file:///D:/Pastil&Chill/assets/scripts/DatabaseManager.ts. Last mtime: Fri Oct 31 2025 14:30:54 GMT+0800 (China Standard Time)@eaafa23b-761a-47fb-98b8-f5d55a744646, Current mtime: Fri Oct 31 2025 14:31:17 GMT+0800 (China Standard Time)@eaafa23b-761a-47fb-98b8-f5d55a744646
debug: Inspect file:///D:/Pastil&Chill/assets/scripts/DatabaseManager.ts
debug: Resolve cc from file:///D:/Pastil&Chill/assets/scripts/DatabaseManager.ts as cce:/internal/x/cc.
debug: Resolve cc from file:///D:/Pastil&Chill/assets/scripts/DatabaseManager.ts as cce:/internal/x/cc.
debug: Resolve cc from file:///D:/Pastil&Chill/assets/scripts/DatabaseManager.ts as cce:/internal/x/cc.
debug: Target(preview) ends with cost 137.25820004940033ms.
debug: Dispatch build request for time accumulated 1 asset changes.
debug: Build iteration starts.
Number of accumulated asset changes: 1
Feature changed: false
debug: Target(editor) build started.
debug: Detected change: cce:/internal/x/prerequisite-imports. Last mtime: Thu Jan 01 1970 10:16:12 GMT+0800 (China Standard Time), Current mtime: Thu Jan 01 1970 10:17:13 GMT+0800 (China Standard Time)
debug: Inspect cce:/internal/x/prerequisite-imports
debug: Resolve file:///D:/Pastil&Chill/assets/scripts/DatabaseManager.ts from cce:/internal/x/prerequisite-imports as file:///D:/Pastil&Chill/assets/scripts/DatabaseManager.ts.
debug: Detected change: file:///D:/Pastil&Chill/assets/scripts/DatabaseManager.ts. Last mtime: Fri Oct 31 2025 14:31:17 GMT+0800 (China Standard Time)@eaafa23b-761a-47fb-98b8-f5d55a744646, Current mtime: Fri Oct 31 2025 14:32:17 GMT+0800 (China Standard Time)@eaafa23b-761a-47fb-98b8-f5d55a744646
debug: Inspect file:///D:/Pastil&Chill/assets/scripts/DatabaseManager.ts
debug: Resolve cc from file:///D:/Pastil&Chill/assets/scripts/DatabaseManager.ts as cce:/internal/x/cc.
debug: Resolve cc from file:///D:/Pastil&Chill/assets/scripts/DatabaseManager.ts as cce:/internal/x/cc.
debug: Resolve cc from file:///D:/Pastil&Chill/assets/scripts/DatabaseManager.ts as cce:/internal/x/cc.
debug: Target(editor) ends with cost 115.57980000972748ms.
debug: Target(preview) build started.
debug: Detected change: cce:/internal/x/prerequisite-imports. Last mtime: Thu Jan 01 1970 10:16:13 GMT+0800 (China Standard Time), Current mtime: Thu Jan 01 1970 10:17:13 GMT+0800 (China Standard Time)
debug: Inspect cce:/internal/x/prerequisite-imports
debug: Resolve file:///D:/Pastil&Chill/assets/scripts/DatabaseManager.ts from cce:/internal/x/prerequisite-imports as file:///D:/Pastil&Chill/assets/scripts/DatabaseManager.ts.
debug: Detected change: file:///D:/Pastil&Chill/assets/scripts/DatabaseManager.ts. Last mtime: Fri Oct 31 2025 14:31:17 GMT+0800 (China Standard Time)@eaafa23b-761a-47fb-98b8-f5d55a744646, Current mtime: Fri Oct 31 2025 14:32:17 GMT+0800 (China Standard Time)@eaafa23b-761a-47fb-98b8-f5d55a744646
debug: Inspect file:///D:/Pastil&Chill/assets/scripts/DatabaseManager.ts
debug: Resolve cc from file:///D:/Pastil&Chill/assets/scripts/DatabaseManager.ts as cce:/internal/x/cc.
debug: Resolve cc from file:///D:/Pastil&Chill/assets/scripts/DatabaseManager.ts as cce:/internal/x/cc.
debug: Resolve cc from file:///D:/Pastil&Chill/assets/scripts/DatabaseManager.ts as cce:/internal/x/cc.
debug: Target(preview) ends with cost 150.44849997758865ms.
debug: Dispatch build request for time accumulated 1 asset changes.
debug: Build iteration starts.
Number of accumulated asset changes: 1
Feature changed: false
debug: Target(editor) build started.
debug: Detected change: cce:/internal/x/prerequisite-imports. Last mtime: Thu Jan 01 1970 10:17:13 GMT+0800 (China Standard Time), Current mtime: Thu Jan 01 1970 10:17:25 GMT+0800 (China Standard Time)
debug: Inspect cce:/internal/x/prerequisite-imports
debug: Resolve file:///D:/Pastil&Chill/assets/scripts/DatabaseManager.ts from cce:/internal/x/prerequisite-imports as file:///D:/Pastil&Chill/assets/scripts/DatabaseManager.ts.
debug: Detected change: file:///D:/Pastil&Chill/assets/scripts/DatabaseManager.ts. Last mtime: Fri Oct 31 2025 14:32:17 GMT+0800 (China Standard Time)@eaafa23b-761a-47fb-98b8-f5d55a744646, Current mtime: Fri Oct 31 2025 14:32:29 GMT+0800 (China Standard Time)@eaafa23b-761a-47fb-98b8-f5d55a744646
debug: Inspect file:///D:/Pastil&Chill/assets/scripts/DatabaseManager.ts
debug: Resolve cc from file:///D:/Pastil&Chill/assets/scripts/DatabaseManager.ts as cce:/internal/x/cc.
debug: Resolve cc from file:///D:/Pastil&Chill/assets/scripts/DatabaseManager.ts as cce:/internal/x/cc.
debug: Resolve cc from file:///D:/Pastil&Chill/assets/scripts/DatabaseManager.ts as cce:/internal/x/cc.
debug: Target(editor) ends with cost 87.39890003204346ms.
debug: Target(preview) build started.
debug: Detected change: cce:/internal/x/prerequisite-imports. Last mtime: Thu Jan 01 1970 10:17:13 GMT+0800 (China Standard Time), Current mtime: Thu Jan 01 1970 10:17:25 GMT+0800 (China Standard Time)
debug: Inspect cce:/internal/x/prerequisite-imports
debug: Resolve file:///D:/Pastil&Chill/assets/scripts/DatabaseManager.ts from cce:/internal/x/prerequisite-imports as file:///D:/Pastil&Chill/assets/scripts/DatabaseManager.ts.
debug: Detected change: file:///D:/Pastil&Chill/assets/scripts/DatabaseManager.ts. Last mtime: Fri Oct 31 2025 14:32:17 GMT+0800 (China Standard Time)@eaafa23b-761a-47fb-98b8-f5d55a744646, Current mtime: Fri Oct 31 2025 14:32:29 GMT+0800 (China Standard Time)@eaafa23b-761a-47fb-98b8-f5d55a744646
debug: Inspect file:///D:/Pastil&Chill/assets/scripts/DatabaseManager.ts
debug: Resolve cc from file:///D:/Pastil&Chill/assets/scripts/DatabaseManager.ts as cce:/internal/x/cc.
debug: Resolve cc from file:///D:/Pastil&Chill/assets/scripts/DatabaseManager.ts as cce:/internal/x/cc.
debug: Resolve cc from file:///D:/Pastil&Chill/assets/scripts/DatabaseManager.ts as cce:/internal/x/cc.
debug: Target(preview) ends with cost 109.23499995470047ms.
debug: Dispatch build request for time accumulated 1 asset changes.
debug: Build iteration starts.
Number of accumulated asset changes: 1
Feature changed: false
debug: Target(editor) build started.
debug: Detected change: cce:/internal/x/prerequisite-imports. Last mtime: Thu Jan 01 1970 10:17:25 GMT+0800 (China Standard Time), Current mtime: Thu Jan 01 1970 10:17:46 GMT+0800 (China Standard Time)
debug: Inspect cce:/internal/x/prerequisite-imports
debug: Resolve file:///D:/Pastil&Chill/assets/scripts/DatabaseManager.ts from cce:/internal/x/prerequisite-imports as file:///D:/Pastil&Chill/assets/scripts/DatabaseManager.ts.
debug: Detected change: file:///D:/Pastil&Chill/assets/scripts/DatabaseManager.ts. Last mtime: Fri Oct 31 2025 14:32:29 GMT+0800 (China Standard Time)@eaafa23b-761a-47fb-98b8-f5d55a744646, Current mtime: Fri Oct 31 2025 14:32:51 GMT+0800 (China Standard Time)@eaafa23b-761a-47fb-98b8-f5d55a744646
debug: Inspect file:///D:/Pastil&Chill/assets/scripts/DatabaseManager.ts
debug: Resolve cc from file:///D:/Pastil&Chill/assets/scripts/DatabaseManager.ts as cce:/internal/x/cc.
debug: Resolve cc from file:///D:/Pastil&Chill/assets/scripts/DatabaseManager.ts as cce:/internal/x/cc.
debug: Resolve cc from file:///D:/Pastil&Chill/assets/scripts/DatabaseManager.ts as cce:/internal/x/cc.
debug: Target(editor) ends with cost 93.21160000562668ms.
debug: Target(preview) build started.
debug: Detected change: cce:/internal/x/prerequisite-imports. Last mtime: Thu Jan 01 1970 10:17:25 GMT+0800 (China Standard Time), Current mtime: Thu Jan 01 1970 10:17:47 GMT+0800 (China Standard Time)
debug: Inspect cce:/internal/x/prerequisite-imports
debug: Resolve file:///D:/Pastil&Chill/assets/scripts/DatabaseManager.ts from cce:/internal/x/prerequisite-imports as file:///D:/Pastil&Chill/assets/scripts/DatabaseManager.ts.
debug: Detected change: file:///D:/Pastil&Chill/assets/scripts/DatabaseManager.ts. Last mtime: Fri Oct 31 2025 14:32:29 GMT+0800 (China Standard Time)@eaafa23b-761a-47fb-98b8-f5d55a744646, Current mtime: Fri Oct 31 2025 14:32:51 GMT+0800 (China Standard Time)@eaafa23b-761a-47fb-98b8-f5d55a744646
debug: Inspect file:///D:/Pastil&Chill/assets/scripts/DatabaseManager.ts
debug: Resolve cc from file:///D:/Pastil&Chill/assets/scripts/DatabaseManager.ts as cce:/internal/x/cc.
debug: Resolve cc from file:///D:/Pastil&Chill/assets/scripts/DatabaseManager.ts as cce:/internal/x/cc.
debug: Resolve cc from file:///D:/Pastil&Chill/assets/scripts/DatabaseManager.ts as cce:/internal/x/cc.
debug: Target(preview) ends with cost 126.38319998979568ms.
debug: Dispatch build request for time accumulated 1 asset changes.
debug: Build iteration starts.
Number of accumulated asset changes: 1
Feature changed: false
debug: Target(editor) build started.
debug: Detected change: cce:/internal/x/prerequisite-imports. Last mtime: Thu Jan 01 1970 10:17:46 GMT+0800 (China Standard Time), Current mtime: Thu Jan 01 1970 10:17:57 GMT+0800 (China Standard Time)
debug: Inspect cce:/internal/x/prerequisite-imports
debug: Resolve file:///D:/Pastil&Chill/assets/scripts/DatabaseManager.ts from cce:/internal/x/prerequisite-imports as file:///D:/Pastil&Chill/assets/scripts/DatabaseManager.ts.
debug: Detected change: file:///D:/Pastil&Chill/assets/scripts/DatabaseManager.ts. Last mtime: Fri Oct 31 2025 14:32:51 GMT+0800 (China Standard Time)@eaafa23b-761a-47fb-98b8-f5d55a744646, Current mtime: Fri Oct 31 2025 14:33:02 GMT+0800 (China Standard Time)@eaafa23b-761a-47fb-98b8-f5d55a744646
debug: Inspect file:///D:/Pastil&Chill/assets/scripts/DatabaseManager.ts
debug: Resolve cc from file:///D:/Pastil&Chill/assets/scripts/DatabaseManager.ts as cce:/internal/x/cc.
debug: Resolve cc from file:///D:/Pastil&Chill/assets/scripts/DatabaseManager.ts as cce:/internal/x/cc.
debug: Resolve cc from file:///D:/Pastil&Chill/assets/scripts/DatabaseManager.ts as cce:/internal/x/cc.
debug: Target(editor) ends with cost 86.80709999799728ms.
debug: Target(preview) build started.
debug: Detected change: cce:/internal/x/prerequisite-imports. Last mtime: Thu Jan 01 1970 10:17:47 GMT+0800 (China Standard Time), Current mtime: Thu Jan 01 1970 10:17:57 GMT+0800 (China Standard Time)
debug: Inspect cce:/internal/x/prerequisite-imports
debug: Resolve file:///D:/Pastil&Chill/assets/scripts/DatabaseManager.ts from cce:/internal/x/prerequisite-imports as file:///D:/Pastil&Chill/assets/scripts/DatabaseManager.ts.
debug: Detected change: file:///D:/Pastil&Chill/assets/scripts/DatabaseManager.ts. Last mtime: Fri Oct 31 2025 14:32:51 GMT+0800 (China Standard Time)@eaafa23b-761a-47fb-98b8-f5d55a744646, Current mtime: Fri Oct 31 2025 14:33:02 GMT+0800 (China Standard Time)@eaafa23b-761a-47fb-98b8-f5d55a744646
debug: Inspect file:///D:/Pastil&Chill/assets/scripts/DatabaseManager.ts
debug: Resolve cc from file:///D:/Pastil&Chill/assets/scripts/DatabaseManager.ts as cce:/internal/x/cc.
debug: Resolve cc from file:///D:/Pastil&Chill/assets/scripts/DatabaseManager.ts as cce:/internal/x/cc.
debug: Resolve cc from file:///D:/Pastil&Chill/assets/scripts/DatabaseManager.ts as cce:/internal/x/cc.
debug: Target(preview) ends with cost 81.87029999494553ms.
debug: Dispatch build request for time accumulated 1 asset changes.
debug: Build iteration starts.
Number of accumulated asset changes: 1
Feature changed: false
debug: Target(editor) build started.
debug: Detected change: cce:/internal/x/prerequisite-imports. Last mtime: Thu Jan 01 1970 10:17:57 GMT+0800 (China Standard Time), Current mtime: Thu Jan 01 1970 10:18:19 GMT+0800 (China Standard Time)
debug: Inspect cce:/internal/x/prerequisite-imports
debug: Resolve file:///D:/Pastil&Chill/assets/scripts/DatabaseManager.ts from cce:/internal/x/prerequisite-imports as file:///D:/Pastil&Chill/assets/scripts/DatabaseManager.ts.
debug: Detected change: file:///D:/Pastil&Chill/assets/scripts/DatabaseManager.ts. Last mtime: Fri Oct 31 2025 14:33:02 GMT+0800 (China Standard Time)@eaafa23b-761a-47fb-98b8-f5d55a744646, Current mtime: Fri Oct 31 2025 14:33:23 GMT+0800 (China Standard Time)@eaafa23b-761a-47fb-98b8-f5d55a744646
debug: Inspect file:///D:/Pastil&Chill/assets/scripts/DatabaseManager.ts
debug: Resolve cc from file:///D:/Pastil&Chill/assets/scripts/DatabaseManager.ts as cce:/internal/x/cc.
debug: Resolve cc from file:///D:/Pastil&Chill/assets/scripts/DatabaseManager.ts as cce:/internal/x/cc.
debug: Resolve cc from file:///D:/Pastil&Chill/assets/scripts/DatabaseManager.ts as cce:/internal/x/cc.
debug: Target(editor) ends with cost 61.787599980831146ms.
debug: Target(preview) build started.
debug: Detected change: cce:/internal/x/prerequisite-imports. Last mtime: Thu Jan 01 1970 10:17:57 GMT+0800 (China Standard Time), Current mtime: Thu Jan 01 1970 10:18:19 GMT+0800 (China Standard Time)
debug: Inspect cce:/internal/x/prerequisite-imports
debug: Resolve file:///D:/Pastil&Chill/assets/scripts/DatabaseManager.ts from cce:/internal/x/prerequisite-imports as file:///D:/Pastil&Chill/assets/scripts/DatabaseManager.ts.
debug: Detected change: file:///D:/Pastil&Chill/assets/scripts/DatabaseManager.ts. Last mtime: Fri Oct 31 2025 14:33:02 GMT+0800 (China Standard Time)@eaafa23b-761a-47fb-98b8-f5d55a744646, Current mtime: Fri Oct 31 2025 14:33:23 GMT+0800 (China Standard Time)@eaafa23b-761a-47fb-98b8-f5d55a744646
debug: Inspect file:///D:/Pastil&Chill/assets/scripts/DatabaseManager.ts
debug: Resolve cc from file:///D:/Pastil&Chill/assets/scripts/DatabaseManager.ts as cce:/internal/x/cc.
debug: Resolve cc from file:///D:/Pastil&Chill/assets/scripts/DatabaseManager.ts as cce:/internal/x/cc.
debug: Resolve cc from file:///D:/Pastil&Chill/assets/scripts/DatabaseManager.ts as cce:/internal/x/cc.
debug: Target(preview) ends with cost 85.95899999141693ms.
debug: Dispatch build request for time accumulated 1 asset changes.
debug: Build iteration starts.
Number of accumulated asset changes: 1
Feature changed: false
debug: Target(editor) build started.
debug: Detected change: cce:/internal/x/prerequisite-imports. Last mtime: Thu Jan 01 1970 10:18:19 GMT+0800 (China Standard Time), Current mtime: Thu Jan 01 1970 10:18:35 GMT+0800 (China Standard Time)
debug: Inspect cce:/internal/x/prerequisite-imports
debug: Resolve file:///D:/Pastil&Chill/assets/scripts/DatabaseManager.ts from cce:/internal/x/prerequisite-imports as file:///D:/Pastil&Chill/assets/scripts/DatabaseManager.ts.
debug: Detected change: file:///D:/Pastil&Chill/assets/scripts/DatabaseManager.ts. Last mtime: Fri Oct 31 2025 14:33:23 GMT+0800 (China Standard Time)@eaafa23b-761a-47fb-98b8-f5d55a744646, Current mtime: Fri Oct 31 2025 14:33:40 GMT+0800 (China Standard Time)@eaafa23b-761a-47fb-98b8-f5d55a744646
debug: Inspect file:///D:/Pastil&Chill/assets/scripts/DatabaseManager.ts
debug: Resolve cc from file:///D:/Pastil&Chill/assets/scripts/DatabaseManager.ts as cce:/internal/x/cc.
debug: Resolve cc from file:///D:/Pastil&Chill/assets/scripts/DatabaseManager.ts as cce:/internal/x/cc.
debug: Resolve cc from file:///D:/Pastil&Chill/assets/scripts/DatabaseManager.ts as cce:/internal/x/cc.
debug: Target(editor) ends with cost 87.10299998521805ms.
debug: Target(preview) build started.
debug: Detected change: cce:/internal/x/prerequisite-imports. Last mtime: Thu Jan 01 1970 10:18:19 GMT+0800 (China Standard Time), Current mtime: Thu Jan 01 1970 10:18:35 GMT+0800 (China Standard Time)
debug: Inspect cce:/internal/x/prerequisite-imports
debug: Resolve file:///D:/Pastil&Chill/assets/scripts/DatabaseManager.ts from cce:/internal/x/prerequisite-imports as file:///D:/Pastil&Chill/assets/scripts/DatabaseManager.ts.
debug: Detected change: file:///D:/Pastil&Chill/assets/scripts/DatabaseManager.ts. Last mtime: Fri Oct 31 2025 14:33:23 GMT+0800 (China Standard Time)@eaafa23b-761a-47fb-98b8-f5d55a744646, Current mtime: Fri Oct 31 2025 14:33:40 GMT+0800 (China Standard Time)@eaafa23b-761a-47fb-98b8-f5d55a744646
debug: Inspect file:///D:/Pastil&Chill/assets/scripts/DatabaseManager.ts
debug: Resolve cc from file:///D:/Pastil&Chill/assets/scripts/DatabaseManager.ts as cce:/internal/x/cc.
debug: Resolve cc from file:///D:/Pastil&Chill/assets/scripts/DatabaseManager.ts as cce:/internal/x/cc.
debug: Resolve cc from file:///D:/Pastil&Chill/assets/scripts/DatabaseManager.ts as cce:/internal/x/cc.
debug: Target(preview) ends with cost 99.2082000374794ms.
debug: Dispatch build request for time accumulated 1 asset changes.
debug: Build iteration starts.
Number of accumulated asset changes: 1
Feature changed: false
debug: Target(editor) build started.
debug: Detected change: cce:/internal/x/prerequisite-imports. Last mtime: Thu Jan 01 1970 10:18:35 GMT+0800 (China Standard Time), Current mtime: Thu Jan 01 1970 10:18:50 GMT+0800 (China Standard Time)
debug: Inspect cce:/internal/x/prerequisite-imports
debug: Resolve file:///D:/Pastil&Chill/assets/scripts/DatabaseManager.ts from cce:/internal/x/prerequisite-imports as file:///D:/Pastil&Chill/assets/scripts/DatabaseManager.ts.
debug: Detected change: file:///D:/Pastil&Chill/assets/scripts/DatabaseManager.ts. Last mtime: Fri Oct 31 2025 14:33:40 GMT+0800 (China Standard Time)@eaafa23b-761a-47fb-98b8-f5d55a744646, Current mtime: Fri Oct 31 2025 14:33:55 GMT+0800 (China Standard Time)@eaafa23b-761a-47fb-98b8-f5d55a744646
debug: Inspect file:///D:/Pastil&Chill/assets/scripts/DatabaseManager.ts
debug: Resolve cc from file:///D:/Pastil&Chill/assets/scripts/DatabaseManager.ts as cce:/internal/x/cc.
debug: Resolve cc from file:///D:/Pastil&Chill/assets/scripts/DatabaseManager.ts as cce:/internal/x/cc.
debug: Resolve cc from file:///D:/Pastil&Chill/assets/scripts/DatabaseManager.ts as cce:/internal/x/cc.
debug: Target(editor) ends with cost 63.07530003786087ms.
debug: Target(preview) build started.
debug: Detected change: cce:/internal/x/prerequisite-imports. Last mtime: Thu Jan 01 1970 10:18:35 GMT+0800 (China Standard Time), Current mtime: Thu Jan 01 1970 10:18:50 GMT+0800 (China Standard Time)
debug: Inspect cce:/internal/x/prerequisite-imports
debug: Resolve file:///D:/Pastil&Chill/assets/scripts/DatabaseManager.ts from cce:/internal/x/prerequisite-imports as file:///D:/Pastil&Chill/assets/scripts/DatabaseManager.ts.
debug: Detected change: file:///D:/Pastil&Chill/assets/scripts/DatabaseManager.ts. Last mtime: Fri Oct 31 2025 14:33:40 GMT+0800 (China Standard Time)@eaafa23b-761a-47fb-98b8-f5d55a744646, Current mtime: Fri Oct 31 2025 14:33:55 GMT+0800 (China Standard Time)@eaafa23b-761a-47fb-98b8-f5d55a744646
debug: Inspect file:///D:/Pastil&Chill/assets/scripts/DatabaseManager.ts
debug: Resolve cc from file:///D:/Pastil&Chill/assets/scripts/DatabaseManager.ts as cce:/internal/x/cc.
debug: Resolve cc from file:///D:/Pastil&Chill/assets/scripts/DatabaseManager.ts as cce:/internal/x/cc.
debug: Resolve cc from file:///D:/Pastil&Chill/assets/scripts/DatabaseManager.ts as cce:/internal/x/cc.
debug: Target(preview) ends with cost 117.19220000505447ms.
debug: Dispatch build request for time accumulated 1 asset changes.
debug: Build iteration starts.
Number of accumulated asset changes: 1
Feature changed: false
debug: Target(editor) build started.
debug: Detected change: cce:/internal/x/prerequisite-imports. Last mtime: Thu Jan 01 1970 10:18:50 GMT+0800 (China Standard Time), Current mtime: Thu Jan 01 1970 10:19:08 GMT+0800 (China Standard Time)
debug: Inspect cce:/internal/x/prerequisite-imports
debug: Resolve file:///D:/Pastil&Chill/assets/scripts/DatabaseManager.ts from cce:/internal/x/prerequisite-imports as file:///D:/Pastil&Chill/assets/scripts/DatabaseManager.ts.
debug: Detected change: file:///D:/Pastil&Chill/assets/scripts/DatabaseManager.ts. Last mtime: Fri Oct 31 2025 14:33:55 GMT+0800 (China Standard Time)@eaafa23b-761a-47fb-98b8-f5d55a744646, Current mtime: Fri Oct 31 2025 14:34:12 GMT+0800 (China Standard Time)@eaafa23b-761a-47fb-98b8-f5d55a744646
debug: Inspect file:///D:/Pastil&Chill/assets/scripts/DatabaseManager.ts
debug: Resolve cc from file:///D:/Pastil&Chill/assets/scripts/DatabaseManager.ts as cce:/internal/x/cc.
debug: Resolve cc from file:///D:/Pastil&Chill/assets/scripts/DatabaseManager.ts as cce:/internal/x/cc.
debug: Resolve cc from file:///D:/Pastil&Chill/assets/scripts/DatabaseManager.ts as cce:/internal/x/cc.
debug: Target(editor) ends with cost 57.93489998579025ms.
debug: Target(preview) build started.
debug: Detected change: cce:/internal/x/prerequisite-imports. Last mtime: Thu Jan 01 1970 10:18:50 GMT+0800 (China Standard Time), Current mtime: Thu Jan 01 1970 10:19:08 GMT+0800 (China Standard Time)
debug: Inspect cce:/internal/x/prerequisite-imports
debug: Resolve file:///D:/Pastil&Chill/assets/scripts/DatabaseManager.ts from cce:/internal/x/prerequisite-imports as file:///D:/Pastil&Chill/assets/scripts/DatabaseManager.ts.
debug: Detected change: file:///D:/Pastil&Chill/assets/scripts/DatabaseManager.ts. Last mtime: Fri Oct 31 2025 14:33:55 GMT+0800 (China Standard Time)@eaafa23b-761a-47fb-98b8-f5d55a744646, Current mtime: Fri Oct 31 2025 14:34:12 GMT+0800 (China Standard Time)@eaafa23b-761a-47fb-98b8-f5d55a744646
debug: Inspect file:///D:/Pastil&Chill/assets/scripts/DatabaseManager.ts
debug: Resolve cc from file:///D:/Pastil&Chill/assets/scripts/DatabaseManager.ts as cce:/internal/x/cc.
debug: Resolve cc from file:///D:/Pastil&Chill/assets/scripts/DatabaseManager.ts as cce:/internal/x/cc.
debug: Resolve cc from file:///D:/Pastil&Chill/assets/scripts/DatabaseManager.ts as cce:/internal/x/cc.
debug: Target(preview) ends with cost 71.85570001602173ms.
debug: Dispatch build request for time accumulated 1 asset changes.
debug: Build iteration starts.
Number of accumulated asset changes: 1
Feature changed: false
debug: Target(editor) build started.
debug: Detected change: cce:/internal/x/prerequisite-imports. Last mtime: Thu Jan 01 1970 10:19:08 GMT+0800 (China Standard Time), Current mtime: Thu Jan 01 1970 10:19:15 GMT+0800 (China Standard Time)
debug: Inspect cce:/internal/x/prerequisite-imports
debug: Resolve file:///D:/Pastil&Chill/assets/scripts/DatabaseManager.ts from cce:/internal/x/prerequisite-imports as file:///D:/Pastil&Chill/assets/scripts/DatabaseManager.ts.
debug: Detected change: file:///D:/Pastil&Chill/assets/scripts/DatabaseManager.ts. Last mtime: Fri Oct 31 2025 14:34:12 GMT+0800 (China Standard Time)@eaafa23b-761a-47fb-98b8-f5d55a744646, Current mtime: Fri Oct 31 2025 14:34:20 GMT+0800 (China Standard Time)@eaafa23b-761a-47fb-98b8-f5d55a744646
debug: Inspect file:///D:/Pastil&Chill/assets/scripts/DatabaseManager.ts
debug: Resolve cc from file:///D:/Pastil&Chill/assets/scripts/DatabaseManager.ts as cce:/internal/x/cc.
debug: Resolve cc from file:///D:/Pastil&Chill/assets/scripts/DatabaseManager.ts as cce:/internal/x/cc.
debug: Resolve cc from file:///D:/Pastil&Chill/assets/scripts/DatabaseManager.ts as cce:/internal/x/cc.
debug: Target(editor) ends with cost 82.79030001163483ms.
debug: Target(preview) build started.
debug: Detected change: cce:/internal/x/prerequisite-imports. Last mtime: Thu Jan 01 1970 10:19:08 GMT+0800 (China Standard Time), Current mtime: Thu Jan 01 1970 10:19:15 GMT+0800 (China Standard Time)
debug: Inspect cce:/internal/x/prerequisite-imports
debug: Resolve file:///D:/Pastil&Chill/assets/scripts/DatabaseManager.ts from cce:/internal/x/prerequisite-imports as file:///D:/Pastil&Chill/assets/scripts/DatabaseManager.ts.
debug: Detected change: file:///D:/Pastil&Chill/assets/scripts/DatabaseManager.ts. Last mtime: Fri Oct 31 2025 14:34:12 GMT+0800 (China Standard Time)@eaafa23b-761a-47fb-98b8-f5d55a744646, Current mtime: Fri Oct 31 2025 14:34:20 GMT+0800 (China Standard Time)@eaafa23b-761a-47fb-98b8-f5d55a744646
debug: Inspect file:///D:/Pastil&Chill/assets/scripts/DatabaseManager.ts
debug: Resolve cc from file:///D:/Pastil&Chill/assets/scripts/DatabaseManager.ts as cce:/internal/x/cc.
debug: Resolve cc from file:///D:/Pastil&Chill/assets/scripts/DatabaseManager.ts as cce:/internal/x/cc.
debug: Resolve cc from file:///D:/Pastil&Chill/assets/scripts/DatabaseManager.ts as cce:/internal/x/cc.
debug: Target(preview) ends with cost 103.93599998950958ms.
debug: Dispatch build request for time accumulated 1 asset changes.
debug: Build iteration starts.
Number of accumulated asset changes: 1
Feature changed: false
debug: Target(editor) build started.
debug: Detected change: cce:/internal/x/prerequisite-imports. Last mtime: Thu Jan 01 1970 10:19:15 GMT+0800 (China Standard Time), Current mtime: Thu Jan 01 1970 10:19:25 GMT+0800 (China Standard Time)
debug: Inspect cce:/internal/x/prerequisite-imports
debug: Resolve file:///D:/Pastil&Chill/assets/scripts/DatabaseManager.ts from cce:/internal/x/prerequisite-imports as file:///D:/Pastil&Chill/assets/scripts/DatabaseManager.ts.
debug: Detected change: file:///D:/Pastil&Chill/assets/scripts/DatabaseManager.ts. Last mtime: Fri Oct 31 2025 14:34:20 GMT+0800 (China Standard Time)@eaafa23b-761a-47fb-98b8-f5d55a744646, Current mtime: Fri Oct 31 2025 14:34:29 GMT+0800 (China Standard Time)@eaafa23b-761a-47fb-98b8-f5d55a744646
debug: Inspect file:///D:/Pastil&Chill/assets/scripts/DatabaseManager.ts
debug: Resolve cc from file:///D:/Pastil&Chill/assets/scripts/DatabaseManager.ts as cce:/internal/x/cc.
debug: Resolve cc from file:///D:/Pastil&Chill/assets/scripts/DatabaseManager.ts as cce:/internal/x/cc.
debug: Resolve cc from file:///D:/Pastil&Chill/assets/scripts/DatabaseManager.ts as cce:/internal/x/cc.
debug: Target(editor) ends with cost 52.86599999666214ms.
debug: Target(preview) build started.
debug: Detected change: cce:/internal/x/prerequisite-imports. Last mtime: Thu Jan 01 1970 10:19:15 GMT+0800 (China Standard Time), Current mtime: Thu Jan 01 1970 10:19:25 GMT+0800 (China Standard Time)
debug: Inspect cce:/internal/x/prerequisite-imports
debug: Resolve file:///D:/Pastil&Chill/assets/scripts/DatabaseManager.ts from cce:/internal/x/prerequisite-imports as file:///D:/Pastil&Chill/assets/scripts/DatabaseManager.ts.
debug: Detected change: file:///D:/Pastil&Chill/assets/scripts/DatabaseManager.ts. Last mtime: Fri Oct 31 2025 14:34:20 GMT+0800 (China Standard Time)@eaafa23b-761a-47fb-98b8-f5d55a744646, Current mtime: Fri Oct 31 2025 14:34:29 GMT+0800 (China Standard Time)@eaafa23b-761a-47fb-98b8-f5d55a744646
debug: Inspect file:///D:/Pastil&Chill/assets/scripts/DatabaseManager.ts
debug: Resolve cc from file:///D:/Pastil&Chill/assets/scripts/DatabaseManager.ts as cce:/internal/x/cc.
debug: Resolve cc from file:///D:/Pastil&Chill/assets/scripts/DatabaseManager.ts as cce:/internal/x/cc.
debug: Resolve cc from file:///D:/Pastil&Chill/assets/scripts/DatabaseManager.ts as cce:/internal/x/cc.
debug: Target(preview) ends with cost 70.72330003976822ms.
debug: Dispatch build request for time accumulated 1 asset changes.
debug: Build iteration starts.
Number of accumulated asset changes: 1
Feature changed: false
debug: Target(editor) build started.
debug: Detected change: cce:/internal/x/prerequisite-imports. Last mtime: Thu Jan 01 1970 10:19:25 GMT+0800 (China Standard Time), Current mtime: Thu Jan 01 1970 10:19:36 GMT+0800 (China Standard Time)
debug: Inspect cce:/internal/x/prerequisite-imports
debug: Resolve file:///D:/Pastil&Chill/assets/scripts/DatabaseManager.ts from cce:/internal/x/prerequisite-imports as file:///D:/Pastil&Chill/assets/scripts/DatabaseManager.ts.
debug: Detected change: file:///D:/Pastil&Chill/assets/scripts/DatabaseManager.ts. Last mtime: Fri Oct 31 2025 14:34:29 GMT+0800 (China Standard Time)@eaafa23b-761a-47fb-98b8-f5d55a744646, Current mtime: Fri Oct 31 2025 14:34:41 GMT+0800 (China Standard Time)@eaafa23b-761a-47fb-98b8-f5d55a744646
debug: Inspect file:///D:/Pastil&Chill/assets/scripts/DatabaseManager.ts
debug: Resolve cc from file:///D:/Pastil&Chill/assets/scripts/DatabaseManager.ts as cce:/internal/x/cc.
debug: Resolve cc from file:///D:/Pastil&Chill/assets/scripts/DatabaseManager.ts as cce:/internal/x/cc.
debug: Resolve cc from file:///D:/Pastil&Chill/assets/scripts/DatabaseManager.ts as cce:/internal/x/cc.
debug: Target(editor) ends with cost 58.0842000246048ms.
debug: Target(preview) build started.
debug: Detected change: cce:/internal/x/prerequisite-imports. Last mtime: Thu Jan 01 1970 10:19:25 GMT+0800 (China Standard Time), Current mtime: Thu Jan 01 1970 10:19:36 GMT+0800 (China Standard Time)
debug: Inspect cce:/internal/x/prerequisite-imports
debug: Resolve file:///D:/Pastil&Chill/assets/scripts/DatabaseManager.ts from cce:/internal/x/prerequisite-imports as file:///D:/Pastil&Chill/assets/scripts/DatabaseManager.ts.
debug: Detected change: file:///D:/Pastil&Chill/assets/scripts/DatabaseManager.ts. Last mtime: Fri Oct 31 2025 14:34:29 GMT+0800 (China Standard Time)@eaafa23b-761a-47fb-98b8-f5d55a744646, Current mtime: Fri Oct 31 2025 14:34:41 GMT+0800 (China Standard Time)@eaafa23b-761a-47fb-98b8-f5d55a744646
debug: Inspect file:///D:/Pastil&Chill/assets/scripts/DatabaseManager.ts
debug: Resolve cc from file:///D:/Pastil&Chill/assets/scripts/DatabaseManager.ts as cce:/internal/x/cc.
debug: Resolve cc from file:///D:/Pastil&Chill/assets/scripts/DatabaseManager.ts as cce:/internal/x/cc.
debug: Resolve cc from file:///D:/Pastil&Chill/assets/scripts/DatabaseManager.ts as cce:/internal/x/cc.
debug: Target(preview) ends with cost 75.09909999370575ms.
debug: Dispatch build request for time accumulated 1 asset changes.
debug: Build iteration starts.
Number of accumulated asset changes: 1
Feature changed: false
debug: Target(editor) build started.
debug: Detected change: cce:/internal/x/prerequisite-imports. Last mtime: Thu Jan 01 1970 10:19:36 GMT+0800 (China Standard Time), Current mtime: Thu Jan 01 1970 10:19:44 GMT+0800 (China Standard Time)
debug: Inspect cce:/internal/x/prerequisite-imports
debug: Resolve file:///D:/Pastil&Chill/assets/scripts/DatabaseManager.ts from cce:/internal/x/prerequisite-imports as file:///D:/Pastil&Chill/assets/scripts/DatabaseManager.ts.
debug: Detected change: file:///D:/Pastil&Chill/assets/scripts/DatabaseManager.ts. Last mtime: Fri Oct 31 2025 14:34:41 GMT+0800 (China Standard Time)@eaafa23b-761a-47fb-98b8-f5d55a744646, Current mtime: Fri Oct 31 2025 14:34:49 GMT+0800 (China Standard Time)@eaafa23b-761a-47fb-98b8-f5d55a744646
debug: Inspect file:///D:/Pastil&Chill/assets/scripts/DatabaseManager.ts
debug: Resolve cc from file:///D:/Pastil&Chill/assets/scripts/DatabaseManager.ts as cce:/internal/x/cc.
debug: Resolve cc from file:///D:/Pastil&Chill/assets/scripts/DatabaseManager.ts as cce:/internal/x/cc.
debug: Resolve cc from file:///D:/Pastil&Chill/assets/scripts/DatabaseManager.ts as cce:/internal/x/cc.
debug: Target(editor) ends with cost 57.24940001964569ms.
debug: Target(preview) build started.
debug: Detected change: cce:/internal/x/prerequisite-imports. Last mtime: Thu Jan 01 1970 10:19:36 GMT+0800 (China Standard Time), Current mtime: Thu Jan 01 1970 10:19:44 GMT+0800 (China Standard Time)
debug: Inspect cce:/internal/x/prerequisite-imports
debug: Resolve file:///D:/Pastil&Chill/assets/scripts/DatabaseManager.ts from cce:/internal/x/prerequisite-imports as file:///D:/Pastil&Chill/assets/scripts/DatabaseManager.ts.
debug: Detected change: file:///D:/Pastil&Chill/assets/scripts/DatabaseManager.ts. Last mtime: Fri Oct 31 2025 14:34:41 GMT+0800 (China Standard Time)@eaafa23b-761a-47fb-98b8-f5d55a744646, Current mtime: Fri Oct 31 2025 14:34:49 GMT+0800 (China Standard Time)@eaafa23b-761a-47fb-98b8-f5d55a744646
debug: Inspect file:///D:/Pastil&Chill/assets/scripts/DatabaseManager.ts
debug: Resolve cc from file:///D:/Pastil&Chill/assets/scripts/DatabaseManager.ts as cce:/internal/x/cc.
debug: Resolve cc from file:///D:/Pastil&Chill/assets/scripts/DatabaseManager.ts as cce:/internal/x/cc.
debug: Resolve cc from file:///D:/Pastil&Chill/assets/scripts/DatabaseManager.ts as cce:/internal/x/cc.
debug: Target(preview) ends with cost 69.7451999783516ms.
debug: Dispatch build request for time accumulated 1 asset changes.
debug: Build iteration starts.
Number of accumulated asset changes: 1
Feature changed: false
debug: Target(editor) build started.
debug: Detected change: cce:/internal/x/prerequisite-imports. Last mtime: Thu Jan 01 1970 10:19:44 GMT+0800 (China Standard Time), Current mtime: Thu Jan 01 1970 10:19:53 GMT+0800 (China Standard Time)
debug: Inspect cce:/internal/x/prerequisite-imports
debug: Resolve file:///D:/Pastil&Chill/assets/scripts/DatabaseManager.ts from cce:/internal/x/prerequisite-imports as file:///D:/Pastil&Chill/assets/scripts/DatabaseManager.ts.
debug: Detected change: file:///D:/Pastil&Chill/assets/scripts/DatabaseManager.ts. Last mtime: Fri Oct 31 2025 14:34:49 GMT+0800 (China Standard Time)@eaafa23b-761a-47fb-98b8-f5d55a744646, Current mtime: Fri Oct 31 2025 14:34:58 GMT+0800 (China Standard Time)@eaafa23b-761a-47fb-98b8-f5d55a744646
debug: Inspect file:///D:/Pastil&Chill/assets/scripts/DatabaseManager.ts
debug: Resolve cc from file:///D:/Pastil&Chill/assets/scripts/DatabaseManager.ts as cce:/internal/x/cc.
debug: Resolve cc from file:///D:/Pastil&Chill/assets/scripts/DatabaseManager.ts as cce:/internal/x/cc.
debug: Resolve cc from file:///D:/Pastil&Chill/assets/scripts/DatabaseManager.ts as cce:/internal/x/cc.
debug: Target(editor) ends with cost 78.10420000553131ms.
debug: Target(preview) build started.
debug: Detected change: cce:/internal/x/prerequisite-imports. Last mtime: Thu Jan 01 1970 10:19:44 GMT+0800 (China Standard Time), Current mtime: Thu Jan 01 1970 10:19:53 GMT+0800 (China Standard Time)
debug: Inspect cce:/internal/x/prerequisite-imports
debug: Resolve file:///D:/Pastil&Chill/assets/scripts/DatabaseManager.ts from cce:/internal/x/prerequisite-imports as file:///D:/Pastil&Chill/assets/scripts/DatabaseManager.ts.
debug: Detected change: file:///D:/Pastil&Chill/assets/scripts/DatabaseManager.ts. Last mtime: Fri Oct 31 2025 14:34:49 GMT+0800 (China Standard Time)@eaafa23b-761a-47fb-98b8-f5d55a744646, Current mtime: Fri Oct 31 2025 14:34:58 GMT+0800 (China Standard Time)@eaafa23b-761a-47fb-98b8-f5d55a744646
debug: Inspect file:///D:/Pastil&Chill/assets/scripts/DatabaseManager.ts
debug: Resolve cc from file:///D:/Pastil&Chill/assets/scripts/DatabaseManager.ts as cce:/internal/x/cc.
debug: Resolve cc from file:///D:/Pastil&Chill/assets/scripts/DatabaseManager.ts as cce:/internal/x/cc.
debug: Resolve cc from file:///D:/Pastil&Chill/assets/scripts/DatabaseManager.ts as cce:/internal/x/cc.
debug: Target(preview) ends with cost 86.48280000686646ms.
debug: Dispatch build request for time accumulated 1 asset changes.
debug: Build iteration starts.
Number of accumulated asset changes: 1
Feature changed: false
debug: Target(editor) build started.
debug: Detected change: cce:/internal/x/prerequisite-imports. Last mtime: Thu Jan 01 1970 10:19:53 GMT+0800 (China Standard Time), Current mtime: Thu Jan 01 1970 10:20:09 GMT+0800 (China Standard Time)
debug: Inspect cce:/internal/x/prerequisite-imports
debug: Resolve file:///D:/Pastil&Chill/assets/scripts/DatabaseManager.ts from cce:/internal/x/prerequisite-imports as file:///D:/Pastil&Chill/assets/scripts/DatabaseManager.ts.
debug: Detected change: file:///D:/Pastil&Chill/assets/scripts/DatabaseManager.ts. Last mtime: Fri Oct 31 2025 14:34:58 GMT+0800 (China Standard Time)@eaafa23b-761a-47fb-98b8-f5d55a744646, Current mtime: Fri Oct 31 2025 14:35:14 GMT+0800 (China Standard Time)@eaafa23b-761a-47fb-98b8-f5d55a744646
debug: Inspect file:///D:/Pastil&Chill/assets/scripts/DatabaseManager.ts
debug: Resolve cc from file:///D:/Pastil&Chill/assets/scripts/DatabaseManager.ts as cce:/internal/x/cc.
debug: Resolve cc from file:///D:/Pastil&Chill/assets/scripts/DatabaseManager.ts as cce:/internal/x/cc.
debug: Resolve cc from file:///D:/Pastil&Chill/assets/scripts/DatabaseManager.ts as cce:/internal/x/cc.
debug: Target(editor) ends with cost 66.25120002031326ms.
debug: Target(preview) build started.
debug: Detected change: cce:/internal/x/prerequisite-imports. Last mtime: Thu Jan 01 1970 10:19:53 GMT+0800 (China Standard Time), Current mtime: Thu Jan 01 1970 10:20:09 GMT+0800 (China Standard Time)
debug: Inspect cce:/internal/x/prerequisite-imports
debug: Resolve file:///D:/Pastil&Chill/assets/scripts/DatabaseManager.ts from cce:/internal/x/prerequisite-imports as file:///D:/Pastil&Chill/assets/scripts/DatabaseManager.ts.
debug: Detected change: file:///D:/Pastil&Chill/assets/scripts/DatabaseManager.ts. Last mtime: Fri Oct 31 2025 14:34:58 GMT+0800 (China Standard Time)@eaafa23b-761a-47fb-98b8-f5d55a744646, Current mtime: Fri Oct 31 2025 14:35:14 GMT+0800 (China Standard Time)@eaafa23b-761a-47fb-98b8-f5d55a744646
debug: Inspect file:///D:/Pastil&Chill/assets/scripts/DatabaseManager.ts
debug: Resolve cc from file:///D:/Pastil&Chill/assets/scripts/DatabaseManager.ts as cce:/internal/x/cc.
debug: Resolve cc from file:///D:/Pastil&Chill/assets/scripts/DatabaseManager.ts as cce:/internal/x/cc.
debug: Resolve cc from file:///D:/Pastil&Chill/assets/scripts/DatabaseManager.ts as cce:/internal/x/cc.
debug: Target(preview) ends with cost 76.89010000228882ms.
debug: Dispatch build request for time accumulated 1 asset changes.
debug: Build iteration starts.
Number of accumulated asset changes: 1
Feature changed: false
debug: Target(editor) build started.
debug: Detected change: cce:/internal/x/prerequisite-imports. Last mtime: Thu Jan 01 1970 10:20:09 GMT+0800 (China Standard Time), Current mtime: Thu Jan 01 1970 10:20:54 GMT+0800 (China Standard Time)
debug: Inspect cce:/internal/x/prerequisite-imports
debug: Resolve file:///D:/Pastil&Chill/assets/scripts/DatabaseManager.ts from cce:/internal/x/prerequisite-imports as file:///D:/Pastil&Chill/assets/scripts/DatabaseManager.ts.
debug: Detected change: file:///D:/Pastil&Chill/assets/scripts/DatabaseManager.ts. Last mtime: Fri Oct 31 2025 14:35:14 GMT+0800 (China Standard Time)@eaafa23b-761a-47fb-98b8-f5d55a744646, Current mtime: Fri Oct 31 2025 14:35:59 GMT+0800 (China Standard Time)@eaafa23b-761a-47fb-98b8-f5d55a744646
debug: Inspect file:///D:/Pastil&Chill/assets/scripts/DatabaseManager.ts
debug: Resolve cc from file:///D:/Pastil&Chill/assets/scripts/DatabaseManager.ts as cce:/internal/x/cc.
debug: Resolve cc from file:///D:/Pastil&Chill/assets/scripts/DatabaseManager.ts as cce:/internal/x/cc.
debug: Resolve cc from file:///D:/Pastil&Chill/assets/scripts/DatabaseManager.ts as cce:/internal/x/cc.
debug: Target(editor) ends with cost 128.01710003614426ms.
debug: Target(preview) build started.
debug: Detected change: cce:/internal/x/prerequisite-imports. Last mtime: Thu Jan 01 1970 10:20:09 GMT+0800 (China Standard Time), Current mtime: Thu Jan 01 1970 10:20:55 GMT+0800 (China Standard Time)
debug: Inspect cce:/internal/x/prerequisite-imports
debug: Resolve file:///D:/Pastil&Chill/assets/scripts/DatabaseManager.ts from cce:/internal/x/prerequisite-imports as file:///D:/Pastil&Chill/assets/scripts/DatabaseManager.ts.
debug: Detected change: file:///D:/Pastil&Chill/assets/scripts/DatabaseManager.ts. Last mtime: Fri Oct 31 2025 14:35:14 GMT+0800 (China Standard Time)@eaafa23b-761a-47fb-98b8-f5d55a744646, Current mtime: Fri Oct 31 2025 14:35:59 GMT+0800 (China Standard Time)@eaafa23b-761a-47fb-98b8-f5d55a744646
debug: Inspect file:///D:/Pastil&Chill/assets/scripts/DatabaseManager.ts
debug: Resolve cc from file:///D:/Pastil&Chill/assets/scripts/DatabaseManager.ts as cce:/internal/x/cc.
debug: Resolve cc from file:///D:/Pastil&Chill/assets/scripts/DatabaseManager.ts as cce:/internal/x/cc.
debug: Resolve cc from file:///D:/Pastil&Chill/assets/scripts/DatabaseManager.ts as cce:/internal/x/cc.
debug: Target(preview) ends with cost 99.8425999879837ms.
debug: Dispatch build request for time accumulated 1 asset changes.
debug: Build iteration starts.
Number of accumulated asset changes: 1
Feature changed: false
debug: Target(editor) build started.
debug: Detected change: cce:/internal/x/prerequisite-imports. Last mtime: Thu Jan 01 1970 10:20:54 GMT+0800 (China Standard Time), Current mtime: Thu Jan 01 1970 10:21:10 GMT+0800 (China Standard Time)
debug: Inspect cce:/internal/x/prerequisite-imports
debug: Resolve file:///D:/Pastil&Chill/assets/scripts/DatabaseManager.ts from cce:/internal/x/prerequisite-imports as file:///D:/Pastil&Chill/assets/scripts/DatabaseManager.ts.
debug: Detected change: file:///D:/Pastil&Chill/assets/scripts/DatabaseManager.ts. Last mtime: Fri Oct 31 2025 14:35:59 GMT+0800 (China Standard Time)@eaafa23b-761a-47fb-98b8-f5d55a744646, Current mtime: Fri Oct 31 2025 14:36:15 GMT+0800 (China Standard Time)@eaafa23b-761a-47fb-98b8-f5d55a744646
debug: Inspect file:///D:/Pastil&Chill/assets/scripts/DatabaseManager.ts
debug: Resolve cc from file:///D:/Pastil&Chill/assets/scripts/DatabaseManager.ts as cce:/internal/x/cc.
debug: Resolve cc from file:///D:/Pastil&Chill/assets/scripts/DatabaseManager.ts as cce:/internal/x/cc.
debug: Resolve cc from file:///D:/Pastil&Chill/assets/scripts/DatabaseManager.ts as cce:/internal/x/cc.
debug: Target(editor) ends with cost 62.43819999694824ms.
debug: Target(preview) build started.
debug: Detected change: cce:/internal/x/prerequisite-imports. Last mtime: Thu Jan 01 1970 10:20:55 GMT+0800 (China Standard Time), Current mtime: Thu Jan 01 1970 10:21:10 GMT+0800 (China Standard Time)
debug: Inspect cce:/internal/x/prerequisite-imports
debug: Resolve file:///D:/Pastil&Chill/assets/scripts/DatabaseManager.ts from cce:/internal/x/prerequisite-imports as file:///D:/Pastil&Chill/assets/scripts/DatabaseManager.ts.
debug: Detected change: file:///D:/Pastil&Chill/assets/scripts/DatabaseManager.ts. Last mtime: Fri Oct 31 2025 14:35:59 GMT+0800 (China Standard Time)@eaafa23b-761a-47fb-98b8-f5d55a744646, Current mtime: Fri Oct 31 2025 14:36:15 GMT+0800 (China Standard Time)@eaafa23b-761a-47fb-98b8-f5d55a744646
debug: Inspect file:///D:/Pastil&Chill/assets/scripts/DatabaseManager.ts
debug: Resolve cc from file:///D:/Pastil&Chill/assets/scripts/DatabaseManager.ts as cce:/internal/x/cc.
debug: Resolve cc from file:///D:/Pastil&Chill/assets/scripts/DatabaseManager.ts as cce:/internal/x/cc.
debug: Resolve cc from file:///D:/Pastil&Chill/assets/scripts/DatabaseManager.ts as cce:/internal/x/cc.
debug: Target(preview) ends with cost 75.11570000648499ms.
debug: Dispatch build request for time accumulated 1 asset changes.
debug: Build iteration starts.
Number of accumulated asset changes: 1
Feature changed: false
debug: Target(editor) build started.
debug: Detected change: cce:/internal/x/prerequisite-imports. Last mtime: Thu Jan 01 1970 10:21:10 GMT+0800 (China Standard Time), Current mtime: Thu Jan 01 1970 10:22:03 GMT+0800 (China Standard Time)
debug: Inspect cce:/internal/x/prerequisite-imports
debug: Resolve file:///D:/Pastil&Chill/assets/scripts/DatabaseManager.ts from cce:/internal/x/prerequisite-imports as file:///D:/Pastil&Chill/assets/scripts/DatabaseManager.ts.
debug: Detected change: file:///D:/Pastil&Chill/assets/scripts/DatabaseManager.ts. Last mtime: Fri Oct 31 2025 14:36:15 GMT+0800 (China Standard Time)@eaafa23b-761a-47fb-98b8-f5d55a744646, Current mtime: Fri Oct 31 2025 14:37:08 GMT+0800 (China Standard Time)@eaafa23b-761a-47fb-98b8-f5d55a744646
debug: Inspect file:///D:/Pastil&Chill/assets/scripts/DatabaseManager.ts
debug: Resolve cc from file:///D:/Pastil&Chill/assets/scripts/DatabaseManager.ts as cce:/internal/x/cc.
debug: Resolve cc from file:///D:/Pastil&Chill/assets/scripts/DatabaseManager.ts as cce:/internal/x/cc.
debug: Resolve cc from file:///D:/Pastil&Chill/assets/scripts/DatabaseManager.ts as cce:/internal/x/cc.
debug: Target(editor) ends with cost 97.14589995145798ms.
debug: Target(preview) build started.
debug: Detected change: cce:/internal/x/prerequisite-imports. Last mtime: Thu Jan 01 1970 10:21:10 GMT+0800 (China Standard Time), Current mtime: Thu Jan 01 1970 10:22:03 GMT+0800 (China Standard Time)
debug: Inspect cce:/internal/x/prerequisite-imports
debug: Resolve file:///D:/Pastil&Chill/assets/scripts/DatabaseManager.ts from cce:/internal/x/prerequisite-imports as file:///D:/Pastil&Chill/assets/scripts/DatabaseManager.ts.
debug: Detected change: file:///D:/Pastil&Chill/assets/scripts/DatabaseManager.ts. Last mtime: Fri Oct 31 2025 14:36:15 GMT+0800 (China Standard Time)@eaafa23b-761a-47fb-98b8-f5d55a744646, Current mtime: Fri Oct 31 2025 14:37:08 GMT+0800 (China Standard Time)@eaafa23b-761a-47fb-98b8-f5d55a744646
debug: Inspect file:///D:/Pastil&Chill/assets/scripts/DatabaseManager.ts
debug: Resolve cc from file:///D:/Pastil&Chill/assets/scripts/DatabaseManager.ts as cce:/internal/x/cc.
debug: Resolve cc from file:///D:/Pastil&Chill/assets/scripts/DatabaseManager.ts as cce:/internal/x/cc.
debug: Resolve cc from file:///D:/Pastil&Chill/assets/scripts/DatabaseManager.ts as cce:/internal/x/cc.
debug: Target(preview) ends with cost 82.1007000207901ms.
debug: Dispatch build request for time accumulated 1 asset changes.
debug: Build iteration starts.
Number of accumulated asset changes: 1
Feature changed: false
debug: Target(editor) build started.
debug: Detected change: cce:/internal/x/prerequisite-imports. Last mtime: Thu Jan 01 1970 10:22:03 GMT+0800 (China Standard Time), Current mtime: Thu Jan 01 1970 10:22:50 GMT+0800 (China Standard Time)
debug: Inspect cce:/internal/x/prerequisite-imports
debug: Resolve file:///D:/Pastil&Chill/assets/scripts/DatabaseManager.ts from cce:/internal/x/prerequisite-imports as file:///D:/Pastil&Chill/assets/scripts/DatabaseManager.ts.
debug: Detected change: file:///D:/Pastil&Chill/assets/scripts/DatabaseManager.ts. Last mtime: Fri Oct 31 2025 14:37:08 GMT+0800 (China Standard Time)@eaafa23b-761a-47fb-98b8-f5d55a744646, Current mtime: Fri Oct 31 2025 14:37:55 GMT+0800 (China Standard Time)@eaafa23b-761a-47fb-98b8-f5d55a744646
debug: Inspect file:///D:/Pastil&Chill/assets/scripts/DatabaseManager.ts
debug: Resolve cc from file:///D:/Pastil&Chill/assets/scripts/DatabaseManager.ts as cce:/internal/x/cc.
debug: Resolve cc from file:///D:/Pastil&Chill/assets/scripts/DatabaseManager.ts as cce:/internal/x/cc.
debug: Resolve cc from file:///D:/Pastil&Chill/assets/scripts/DatabaseManager.ts as cce:/internal/x/cc.
debug: Target(editor) ends with cost 92.43290001153946ms.
debug: Target(preview) build started.
debug: Detected change: cce:/internal/x/prerequisite-imports. Last mtime: Thu Jan 01 1970 10:22:03 GMT+0800 (China Standard Time), Current mtime: Thu Jan 01 1970 10:22:50 GMT+0800 (China Standard Time)
debug: Inspect cce:/internal/x/prerequisite-imports
debug: Resolve file:///D:/Pastil&Chill/assets/scripts/DatabaseManager.ts from cce:/internal/x/prerequisite-imports as file:///D:/Pastil&Chill/assets/scripts/DatabaseManager.ts.
debug: Detected change: file:///D:/Pastil&Chill/assets/scripts/DatabaseManager.ts. Last mtime: Fri Oct 31 2025 14:37:08 GMT+0800 (China Standard Time)@eaafa23b-761a-47fb-98b8-f5d55a744646, Current mtime: Fri Oct 31 2025 14:37:55 GMT+0800 (China Standard Time)@eaafa23b-761a-47fb-98b8-f5d55a744646
debug: Inspect file:///D:/Pastil&Chill/assets/scripts/DatabaseManager.ts
debug: Resolve cc from file:///D:/Pastil&Chill/assets/scripts/DatabaseManager.ts as cce:/internal/x/cc.
debug: Resolve cc from file:///D:/Pastil&Chill/assets/scripts/DatabaseManager.ts as cce:/internal/x/cc.
debug: Resolve cc from file:///D:/Pastil&Chill/assets/scripts/DatabaseManager.ts as cce:/internal/x/cc.
debug: Target(preview) ends with cost 92.02009999752045ms.
debug: Dispatch build request for time accumulated 1 asset changes.
debug: Build iteration starts.
Number of accumulated asset changes: 1
Feature changed: false
debug: Target(editor) build started.
debug: Detected change: cce:/internal/x/prerequisite-imports. Last mtime: Thu Jan 01 1970 10:22:50 GMT+0800 (China Standard Time), Current mtime: Thu Jan 01 1970 10:47:15 GMT+0800 (China Standard Time)
debug: Inspect cce:/internal/x/prerequisite-imports
debug: Resolve file:///D:/Pastil&Chill/assets/scripts/DatabaseManager.ts from cce:/internal/x/prerequisite-imports as file:///D:/Pastil&Chill/assets/scripts/DatabaseManager.ts.
debug: Detected change: file:///D:/Pastil&Chill/assets/scripts/DatabaseManager.ts. Last mtime: Fri Oct 31 2025 14:37:55 GMT+0800 (China Standard Time)@eaafa23b-761a-47fb-98b8-f5d55a744646, Current mtime: Fri Oct 31 2025 15:02:20 GMT+0800 (China Standard Time)@eaafa23b-761a-47fb-98b8-f5d55a744646
debug: Inspect file:///D:/Pastil&Chill/assets/scripts/DatabaseManager.ts
debug: Resolve cc from file:///D:/Pastil&Chill/assets/scripts/DatabaseManager.ts as cce:/internal/x/cc.
debug: Resolve cc from file:///D:/Pastil&Chill/assets/scripts/DatabaseManager.ts as cce:/internal/x/cc.
debug: Resolve cc from file:///D:/Pastil&Chill/assets/scripts/DatabaseManager.ts as cce:/internal/x/cc.
debug: Target(editor) ends with cost 93.61739999055862ms.
debug: Target(preview) build started.
debug: Detected change: cce:/internal/x/prerequisite-imports. Last mtime: Thu Jan 01 1970 10:22:50 GMT+0800 (China Standard Time), Current mtime: Thu Jan 01 1970 10:47:15 GMT+0800 (China Standard Time)
debug: Inspect cce:/internal/x/prerequisite-imports
debug: Resolve file:///D:/Pastil&Chill/assets/scripts/DatabaseManager.ts from cce:/internal/x/prerequisite-imports as file:///D:/Pastil&Chill/assets/scripts/DatabaseManager.ts.
debug: Detected change: file:///D:/Pastil&Chill/assets/scripts/DatabaseManager.ts. Last mtime: Fri Oct 31 2025 14:37:55 GMT+0800 (China Standard Time)@eaafa23b-761a-47fb-98b8-f5d55a744646, Current mtime: Fri Oct 31 2025 15:02:20 GMT+0800 (China Standard Time)@eaafa23b-761a-47fb-98b8-f5d55a744646
debug: Inspect file:///D:/Pastil&Chill/assets/scripts/DatabaseManager.ts
debug: Resolve cc from file:///D:/Pastil&Chill/assets/scripts/DatabaseManager.ts as cce:/internal/x/cc.
debug: Resolve cc from file:///D:/Pastil&Chill/assets/scripts/DatabaseManager.ts as cce:/internal/x/cc.
debug: Resolve cc from file:///D:/Pastil&Chill/assets/scripts/DatabaseManager.ts as cce:/internal/x/cc.
debug: Target(preview) ends with cost 97.15279996395111ms.
debug: Dispatch build request for time accumulated 1 asset changes.
debug: Build iteration starts.
Number of accumulated asset changes: 1
Feature changed: false
debug: Target(editor) build started.
debug: Detected change: cce:/internal/x/prerequisite-imports. Last mtime: Thu Jan 01 1970 10:47:15 GMT+0800 (China Standard Time), Current mtime: Thu Jan 01 1970 10:47:32 GMT+0800 (China Standard Time)
debug: Inspect cce:/internal/x/prerequisite-imports
debug: Resolve file:///D:/Pastil&Chill/assets/scripts/DatabaseManager.ts from cce:/internal/x/prerequisite-imports as file:///D:/Pastil&Chill/assets/scripts/DatabaseManager.ts.
debug: Detected change: file:///D:/Pastil&Chill/assets/scripts/DatabaseManager.ts. Last mtime: Fri Oct 31 2025 15:02:20 GMT+0800 (China Standard Time)@eaafa23b-761a-47fb-98b8-f5d55a744646, Current mtime: Fri Oct 31 2025 15:02:35 GMT+0800 (China Standard Time)@eaafa23b-761a-47fb-98b8-f5d55a744646
debug: Inspect file:///D:/Pastil&Chill/assets/scripts/DatabaseManager.ts
debug: Resolve cc from file:///D:/Pastil&Chill/assets/scripts/DatabaseManager.ts as cce:/internal/x/cc.
debug: Resolve cc from file:///D:/Pastil&Chill/assets/scripts/DatabaseManager.ts as cce:/internal/x/cc.
debug: Resolve cc from file:///D:/Pastil&Chill/assets/scripts/DatabaseManager.ts as cce:/internal/x/cc.
debug: Target(editor) ends with cost 68.95660001039505ms.
debug: Target(preview) build started.
debug: Detected change: cce:/internal/x/prerequisite-imports. Last mtime: Thu Jan 01 1970 10:47:15 GMT+0800 (China Standard Time), Current mtime: Thu Jan 01 1970 10:47:32 GMT+0800 (China Standard Time)
debug: Inspect cce:/internal/x/prerequisite-imports
debug: Resolve file:///D:/Pastil&Chill/assets/scripts/DatabaseManager.ts from cce:/internal/x/prerequisite-imports as file:///D:/Pastil&Chill/assets/scripts/DatabaseManager.ts.
debug: Detected change: file:///D:/Pastil&Chill/assets/scripts/DatabaseManager.ts. Last mtime: Fri Oct 31 2025 15:02:20 GMT+0800 (China Standard Time)@eaafa23b-761a-47fb-98b8-f5d55a744646, Current mtime: Fri Oct 31 2025 15:02:35 GMT+0800 (China Standard Time)@eaafa23b-761a-47fb-98b8-f5d55a744646
debug: Inspect file:///D:/Pastil&Chill/assets/scripts/DatabaseManager.ts
debug: Resolve cc from file:///D:/Pastil&Chill/assets/scripts/DatabaseManager.ts as cce:/internal/x/cc.
debug: Resolve cc from file:///D:/Pastil&Chill/assets/scripts/DatabaseManager.ts as cce:/internal/x/cc.
debug: Resolve cc from file:///D:/Pastil&Chill/assets/scripts/DatabaseManager.ts as cce:/internal/x/cc.
debug: Target(preview) ends with cost 75.73270004987717ms.
debug: Dispatch build request for time accumulated 1 asset changes.
debug: Build iteration starts.
Number of accumulated asset changes: 1
Feature changed: false
debug: Target(editor) build started.
debug: Detected change: cce:/internal/x/prerequisite-imports. Last mtime: Thu Jan 01 1970 10:47:32 GMT+0800 (China Standard Time), Current mtime: Thu Jan 01 1970 10:49:11 GMT+0800 (China Standard Time)
debug: Inspect cce:/internal/x/prerequisite-imports
debug: Resolve file:///D:/Pastil&Chill/assets/scripts/DatabaseManager.ts from cce:/internal/x/prerequisite-imports as file:///D:/Pastil&Chill/assets/scripts/DatabaseManager.ts.
debug: Resolve file:///D:/Pastil&Chill/assets/scripts/productActions.ts from cce:/internal/x/prerequisite-imports as file:///D:/Pastil&Chill/assets/scripts/productActions.ts.
debug: Inspect file:///D:/Pastil&Chill/assets/scripts/productActions.ts
debug: Resolve cc from file:///D:/Pastil&Chill/assets/scripts/productActions.ts as cce:/internal/x/cc.
debug: Resolve cc from file:///D:/Pastil&Chill/assets/scripts/productActions.ts as cce:/internal/x/cc.
debug: Resolve cc from file:///D:/Pastil&Chill/assets/scripts/productActions.ts as cce:/internal/x/cc.
debug: Target(editor) ends with cost 37.91269999742508ms.
debug: Target(preview) build started.
debug: Detected change: cce:/internal/x/prerequisite-imports. Last mtime: Thu Jan 01 1970 10:47:32 GMT+0800 (China Standard Time), Current mtime: Thu Jan 01 1970 10:49:11 GMT+0800 (China Standard Time)
debug: Inspect cce:/internal/x/prerequisite-imports
debug: Resolve file:///D:/Pastil&Chill/assets/scripts/DatabaseManager.ts from cce:/internal/x/prerequisite-imports as file:///D:/Pastil&Chill/assets/scripts/DatabaseManager.ts.
debug: Resolve file:///D:/Pastil&Chill/assets/scripts/productActions.ts from cce:/internal/x/prerequisite-imports as file:///D:/Pastil&Chill/assets/scripts/productActions.ts.
debug: Inspect file:///D:/Pastil&Chill/assets/scripts/productActions.ts
debug: Resolve cc from file:///D:/Pastil&Chill/assets/scripts/productActions.ts as cce:/internal/x/cc.
debug: Resolve cc from file:///D:/Pastil&Chill/assets/scripts/productActions.ts as cce:/internal/x/cc.
debug: Resolve cc from file:///D:/Pastil&Chill/assets/scripts/productActions.ts as cce:/internal/x/cc.
debug: Target(preview) ends with cost 53.54370003938675ms.
debug: Dispatch build request for time accumulated 1 asset changes.
debug: Build iteration starts.
Number of accumulated asset changes: 1
Feature changed: false
debug: Target(editor) build started.
debug: Detected change: cce:/internal/x/prerequisite-imports. Last mtime: Thu Jan 01 1970 10:49:11 GMT+0800 (China Standard Time), Current mtime: Thu Jan 01 1970 10:49:47 GMT+0800 (China Standard Time)
debug: Inspect cce:/internal/x/prerequisite-imports
debug: Resolve file:///D:/Pastil&Chill/assets/scripts/DatabaseManager.ts from cce:/internal/x/prerequisite-imports as file:///D:/Pastil&Chill/assets/scripts/DatabaseManager.ts.
debug: Resolve file:///D:/Pastil&Chill/assets/scripts/productActions.ts from cce:/internal/x/prerequisite-imports as file:///D:/Pastil&Chill/assets/scripts/productActions.ts.
debug: Detected change: file:///D:/Pastil&Chill/assets/scripts/productActions.ts. Last mtime: Fri Oct 31 2025 15:04:17 GMT+0800 (China Standard Time)@3850fff3-1a47-4a39-a753-476b3fb817b2, Current mtime: Fri Oct 31 2025 15:04:52 GMT+0800 (China Standard Time)@3850fff3-1a47-4a39-a753-476b3fb817b2
debug: Inspect file:///D:/Pastil&Chill/assets/scripts/productActions.ts
debug: Resolve cc from file:///D:/Pastil&Chill/assets/scripts/productActions.ts as cce:/internal/x/cc.
debug: Resolve cc from file:///D:/Pastil&Chill/assets/scripts/productActions.ts as cce:/internal/x/cc.
debug: Resolve cc from file:///D:/Pastil&Chill/assets/scripts/productActions.ts as cce:/internal/x/cc.
debug: Target(editor) ends with cost 66.80820000171661ms.
debug: Target(preview) build started.
debug: Detected change: cce:/internal/x/prerequisite-imports. Last mtime: Thu Jan 01 1970 10:49:11 GMT+0800 (China Standard Time), Current mtime: Thu Jan 01 1970 10:49:47 GMT+0800 (China Standard Time)
debug: Inspect cce:/internal/x/prerequisite-imports
debug: Resolve file:///D:/Pastil&Chill/assets/scripts/DatabaseManager.ts from cce:/internal/x/prerequisite-imports as file:///D:/Pastil&Chill/assets/scripts/DatabaseManager.ts.
debug: Resolve file:///D:/Pastil&Chill/assets/scripts/productActions.ts from cce:/internal/x/prerequisite-imports as file:///D:/Pastil&Chill/assets/scripts/productActions.ts.
debug: Detected change: file:///D:/Pastil&Chill/assets/scripts/productActions.ts. Last mtime: Fri Oct 31 2025 15:04:17 GMT+0800 (China Standard Time)@3850fff3-1a47-4a39-a753-476b3fb817b2, Current mtime: Fri Oct 31 2025 15:04:52 GMT+0800 (China Standard Time)@3850fff3-1a47-4a39-a753-476b3fb817b2
debug: Inspect file:///D:/Pastil&Chill/assets/scripts/productActions.ts
debug: Resolve cc from file:///D:/Pastil&Chill/assets/scripts/productActions.ts as cce:/internal/x/cc.
debug: Resolve cc from file:///D:/Pastil&Chill/assets/scripts/productActions.ts as cce:/internal/x/cc.
debug: Resolve cc from file:///D:/Pastil&Chill/assets/scripts/productActions.ts as cce:/internal/x/cc.
debug: Target(preview) ends with cost 146.89930003881454ms.
debug: Dispatch build request for time accumulated 1 asset changes.
debug: Build iteration starts.
Number of accumulated asset changes: 1
Feature changed: false
debug: Target(editor) build started.
debug: Detected change: cce:/internal/x/prerequisite-imports. Last mtime: Thu Jan 01 1970 10:49:47 GMT+0800 (China Standard Time), Current mtime: Thu Jan 01 1970 10:50:16 GMT+0800 (China Standard Time)
debug: Inspect cce:/internal/x/prerequisite-imports
debug: Resolve file:///D:/Pastil&Chill/assets/scripts/DatabaseManager.ts from cce:/internal/x/prerequisite-imports as file:///D:/Pastil&Chill/assets/scripts/DatabaseManager.ts.
debug: Resolve file:///D:/Pastil&Chill/assets/scripts/productActions.ts from cce:/internal/x/prerequisite-imports as file:///D:/Pastil&Chill/assets/scripts/productActions.ts.
debug: Detected change: file:///D:/Pastil&Chill/assets/scripts/productActions.ts. Last mtime: Fri Oct 31 2025 15:04:52 GMT+0800 (China Standard Time)@3850fff3-1a47-4a39-a753-476b3fb817b2, Current mtime: Fri Oct 31 2025 15:05:21 GMT+0800 (China Standard Time)@3850fff3-1a47-4a39-a753-476b3fb817b2
debug: Inspect file:///D:/Pastil&Chill/assets/scripts/productActions.ts
debug: Resolve cc from file:///D:/Pastil&Chill/assets/scripts/productActions.ts as cce:/internal/x/cc.
debug: Resolve cc from file:///D:/Pastil&Chill/assets/scripts/productActions.ts as cce:/internal/x/cc.
debug: Resolve cc from file:///D:/Pastil&Chill/assets/scripts/productActions.ts as cce:/internal/x/cc.
debug: Target(editor) ends with cost 84.16790002584457ms.
debug: Target(preview) build started.
debug: Detected change: cce:/internal/x/prerequisite-imports. Last mtime: Thu Jan 01 1970 10:49:47 GMT+0800 (China Standard Time), Current mtime: Thu Jan 01 1970 10:50:16 GMT+0800 (China Standard Time)
debug: Inspect cce:/internal/x/prerequisite-imports
debug: Resolve file:///D:/Pastil&Chill/assets/scripts/DatabaseManager.ts from cce:/internal/x/prerequisite-imports as file:///D:/Pastil&Chill/assets/scripts/DatabaseManager.ts.
debug: Resolve file:///D:/Pastil&Chill/assets/scripts/productActions.ts from cce:/internal/x/prerequisite-imports as file:///D:/Pastil&Chill/assets/scripts/productActions.ts.
debug: Detected change: file:///D:/Pastil&Chill/assets/scripts/productActions.ts. Last mtime: Fri Oct 31 2025 15:04:52 GMT+0800 (China Standard Time)@3850fff3-1a47-4a39-a753-476b3fb817b2, Current mtime: Fri Oct 31 2025 15:05:21 GMT+0800 (China Standard Time)@3850fff3-1a47-4a39-a753-476b3fb817b2
debug: Inspect file:///D:/Pastil&Chill/assets/scripts/productActions.ts
debug: Resolve cc from file:///D:/Pastil&Chill/assets/scripts/productActions.ts as cce:/internal/x/cc.
debug: Resolve cc from file:///D:/Pastil&Chill/assets/scripts/productActions.ts as cce:/internal/x/cc.
debug: Resolve cc from file:///D:/Pastil&Chill/assets/scripts/productActions.ts as cce:/internal/x/cc.
debug: Target(preview) ends with cost 90.40399998426437ms.
debug: Dispatch build request for time accumulated 1 asset changes.
debug: Build iteration starts.
Number of accumulated asset changes: 1
Feature changed: false
debug: Target(editor) build started.
debug: Detected change: cce:/internal/x/prerequisite-imports. Last mtime: Thu Jan 01 1970 10:50:16 GMT+0800 (China Standard Time), Current mtime: Thu Jan 01 1970 10:50:30 GMT+0800 (China Standard Time)
debug: Inspect cce:/internal/x/prerequisite-imports
debug: Resolve file:///D:/Pastil&Chill/assets/scripts/DatabaseManager.ts from cce:/internal/x/prerequisite-imports as file:///D:/Pastil&Chill/assets/scripts/DatabaseManager.ts.
debug: Resolve file:///D:/Pastil&Chill/assets/scripts/productActions.ts from cce:/internal/x/prerequisite-imports as file:///D:/Pastil&Chill/assets/scripts/productActions.ts.
debug: Detected change: file:///D:/Pastil&Chill/assets/scripts/productActions.ts. Last mtime: Fri Oct 31 2025 15:05:21 GMT+0800 (China Standard Time)@3850fff3-1a47-4a39-a753-476b3fb817b2, Current mtime: Fri Oct 31 2025 15:05:33 GMT+0800 (China Standard Time)@3850fff3-1a47-4a39-a753-476b3fb817b2
debug: Inspect file:///D:/Pastil&Chill/assets/scripts/productActions.ts
debug: Resolve cc from file:///D:/Pastil&Chill/assets/scripts/productActions.ts as cce:/internal/x/cc.
debug: Resolve cc from file:///D:/Pastil&Chill/assets/scripts/productActions.ts as cce:/internal/x/cc.
debug: Resolve cc from file:///D:/Pastil&Chill/assets/scripts/productActions.ts as cce:/internal/x/cc.
debug: Target(editor) ends with cost 74.86380004882812ms.
debug: Target(preview) build started.
debug: Detected change: cce:/internal/x/prerequisite-imports. Last mtime: Thu Jan 01 1970 10:50:16 GMT+0800 (China Standard Time), Current mtime: Thu Jan 01 1970 10:50:30 GMT+0800 (China Standard Time)
debug: Inspect cce:/internal/x/prerequisite-imports
debug: Resolve file:///D:/Pastil&Chill/assets/scripts/DatabaseManager.ts from cce:/internal/x/prerequisite-imports as file:///D:/Pastil&Chill/assets/scripts/DatabaseManager.ts.
debug: Resolve file:///D:/Pastil&Chill/assets/scripts/productActions.ts from cce:/internal/x/prerequisite-imports as file:///D:/Pastil&Chill/assets/scripts/productActions.ts.
debug: Detected change: file:///D:/Pastil&Chill/assets/scripts/productActions.ts. Last mtime: Fri Oct 31 2025 15:05:21 GMT+0800 (China Standard Time)@3850fff3-1a47-4a39-a753-476b3fb817b2, Current mtime: Fri Oct 31 2025 15:05:33 GMT+0800 (China Standard Time)@3850fff3-1a47-4a39-a753-476b3fb817b2
debug: Inspect file:///D:/Pastil&Chill/assets/scripts/productActions.ts
debug: Resolve cc from file:///D:/Pastil&Chill/assets/scripts/productActions.ts as cce:/internal/x/cc.
debug: Resolve cc from file:///D:/Pastil&Chill/assets/scripts/productActions.ts as cce:/internal/x/cc.
debug: Resolve cc from file:///D:/Pastil&Chill/assets/scripts/productActions.ts as cce:/internal/x/cc.
debug: Target(preview) ends with cost 70.14999997615814ms.
debug: Dispatch build request for time accumulated 1 asset changes.
debug: Build iteration starts.
Number of accumulated asset changes: 1
Feature changed: false
debug: Target(editor) build started.
debug: Detected change: cce:/internal/x/prerequisite-imports. Last mtime: Thu Jan 01 1970 10:50:30 GMT+0800 (China Standard Time), Current mtime: Thu Jan 01 1970 10:50:44 GMT+0800 (China Standard Time)
debug: Inspect cce:/internal/x/prerequisite-imports
debug: Resolve file:///D:/Pastil&Chill/assets/scripts/DatabaseManager.ts from cce:/internal/x/prerequisite-imports as file:///D:/Pastil&Chill/assets/scripts/DatabaseManager.ts.
debug: Resolve file:///D:/Pastil&Chill/assets/scripts/productActions.ts from cce:/internal/x/prerequisite-imports as file:///D:/Pastil&Chill/assets/scripts/productActions.ts.
debug: Detected change: file:///D:/Pastil&Chill/assets/scripts/productActions.ts. Last mtime: Fri Oct 31 2025 15:05:33 GMT+0800 (China Standard Time)@3850fff3-1a47-4a39-a753-476b3fb817b2, Current mtime: Fri Oct 31 2025 15:05:48 GMT+0800 (China Standard Time)@3850fff3-1a47-4a39-a753-476b3fb817b2
debug: Inspect file:///D:/Pastil&Chill/assets/scripts/productActions.ts
debug: Resolve cc from file:///D:/Pastil&Chill/assets/scripts/productActions.ts as cce:/internal/x/cc.
debug: Resolve cc from file:///D:/Pastil&Chill/assets/scripts/productActions.ts as cce:/internal/x/cc.
debug: Resolve cc from file:///D:/Pastil&Chill/assets/scripts/productActions.ts as cce:/internal/x/cc.
debug: Target(editor) ends with cost 78.7480999827385ms.
debug: Target(preview) build started.
debug: Detected change: cce:/internal/x/prerequisite-imports. Last mtime: Thu Jan 01 1970 10:50:30 GMT+0800 (China Standard Time), Current mtime: Thu Jan 01 1970 10:50:44 GMT+0800 (China Standard Time)
debug: Inspect cce:/internal/x/prerequisite-imports
debug: Resolve file:///D:/Pastil&Chill/assets/scripts/DatabaseManager.ts from cce:/internal/x/prerequisite-imports as file:///D:/Pastil&Chill/assets/scripts/DatabaseManager.ts.
debug: Resolve file:///D:/Pastil&Chill/assets/scripts/productActions.ts from cce:/internal/x/prerequisite-imports as file:///D:/Pastil&Chill/assets/scripts/productActions.ts.
debug: Detected change: file:///D:/Pastil&Chill/assets/scripts/productActions.ts. Last mtime: Fri Oct 31 2025 15:05:33 GMT+0800 (China Standard Time)@3850fff3-1a47-4a39-a753-476b3fb817b2, Current mtime: Fri Oct 31 2025 15:05:48 GMT+0800 (China Standard Time)@3850fff3-1a47-4a39-a753-476b3fb817b2
debug: Inspect file:///D:/Pastil&Chill/assets/scripts/productActions.ts
debug: Resolve cc from file:///D:/Pastil&Chill/assets/scripts/productActions.ts as cce:/internal/x/cc.
debug: Resolve cc from file:///D:/Pastil&Chill/assets/scripts/productActions.ts as cce:/internal/x/cc.
debug: Resolve cc from file:///D:/Pastil&Chill/assets/scripts/productActions.ts as cce:/internal/x/cc.
debug: Target(preview) ends with cost 76.7882000207901ms.
debug: Dispatch build request for time accumulated 1 asset changes.
debug: Build iteration starts.
Number of accumulated asset changes: 1
Feature changed: false
debug: Target(editor) build started.
debug: Detected change: cce:/internal/x/prerequisite-imports. Last mtime: Thu Jan 01 1970 10:50:44 GMT+0800 (China Standard Time), Current mtime: Thu Jan 01 1970 10:51:09 GMT+0800 (China Standard Time)
debug: Inspect cce:/internal/x/prerequisite-imports
debug: Resolve file:///D:/Pastil&Chill/assets/scripts/DatabaseManager.ts from cce:/internal/x/prerequisite-imports as file:///D:/Pastil&Chill/assets/scripts/DatabaseManager.ts.
debug: Resolve file:///D:/Pastil&Chill/assets/scripts/productActions.ts from cce:/internal/x/prerequisite-imports as file:///D:/Pastil&Chill/assets/scripts/productActions.ts.
debug: Detected change: file:///D:/Pastil&Chill/assets/scripts/productActions.ts. Last mtime: Fri Oct 31 2025 15:05:48 GMT+0800 (China Standard Time)@3850fff3-1a47-4a39-a753-476b3fb817b2, Current mtime: Fri Oct 31 2025 15:06:14 GMT+0800 (China Standard Time)@3850fff3-1a47-4a39-a753-476b3fb817b2
debug: Inspect file:///D:/Pastil&Chill/assets/scripts/productActions.ts
debug: Resolve cc from file:///D:/Pastil&Chill/assets/scripts/productActions.ts as cce:/internal/x/cc.
debug: Resolve cc from file:///D:/Pastil&Chill/assets/scripts/productActions.ts as cce:/internal/x/cc.
debug: Resolve cc from file:///D:/Pastil&Chill/assets/scripts/productActions.ts as cce:/internal/x/cc.
debug: Target(editor) ends with cost 87.13809996843338ms.
debug: Target(preview) build started.
debug: Detected change: cce:/internal/x/prerequisite-imports. Last mtime: Thu Jan 01 1970 10:50:44 GMT+0800 (China Standard Time), Current mtime: Thu Jan 01 1970 10:51:10 GMT+0800 (China Standard Time)
debug: Inspect cce:/internal/x/prerequisite-imports
debug: Resolve file:///D:/Pastil&Chill/assets/scripts/DatabaseManager.ts from cce:/internal/x/prerequisite-imports as file:///D:/Pastil&Chill/assets/scripts/DatabaseManager.ts.
debug: Resolve file:///D:/Pastil&Chill/assets/scripts/productActions.ts from cce:/internal/x/prerequisite-imports as file:///D:/Pastil&Chill/assets/scripts/productActions.ts.
debug: Detected change: file:///D:/Pastil&Chill/assets/scripts/productActions.ts. Last mtime: Fri Oct 31 2025 15:05:48 GMT+0800 (China Standard Time)@3850fff3-1a47-4a39-a753-476b3fb817b2, Current mtime: Fri Oct 31 2025 15:06:14 GMT+0800 (China Standard Time)@3850fff3-1a47-4a39-a753-476b3fb817b2
debug: Inspect file:///D:/Pastil&Chill/assets/scripts/productActions.ts
debug: Resolve cc from file:///D:/Pastil&Chill/assets/scripts/productActions.ts as cce:/internal/x/cc.
debug: Resolve cc from file:///D:/Pastil&Chill/assets/scripts/productActions.ts as cce:/internal/x/cc.
debug: Resolve cc from file:///D:/Pastil&Chill/assets/scripts/productActions.ts as cce:/internal/x/cc.
debug: Target(preview) ends with cost 110.32979995012283ms.
debug: Dispatch build request for time accumulated 1 asset changes.
debug: Build iteration starts.
Number of accumulated asset changes: 1
Feature changed: false
debug: Target(editor) build started.
debug: Detected change: cce:/internal/x/prerequisite-imports. Last mtime: Thu Jan 01 1970 10:51:09 GMT+0800 (China Standard Time), Current mtime: Thu Jan 01 1970 10:51:26 GMT+0800 (China Standard Time)
debug: Inspect cce:/internal/x/prerequisite-imports
debug: Resolve file:///D:/Pastil&Chill/assets/scripts/DatabaseManager.ts from cce:/internal/x/prerequisite-imports as file:///D:/Pastil&Chill/assets/scripts/DatabaseManager.ts.
debug: Resolve file:///D:/Pastil&Chill/assets/scripts/productActions.ts from cce:/internal/x/prerequisite-imports as file:///D:/Pastil&Chill/assets/scripts/productActions.ts.
debug: Detected change: file:///D:/Pastil&Chill/assets/scripts/productActions.ts. Last mtime: Fri Oct 31 2025 15:06:14 GMT+0800 (China Standard Time)@3850fff3-1a47-4a39-a753-476b3fb817b2, Current mtime: Fri Oct 31 2025 15:06:30 GMT+0800 (China Standard Time)@3850fff3-1a47-4a39-a753-476b3fb817b2
debug: Inspect file:///D:/Pastil&Chill/assets/scripts/productActions.ts
debug: Resolve cc from file:///D:/Pastil&Chill/assets/scripts/productActions.ts as cce:/internal/x/cc.
debug: Resolve cc from file:///D:/Pastil&Chill/assets/scripts/productActions.ts as cce:/internal/x/cc.
debug: Resolve cc from file:///D:/Pastil&Chill/assets/scripts/productActions.ts as cce:/internal/x/cc.
debug: Target(editor) ends with cost 67.44679999351501ms.
debug: Target(preview) build started.
debug: Detected change: cce:/internal/x/prerequisite-imports. Last mtime: Thu Jan 01 1970 10:51:10 GMT+0800 (China Standard Time), Current mtime: Thu Jan 01 1970 10:51:26 GMT+0800 (China Standard Time)
debug: Inspect cce:/internal/x/prerequisite-imports
debug: Resolve file:///D:/Pastil&Chill/assets/scripts/DatabaseManager.ts from cce:/internal/x/prerequisite-imports as file:///D:/Pastil&Chill/assets/scripts/DatabaseManager.ts.
debug: Resolve file:///D:/Pastil&Chill/assets/scripts/productActions.ts from cce:/internal/x/prerequisite-imports as file:///D:/Pastil&Chill/assets/scripts/productActions.ts.
debug: Detected change: file:///D:/Pastil&Chill/assets/scripts/productActions.ts. Last mtime: Fri Oct 31 2025 15:06:14 GMT+0800 (China Standard Time)@3850fff3-1a47-4a39-a753-476b3fb817b2, Current mtime: Fri Oct 31 2025 15:06:30 GMT+0800 (China Standard Time)@3850fff3-1a47-4a39-a753-476b3fb817b2
debug: Inspect file:///D:/Pastil&Chill/assets/scripts/productActions.ts
debug: Resolve cc from file:///D:/Pastil&Chill/assets/scripts/productActions.ts as cce:/internal/x/cc.
debug: Resolve cc from file:///D:/Pastil&Chill/assets/scripts/productActions.ts as cce:/internal/x/cc.
debug: Resolve cc from file:///D:/Pastil&Chill/assets/scripts/productActions.ts as cce:/internal/x/cc.
debug: Target(preview) ends with cost 68.6143000125885ms.
debug: Dispatch build request for time accumulated 1 asset changes.
debug: Build iteration starts.
Number of accumulated asset changes: 1
Feature changed: false
debug: Target(editor) build started.
debug: Detected change: cce:/internal/x/prerequisite-imports. Last mtime: Thu Jan 01 1970 10:51:26 GMT+0800 (China Standard Time), Current mtime: Thu Jan 01 1970 10:51:55 GMT+0800 (China Standard Time)
debug: Inspect cce:/internal/x/prerequisite-imports
debug: Resolve file:///D:/Pastil&Chill/assets/scripts/DatabaseManager.ts from cce:/internal/x/prerequisite-imports as file:///D:/Pastil&Chill/assets/scripts/DatabaseManager.ts.
debug: Resolve file:///D:/Pastil&Chill/assets/scripts/productActions.ts from cce:/internal/x/prerequisite-imports as file:///D:/Pastil&Chill/assets/scripts/productActions.ts.
debug: Detected change: file:///D:/Pastil&Chill/assets/scripts/productActions.ts. Last mtime: Fri Oct 31 2025 15:06:30 GMT+0800 (China Standard Time)@3850fff3-1a47-4a39-a753-476b3fb817b2, Current mtime: Fri Oct 31 2025 15:07:00 GMT+0800 (China Standard Time)@3850fff3-1a47-4a39-a753-476b3fb817b2
debug: Inspect file:///D:/Pastil&Chill/assets/scripts/productActions.ts
debug: Resolve cc from file:///D:/Pastil&Chill/assets/scripts/productActions.ts as cce:/internal/x/cc.
debug: Resolve cc from file:///D:/Pastil&Chill/assets/scripts/productActions.ts as cce:/internal/x/cc.
debug: Resolve cc from file:///D:/Pastil&Chill/assets/scripts/productActions.ts as cce:/internal/x/cc.
debug: Target(editor) ends with cost 59.124700009822845ms.
debug: Target(preview) build started.
debug: Detected change: cce:/internal/x/prerequisite-imports. Last mtime: Thu Jan 01 1970 10:51:26 GMT+0800 (China Standard Time), Current mtime: Thu Jan 01 1970 10:51:55 GMT+0800 (China Standard Time)
debug: Inspect cce:/internal/x/prerequisite-imports
debug: Resolve file:///D:/Pastil&Chill/assets/scripts/DatabaseManager.ts from cce:/internal/x/prerequisite-imports as file:///D:/Pastil&Chill/assets/scripts/DatabaseManager.ts.
debug: Resolve file:///D:/Pastil&Chill/assets/scripts/productActions.ts from cce:/internal/x/prerequisite-imports as file:///D:/Pastil&Chill/assets/scripts/productActions.ts.
debug: Detected change: file:///D:/Pastil&Chill/assets/scripts/productActions.ts. Last mtime: Fri Oct 31 2025 15:06:30 GMT+0800 (China Standard Time)@3850fff3-1a47-4a39-a753-476b3fb817b2, Current mtime: Fri Oct 31 2025 15:07:00 GMT+0800 (China Standard Time)@3850fff3-1a47-4a39-a753-476b3fb817b2
debug: Inspect file:///D:/Pastil&Chill/assets/scripts/productActions.ts
debug: Resolve cc from file:///D:/Pastil&Chill/assets/scripts/productActions.ts as cce:/internal/x/cc.
debug: Resolve cc from file:///D:/Pastil&Chill/assets/scripts/productActions.ts as cce:/internal/x/cc.
debug: Resolve cc from file:///D:/Pastil&Chill/assets/scripts/productActions.ts as cce:/internal/x/cc.
debug: Target(preview) ends with cost 75.45990002155304ms.
debug: Dispatch build request for time accumulated 1 asset changes.
debug: Build iteration starts.
Number of accumulated asset changes: 1
Feature changed: false
debug: Target(editor) build started.
debug: Detected change: cce:/internal/x/prerequisite-imports. Last mtime: Thu Jan 01 1970 10:51:55 GMT+0800 (China Standard Time), Current mtime: Thu Jan 01 1970 10:52:08 GMT+0800 (China Standard Time)
debug: Inspect cce:/internal/x/prerequisite-imports
debug: Resolve file:///D:/Pastil&Chill/assets/scripts/DatabaseManager.ts from cce:/internal/x/prerequisite-imports as file:///D:/Pastil&Chill/assets/scripts/DatabaseManager.ts.
debug: Resolve file:///D:/Pastil&Chill/assets/scripts/productActions.ts from cce:/internal/x/prerequisite-imports as file:///D:/Pastil&Chill/assets/scripts/productActions.ts.
debug: Detected change: file:///D:/Pastil&Chill/assets/scripts/productActions.ts. Last mtime: Fri Oct 31 2025 15:07:00 GMT+0800 (China Standard Time)@3850fff3-1a47-4a39-a753-476b3fb817b2, Current mtime: Fri Oct 31 2025 15:07:12 GMT+0800 (China Standard Time)@3850fff3-1a47-4a39-a753-476b3fb817b2
debug: Inspect file:///D:/Pastil&Chill/assets/scripts/productActions.ts
debug: Resolve cc from file:///D:/Pastil&Chill/assets/scripts/productActions.ts as cce:/internal/x/cc.
debug: Resolve cc from file:///D:/Pastil&Chill/assets/scripts/productActions.ts as cce:/internal/x/cc.
debug: Resolve cc from file:///D:/Pastil&Chill/assets/scripts/productActions.ts as cce:/internal/x/cc.
debug: Target(editor) ends with cost 49.2509999871254ms.
debug: Target(preview) build started.
debug: Detected change: cce:/internal/x/prerequisite-imports. Last mtime: Thu Jan 01 1970 10:51:55 GMT+0800 (China Standard Time), Current mtime: Thu Jan 01 1970 10:52:08 GMT+0800 (China Standard Time)
debug: Inspect cce:/internal/x/prerequisite-imports
debug: Resolve file:///D:/Pastil&Chill/assets/scripts/DatabaseManager.ts from cce:/internal/x/prerequisite-imports as file:///D:/Pastil&Chill/assets/scripts/DatabaseManager.ts.
debug: Resolve file:///D:/Pastil&Chill/assets/scripts/productActions.ts from cce:/internal/x/prerequisite-imports as file:///D:/Pastil&Chill/assets/scripts/productActions.ts.
debug: Detected change: file:///D:/Pastil&Chill/assets/scripts/productActions.ts. Last mtime: Fri Oct 31 2025 15:07:00 GMT+0800 (China Standard Time)@3850fff3-1a47-4a39-a753-476b3fb817b2, Current mtime: Fri Oct 31 2025 15:07:12 GMT+0800 (China Standard Time)@3850fff3-1a47-4a39-a753-476b3fb817b2
debug: Inspect file:///D:/Pastil&Chill/assets/scripts/productActions.ts
debug: Resolve cc from file:///D:/Pastil&Chill/assets/scripts/productActions.ts as cce:/internal/x/cc.
debug: Resolve cc from file:///D:/Pastil&Chill/assets/scripts/productActions.ts as cce:/internal/x/cc.
debug: Resolve cc from file:///D:/Pastil&Chill/assets/scripts/productActions.ts as cce:/internal/x/cc.
debug: Target(preview) ends with cost 62.01139998435974ms.
debug: Dispatch build request for time accumulated 1 asset changes.
debug: Build iteration starts.
Number of accumulated asset changes: 1
Feature changed: false
debug: Target(editor) build started.
debug: Detected change: cce:/internal/x/prerequisite-imports. Last mtime: Thu Jan 01 1970 10:52:08 GMT+0800 (China Standard Time), Current mtime: Thu Jan 01 1970 10:52:24 GMT+0800 (China Standard Time)
debug: Inspect cce:/internal/x/prerequisite-imports
debug: Resolve file:///D:/Pastil&Chill/assets/scripts/DatabaseManager.ts from cce:/internal/x/prerequisite-imports as file:///D:/Pastil&Chill/assets/scripts/DatabaseManager.ts.
debug: Resolve file:///D:/Pastil&Chill/assets/scripts/productActions.ts from cce:/internal/x/prerequisite-imports as file:///D:/Pastil&Chill/assets/scripts/productActions.ts.
debug: Detected change: file:///D:/Pastil&Chill/assets/scripts/productActions.ts. Last mtime: Fri Oct 31 2025 15:07:12 GMT+0800 (China Standard Time)@3850fff3-1a47-4a39-a753-476b3fb817b2, Current mtime: Fri Oct 31 2025 15:07:29 GMT+0800 (China Standard Time)@3850fff3-1a47-4a39-a753-476b3fb817b2
debug: Inspect file:///D:/Pastil&Chill/assets/scripts/productActions.ts
debug: Resolve cc from file:///D:/Pastil&Chill/assets/scripts/productActions.ts as cce:/internal/x/cc.
debug: Resolve cc from file:///D:/Pastil&Chill/assets/scripts/productActions.ts as cce:/internal/x/cc.
debug: Resolve cc from file:///D:/Pastil&Chill/assets/scripts/productActions.ts as cce:/internal/x/cc.
debug: Target(editor) ends with cost 55.81939995288849ms.
debug: Target(preview) build started.
debug: Detected change: cce:/internal/x/prerequisite-imports. Last mtime: Thu Jan 01 1970 10:52:08 GMT+0800 (China Standard Time), Current mtime: Thu Jan 01 1970 10:52:24 GMT+0800 (China Standard Time)
debug: Inspect cce:/internal/x/prerequisite-imports
debug: Resolve file:///D:/Pastil&Chill/assets/scripts/DatabaseManager.ts from cce:/internal/x/prerequisite-imports as file:///D:/Pastil&Chill/assets/scripts/DatabaseManager.ts.
debug: Resolve file:///D:/Pastil&Chill/assets/scripts/productActions.ts from cce:/internal/x/prerequisite-imports as file:///D:/Pastil&Chill/assets/scripts/productActions.ts.
debug: Detected change: file:///D:/Pastil&Chill/assets/scripts/productActions.ts. Last mtime: Fri Oct 31 2025 15:07:12 GMT+0800 (China Standard Time)@3850fff3-1a47-4a39-a753-476b3fb817b2, Current mtime: Fri Oct 31 2025 15:07:29 GMT+0800 (China Standard Time)@3850fff3-1a47-4a39-a753-476b3fb817b2
debug: Inspect file:///D:/Pastil&Chill/assets/scripts/productActions.ts
debug: Resolve cc from file:///D:/Pastil&Chill/assets/scripts/productActions.ts as cce:/internal/x/cc.
debug: Resolve cc from file:///D:/Pastil&Chill/assets/scripts/productActions.ts as cce:/internal/x/cc.
debug: Resolve cc from file:///D:/Pastil&Chill/assets/scripts/productActions.ts as cce:/internal/x/cc.
debug: Target(preview) ends with cost 68.6777999997139ms.
debug: Dispatch build request for time accumulated 1 asset changes.
debug: Build iteration starts.
Number of accumulated asset changes: 1
Feature changed: false
debug: Target(editor) build started.
debug: Detected change: cce:/internal/x/prerequisite-imports. Last mtime: Thu Jan 01 1970 10:52:24 GMT+0800 (China Standard Time), Current mtime: Thu Jan 01 1970 10:52:38 GMT+0800 (China Standard Time)
debug: Inspect cce:/internal/x/prerequisite-imports
debug: Resolve file:///D:/Pastil&Chill/assets/scripts/DatabaseManager.ts from cce:/internal/x/prerequisite-imports as file:///D:/Pastil&Chill/assets/scripts/DatabaseManager.ts.
debug: Resolve file:///D:/Pastil&Chill/assets/scripts/productActions.ts from cce:/internal/x/prerequisite-imports as file:///D:/Pastil&Chill/assets/scripts/productActions.ts.
debug: Detected change: file:///D:/Pastil&Chill/assets/scripts/productActions.ts. Last mtime: Fri Oct 31 2025 15:07:29 GMT+0800 (China Standard Time)@3850fff3-1a47-4a39-a753-476b3fb817b2, Current mtime: Fri Oct 31 2025 15:07:43 GMT+0800 (China Standard Time)@3850fff3-1a47-4a39-a753-476b3fb817b2
debug: Inspect file:///D:/Pastil&Chill/assets/scripts/productActions.ts
debug: Resolve cc from file:///D:/Pastil&Chill/assets/scripts/productActions.ts as cce:/internal/x/cc.
debug: Resolve cc from file:///D:/Pastil&Chill/assets/scripts/productActions.ts as cce:/internal/x/cc.
debug: Resolve cc from file:///D:/Pastil&Chill/assets/scripts/productActions.ts as cce:/internal/x/cc.
debug: Target(editor) ends with cost 60.63589996099472ms.
debug: Target(preview) build started.
debug: Detected change: cce:/internal/x/prerequisite-imports. Last mtime: Thu Jan 01 1970 10:52:24 GMT+0800 (China Standard Time), Current mtime: Thu Jan 01 1970 10:52:38 GMT+0800 (China Standard Time)
debug: Inspect cce:/internal/x/prerequisite-imports
debug: Resolve file:///D:/Pastil&Chill/assets/scripts/DatabaseManager.ts from cce:/internal/x/prerequisite-imports as file:///D:/Pastil&Chill/assets/scripts/DatabaseManager.ts.
debug: Resolve file:///D:/Pastil&Chill/assets/scripts/productActions.ts from cce:/internal/x/prerequisite-imports as file:///D:/Pastil&Chill/assets/scripts/productActions.ts.
debug: Detected change: file:///D:/Pastil&Chill/assets/scripts/productActions.ts. Last mtime: Fri Oct 31 2025 15:07:29 GMT+0800 (China Standard Time)@3850fff3-1a47-4a39-a753-476b3fb817b2, Current mtime: Fri Oct 31 2025 15:07:43 GMT+0800 (China Standard Time)@3850fff3-1a47-4a39-a753-476b3fb817b2
debug: Inspect file:///D:/Pastil&Chill/assets/scripts/productActions.ts
debug: Resolve cc from file:///D:/Pastil&Chill/assets/scripts/productActions.ts as cce:/internal/x/cc.
debug: Resolve cc from file:///D:/Pastil&Chill/assets/scripts/productActions.ts as cce:/internal/x/cc.
debug: Resolve cc from file:///D:/Pastil&Chill/assets/scripts/productActions.ts as cce:/internal/x/cc.
debug: Target(preview) ends with cost 71.24099999666214ms.
debug: Dispatch build request for time accumulated 2 asset changes.
debug: Build iteration starts.
Number of accumulated asset changes: 2
Feature changed: false
debug: Target(editor) build started.
debug: Detected change: cce:/internal/x/prerequisite-imports. Last mtime: Thu Jan 01 1970 10:52:38 GMT+0800 (China Standard Time), Current mtime: Thu Jan 01 1970 10:58:39 GMT+0800 (China Standard Time)
debug: Inspect cce:/internal/x/prerequisite-imports
debug: Resolve file:///D:/Pastil&Chill/assets/scripts/DatabaseManager.ts from cce:/internal/x/prerequisite-imports as file:///D:/Pastil&Chill/assets/scripts/DatabaseManager.ts.
debug: Detected change: file:///D:/Pastil&Chill/assets/scripts/DatabaseManager.ts. Last mtime: Fri Oct 31 2025 15:02:35 GMT+0800 (China Standard Time)@eaafa23b-761a-47fb-98b8-f5d55a744646, Current mtime: Fri Oct 31 2025 15:13:26 GMT+0800 (China Standard Time)@eaafa23b-761a-47fb-98b8-f5d55a744646
debug: Inspect file:///D:/Pastil&Chill/assets/scripts/DatabaseManager.ts
debug: Resolve cc from file:///D:/Pastil&Chill/assets/scripts/DatabaseManager.ts as cce:/internal/x/cc.
debug: Resolve cc from file:///D:/Pastil&Chill/assets/scripts/DatabaseManager.ts as cce:/internal/x/cc.
debug: Resolve cc from file:///D:/Pastil&Chill/assets/scripts/DatabaseManager.ts as cce:/internal/x/cc.
debug: Resolve file:///D:/Pastil&Chill/assets/scripts/productActions.ts from cce:/internal/x/prerequisite-imports as file:///D:/Pastil&Chill/assets/scripts/productActions.ts.
debug: Detected change: file:///D:/Pastil&Chill/assets/scripts/productActions.ts. Last mtime: Fri Oct 31 2025 15:07:43 GMT+0800 (China Standard Time)@3850fff3-1a47-4a39-a753-476b3fb817b2, Current mtime: Fri Oct 31 2025 15:13:44 GMT+0800 (China Standard Time)@3850fff3-1a47-4a39-a753-476b3fb817b2
debug: Inspect file:///D:/Pastil&Chill/assets/scripts/productActions.ts
debug: Resolve cce:/internal/code-quality/cr.mjs from file:///D:/Pastil&Chill/assets/scripts/productActions.ts as cce:/internal/code-quality/cr.mjs.
debug: Inspect cce:/internal/code-quality/cr.mjs
debug: Resolve cc from file:///D:/Pastil&Chill/assets/scripts/productActions.ts as cce:/internal/x/cc.
debug: Resolve cc from file:///D:/Pastil&Chill/assets/scripts/productActions.ts as cce:/internal/x/cc.
debug: Resolve cc from file:///D:/Pastil&Chill/assets/scripts/productActions.ts as cce:/internal/x/cc.
debug: Resolve ./DatabaseManager from file:///D:/Pastil&Chill/assets/scripts/productActions.ts as file:///D:/Pastil&Chill/assets/scripts/DatabaseManager.ts.
debug: Target(editor) ends with cost 151.43230003118515ms.
debug: Target(preview) build started.
debug: Detected change: cce:/internal/x/prerequisite-imports. Last mtime: Thu Jan 01 1970 10:52:38 GMT+0800 (China Standard Time), Current mtime: Thu Jan 01 1970 10:58:40 GMT+0800 (China Standard Time)
debug: Inspect cce:/internal/x/prerequisite-imports
debug: Resolve file:///D:/Pastil&Chill/assets/scripts/DatabaseManager.ts from cce:/internal/x/prerequisite-imports as file:///D:/Pastil&Chill/assets/scripts/DatabaseManager.ts.
debug: Detected change: file:///D:/Pastil&Chill/assets/scripts/DatabaseManager.ts. Last mtime: Fri Oct 31 2025 15:02:35 GMT+0800 (China Standard Time)@eaafa23b-761a-47fb-98b8-f5d55a744646, Current mtime: Fri Oct 31 2025 15:13:26 GMT+0800 (China Standard Time)@eaafa23b-761a-47fb-98b8-f5d55a744646
debug: Inspect file:///D:/Pastil&Chill/assets/scripts/DatabaseManager.ts
debug: Resolve cc from file:///D:/Pastil&Chill/assets/scripts/DatabaseManager.ts as cce:/internal/x/cc.
debug: Resolve cc from file:///D:/Pastil&Chill/assets/scripts/DatabaseManager.ts as cce:/internal/x/cc.
debug: Resolve cc from file:///D:/Pastil&Chill/assets/scripts/DatabaseManager.ts as cce:/internal/x/cc.
debug: Resolve file:///D:/Pastil&Chill/assets/scripts/productActions.ts from cce:/internal/x/prerequisite-imports as file:///D:/Pastil&Chill/assets/scripts/productActions.ts.
debug: Detected change: file:///D:/Pastil&Chill/assets/scripts/productActions.ts. Last mtime: Fri Oct 31 2025 15:07:43 GMT+0800 (China Standard Time)@3850fff3-1a47-4a39-a753-476b3fb817b2, Current mtime: Fri Oct 31 2025 15:13:44 GMT+0800 (China Standard Time)@3850fff3-1a47-4a39-a753-476b3fb817b2
debug: Inspect file:///D:/Pastil&Chill/assets/scripts/productActions.ts
debug: Resolve cce:/internal/code-quality/cr.mjs from file:///D:/Pastil&Chill/assets/scripts/productActions.ts as cce:/internal/code-quality/cr.mjs.
debug: Inspect cce:/internal/code-quality/cr.mjs
debug: Resolve cc from file:///D:/Pastil&Chill/assets/scripts/productActions.ts as cce:/internal/x/cc.
debug: Resolve cc from file:///D:/Pastil&Chill/assets/scripts/productActions.ts as cce:/internal/x/cc.
debug: Resolve cc from file:///D:/Pastil&Chill/assets/scripts/productActions.ts as cce:/internal/x/cc.
debug: Resolve ./DatabaseManager from file:///D:/Pastil&Chill/assets/scripts/productActions.ts as file:///D:/Pastil&Chill/assets/scripts/DatabaseManager.ts.
debug: Target(preview) ends with cost 209.20569998025894ms.
debug: Dispatch build request for time accumulated 1 asset changes.
debug: Build iteration starts.
Number of accumulated asset changes: 1
Feature changed: false
debug: Target(editor) build started.
debug: Detected change: cce:/internal/x/prerequisite-imports. Last mtime: Thu Jan 01 1970 10:58:39 GMT+0800 (China Standard Time), Current mtime: Thu Jan 01 1970 10:59:52 GMT+0800 (China Standard Time)
debug: Inspect cce:/internal/x/prerequisite-imports
debug: Resolve file:///D:/Pastil&Chill/assets/scripts/DatabaseManager.ts from cce:/internal/x/prerequisite-imports as file:///D:/Pastil&Chill/assets/scripts/DatabaseManager.ts.
debug: Resolve file:///D:/Pastil&Chill/assets/scripts/productActions.ts from cce:/internal/x/prerequisite-imports as file:///D:/Pastil&Chill/assets/scripts/productActions.ts.
debug: Detected change: file:///D:/Pastil&Chill/assets/scripts/productActions.ts. Last mtime: Fri Oct 31 2025 15:13:44 GMT+0800 (China Standard Time)@3850fff3-1a47-4a39-a753-476b3fb817b2, Current mtime: Fri Oct 31 2025 15:14:57 GMT+0800 (China Standard Time)@3850fff3-1a47-4a39-a753-476b3fb817b2
debug: Inspect file:///D:/Pastil&Chill/assets/scripts/productActions.ts
debug: Resolve cce:/internal/code-quality/cr.mjs from file:///D:/Pastil&Chill/assets/scripts/productActions.ts as cce:/internal/code-quality/cr.mjs.
debug: Resolve cc from file:///D:/Pastil&Chill/assets/scripts/productActions.ts as cce:/internal/x/cc.
debug: Resolve cc from file:///D:/Pastil&Chill/assets/scripts/productActions.ts as cce:/internal/x/cc.
debug: Resolve cc from file:///D:/Pastil&Chill/assets/scripts/productActions.ts as cce:/internal/x/cc.
debug: Resolve ./DatabaseManager from file:///D:/Pastil&Chill/assets/scripts/productActions.ts as file:///D:/Pastil&Chill/assets/scripts/DatabaseManager.ts.
debug: Target(editor) ends with cost 66.71000003814697ms.
debug: Target(preview) build started.
debug: Detected change: cce:/internal/x/prerequisite-imports. Last mtime: Thu Jan 01 1970 10:58:40 GMT+0800 (China Standard Time), Current mtime: Thu Jan 01 1970 10:59:52 GMT+0800 (China Standard Time)
debug: Inspect cce:/internal/x/prerequisite-imports
debug: Resolve file:///D:/Pastil&Chill/assets/scripts/DatabaseManager.ts from cce:/internal/x/prerequisite-imports as file:///D:/Pastil&Chill/assets/scripts/DatabaseManager.ts.
debug: Resolve file:///D:/Pastil&Chill/assets/scripts/productActions.ts from cce:/internal/x/prerequisite-imports as file:///D:/Pastil&Chill/assets/scripts/productActions.ts.
debug: Detected change: file:///D:/Pastil&Chill/assets/scripts/productActions.ts. Last mtime: Fri Oct 31 2025 15:13:44 GMT+0800 (China Standard Time)@3850fff3-1a47-4a39-a753-476b3fb817b2, Current mtime: Fri Oct 31 2025 15:14:57 GMT+0800 (China Standard Time)@3850fff3-1a47-4a39-a753-476b3fb817b2
debug: Inspect file:///D:/Pastil&Chill/assets/scripts/productActions.ts
debug: Resolve cce:/internal/code-quality/cr.mjs from file:///D:/Pastil&Chill/assets/scripts/productActions.ts as cce:/internal/code-quality/cr.mjs.
debug: Resolve cc from file:///D:/Pastil&Chill/assets/scripts/productActions.ts as cce:/internal/x/cc.
debug: Resolve cc from file:///D:/Pastil&Chill/assets/scripts/productActions.ts as cce:/internal/x/cc.
debug: Resolve cc from file:///D:/Pastil&Chill/assets/scripts/productActions.ts as cce:/internal/x/cc.
debug: Resolve ./DatabaseManager from file:///D:/Pastil&Chill/assets/scripts/productActions.ts as file:///D:/Pastil&Chill/assets/scripts/DatabaseManager.ts.
debug: Target(preview) ends with cost 73.16280001401901ms.
debug: Dispatch build request for time accumulated 1 asset changes.
debug: Build iteration starts.
Number of accumulated asset changes: 1
Feature changed: false
debug: Target(editor) build started.
debug: Detected change: cce:/internal/x/prerequisite-imports. Last mtime: Thu Jan 01 1970 10:59:52 GMT+0800 (China Standard Time), Current mtime: Thu Jan 01 1970 11:00:46 GMT+0800 (China Standard Time)
debug: Inspect cce:/internal/x/prerequisite-imports
debug: Resolve file:///D:/Pastil&Chill/assets/scripts/DatabaseManager.ts from cce:/internal/x/prerequisite-imports as file:///D:/Pastil&Chill/assets/scripts/DatabaseManager.ts.
debug: Resolve file:///D:/Pastil&Chill/assets/scripts/productActions.ts from cce:/internal/x/prerequisite-imports as file:///D:/Pastil&Chill/assets/scripts/productActions.ts.
debug: Detected change: file:///D:/Pastil&Chill/assets/scripts/productActions.ts. Last mtime: Fri Oct 31 2025 15:14:57 GMT+0800 (China Standard Time)@3850fff3-1a47-4a39-a753-476b3fb817b2, Current mtime: Fri Oct 31 2025 15:15:51 GMT+0800 (China Standard Time)@3850fff3-1a47-4a39-a753-476b3fb817b2
debug: Inspect file:///D:/Pastil&Chill/assets/scripts/productActions.ts
debug: Resolve cce:/internal/code-quality/cr.mjs from file:///D:/Pastil&Chill/assets/scripts/productActions.ts as cce:/internal/code-quality/cr.mjs.
debug: Resolve cc from file:///D:/Pastil&Chill/assets/scripts/productActions.ts as cce:/internal/x/cc.
debug: Resolve cc from file:///D:/Pastil&Chill/assets/scripts/productActions.ts as cce:/internal/x/cc.
debug: Resolve cc from file:///D:/Pastil&Chill/assets/scripts/productActions.ts as cce:/internal/x/cc.
debug: Resolve ./DatabaseManager from file:///D:/Pastil&Chill/assets/scripts/productActions.ts as file:///D:/Pastil&Chill/assets/scripts/DatabaseManager.ts.
debug: Target(editor) ends with cost 104.66060000658035ms.
debug: Target(preview) build started.
debug: Detected change: cce:/internal/x/prerequisite-imports. Last mtime: Thu Jan 01 1970 10:59:52 GMT+0800 (China Standard Time), Current mtime: Thu Jan 01 1970 11:00:47 GMT+0800 (China Standard Time)
debug: Inspect cce:/internal/x/prerequisite-imports
debug: Resolve file:///D:/Pastil&Chill/assets/scripts/DatabaseManager.ts from cce:/internal/x/prerequisite-imports as file:///D:/Pastil&Chill/assets/scripts/DatabaseManager.ts.
debug: Resolve file:///D:/Pastil&Chill/assets/scripts/productActions.ts from cce:/internal/x/prerequisite-imports as file:///D:/Pastil&Chill/assets/scripts/productActions.ts.
debug: Detected change: file:///D:/Pastil&Chill/assets/scripts/productActions.ts. Last mtime: Fri Oct 31 2025 15:14:57 GMT+0800 (China Standard Time)@3850fff3-1a47-4a39-a753-476b3fb817b2, Current mtime: Fri Oct 31 2025 15:15:51 GMT+0800 (China Standard Time)@3850fff3-1a47-4a39-a753-476b3fb817b2
debug: Inspect file:///D:/Pastil&Chill/assets/scripts/productActions.ts
debug: Resolve cce:/internal/code-quality/cr.mjs from file:///D:/Pastil&Chill/assets/scripts/productActions.ts as cce:/internal/code-quality/cr.mjs.
debug: Resolve cc from file:///D:/Pastil&Chill/assets/scripts/productActions.ts as cce:/internal/x/cc.
debug: Resolve cc from file:///D:/Pastil&Chill/assets/scripts/productActions.ts as cce:/internal/x/cc.
debug: Resolve cc from file:///D:/Pastil&Chill/assets/scripts/productActions.ts as cce:/internal/x/cc.
debug: Resolve ./DatabaseManager from file:///D:/Pastil&Chill/assets/scripts/productActions.ts as file:///D:/Pastil&Chill/assets/scripts/DatabaseManager.ts.
debug: Target(preview) ends with cost 77.40080004930496ms.
debug: Dispatch build request for time accumulated 1 asset changes.
debug: Build iteration starts.
Number of accumulated asset changes: 1
Feature changed: false
debug: Target(editor) build started.
debug: Detected change: cce:/internal/x/prerequisite-imports. Last mtime: Thu Jan 01 1970 11:00:46 GMT+0800 (China Standard Time), Current mtime: Thu Jan 01 1970 11:01:40 GMT+0800 (China Standard Time)
debug: Inspect cce:/internal/x/prerequisite-imports
debug: Resolve file:///D:/Pastil&Chill/assets/scripts/DatabaseManager.ts from cce:/internal/x/prerequisite-imports as file:///D:/Pastil&Chill/assets/scripts/DatabaseManager.ts.
debug: Resolve file:///D:/Pastil&Chill/assets/scripts/productActions.ts from cce:/internal/x/prerequisite-imports as file:///D:/Pastil&Chill/assets/scripts/productActions.ts.
debug: Detected change: file:///D:/Pastil&Chill/assets/scripts/productActions.ts. Last mtime: Fri Oct 31 2025 15:15:51 GMT+0800 (China Standard Time)@3850fff3-1a47-4a39-a753-476b3fb817b2, Current mtime: Fri Oct 31 2025 15:16:16 GMT+0800 (China Standard Time)@3850fff3-1a47-4a39-a753-476b3fb817b2
debug: Inspect file:///D:/Pastil&Chill/assets/scripts/productActions.ts
debug: Resolve cce:/internal/code-quality/cr.mjs from file:///D:/Pastil&Chill/assets/scripts/productActions.ts as cce:/internal/code-quality/cr.mjs.
debug: Resolve cc from file:///D:/Pastil&Chill/assets/scripts/productActions.ts as cce:/internal/x/cc.
debug: Resolve cc from file:///D:/Pastil&Chill/assets/scripts/productActions.ts as cce:/internal/x/cc.
debug: Resolve cc from file:///D:/Pastil&Chill/assets/scripts/productActions.ts as cce:/internal/x/cc.
debug: Resolve ./DatabaseManager from file:///D:/Pastil&Chill/assets/scripts/productActions.ts as file:///D:/Pastil&Chill/assets/scripts/DatabaseManager.ts.
debug: Target(editor) ends with cost 59.384499967098236ms.
debug: Target(preview) build started.
debug: Detected change: cce:/internal/x/prerequisite-imports. Last mtime: Thu Jan 01 1970 11:00:47 GMT+0800 (China Standard Time), Current mtime: Thu Jan 01 1970 11:01:40 GMT+0800 (China Standard Time)
debug: Inspect cce:/internal/x/prerequisite-imports
debug: Resolve file:///D:/Pastil&Chill/assets/scripts/DatabaseManager.ts from cce:/internal/x/prerequisite-imports as file:///D:/Pastil&Chill/assets/scripts/DatabaseManager.ts.
debug: Resolve file:///D:/Pastil&Chill/assets/scripts/productActions.ts from cce:/internal/x/prerequisite-imports as file:///D:/Pastil&Chill/assets/scripts/productActions.ts.
debug: Detected change: file:///D:/Pastil&Chill/assets/scripts/productActions.ts. Last mtime: Fri Oct 31 2025 15:15:51 GMT+0800 (China Standard Time)@3850fff3-1a47-4a39-a753-476b3fb817b2, Current mtime: Fri Oct 31 2025 15:16:16 GMT+0800 (China Standard Time)@3850fff3-1a47-4a39-a753-476b3fb817b2
debug: Inspect file:///D:/Pastil&Chill/assets/scripts/productActions.ts
debug: Resolve cce:/internal/code-quality/cr.mjs from file:///D:/Pastil&Chill/assets/scripts/productActions.ts as cce:/internal/code-quality/cr.mjs.
debug: Resolve cc from file:///D:/Pastil&Chill/assets/scripts/productActions.ts as cce:/internal/x/cc.
debug: Resolve cc from file:///D:/Pastil&Chill/assets/scripts/productActions.ts as cce:/internal/x/cc.
debug: Resolve cc from file:///D:/Pastil&Chill/assets/scripts/productActions.ts as cce:/internal/x/cc.
debug: Resolve ./DatabaseManager from file:///D:/Pastil&Chill/assets/scripts/productActions.ts as file:///D:/Pastil&Chill/assets/scripts/DatabaseManager.ts.
debug: Target(preview) ends with cost 64.4539999961853ms.
debug: Dispatch build request for time accumulated 1 asset changes.
debug: Build iteration starts.
Number of accumulated asset changes: 1
Feature changed: false
debug: Target(editor) build started.
debug: Detected change: cce:/internal/x/prerequisite-imports. Last mtime: Thu Jan 01 1970 11:01:40 GMT+0800 (China Standard Time), Current mtime: Thu Jan 01 1970 11:01:48 GMT+0800 (China Standard Time)
debug: Inspect cce:/internal/x/prerequisite-imports
debug: Resolve file:///D:/Pastil&Chill/assets/scripts/DatabaseManager.ts from cce:/internal/x/prerequisite-imports as file:///D:/Pastil&Chill/assets/scripts/DatabaseManager.ts.
debug: Resolve file:///D:/Pastil&Chill/assets/scripts/addonsActions.ts from cce:/internal/x/prerequisite-imports as file:///D:/Pastil&Chill/assets/scripts/addonsActions.ts.
debug: Inspect file:///D:/Pastil&Chill/assets/scripts/addonsActions.ts
debug: Resolve cc from file:///D:/Pastil&Chill/assets/scripts/addonsActions.ts as cce:/internal/x/cc.
debug: Resolve cc from file:///D:/Pastil&Chill/assets/scripts/addonsActions.ts as cce:/internal/x/cc.
debug: Resolve cc from file:///D:/Pastil&Chill/assets/scripts/addonsActions.ts as cce:/internal/x/cc.
debug: Resolve file:///D:/Pastil&Chill/assets/scripts/productActions.ts from cce:/internal/x/prerequisite-imports as file:///D:/Pastil&Chill/assets/scripts/productActions.ts.
debug: Target(editor) ends with cost 43.55339998006821ms.
debug: Target(preview) build started.
debug: Detected change: cce:/internal/x/prerequisite-imports. Last mtime: Thu Jan 01 1970 11:01:40 GMT+0800 (China Standard Time), Current mtime: Thu Jan 01 1970 11:01:48 GMT+0800 (China Standard Time)
debug: Inspect cce:/internal/x/prerequisite-imports
debug: Resolve file:///D:/Pastil&Chill/assets/scripts/DatabaseManager.ts from cce:/internal/x/prerequisite-imports as file:///D:/Pastil&Chill/assets/scripts/DatabaseManager.ts.
debug: Resolve file:///D:/Pastil&Chill/assets/scripts/addonsActions.ts from cce:/internal/x/prerequisite-imports as file:///D:/Pastil&Chill/assets/scripts/addonsActions.ts.
debug: Inspect file:///D:/Pastil&Chill/assets/scripts/addonsActions.ts
debug: Resolve cc from file:///D:/Pastil&Chill/assets/scripts/addonsActions.ts as cce:/internal/x/cc.
debug: Resolve cc from file:///D:/Pastil&Chill/assets/scripts/addonsActions.ts as cce:/internal/x/cc.
debug: Resolve cc from file:///D:/Pastil&Chill/assets/scripts/addonsActions.ts as cce:/internal/x/cc.
debug: Resolve file:///D:/Pastil&Chill/assets/scripts/productActions.ts from cce:/internal/x/prerequisite-imports as file:///D:/Pastil&Chill/assets/scripts/productActions.ts.
debug: Target(preview) ends with cost 60.064999997615814ms.
debug: Dispatch build request for time accumulated 1 asset changes.
debug: Build iteration starts.
Number of accumulated asset changes: 1
Feature changed: false
debug: Target(editor) build started.
debug: Detected change: cce:/internal/x/prerequisite-imports. Last mtime: Thu Jan 01 1970 11:01:48 GMT+0800 (China Standard Time), Current mtime: Thu Jan 01 1970 11:02:00 GMT+0800 (China Standard Time)
debug: Inspect cce:/internal/x/prerequisite-imports
debug: Resolve file:///D:/Pastil&Chill/assets/scripts/DatabaseManager.ts from cce:/internal/x/prerequisite-imports as file:///D:/Pastil&Chill/assets/scripts/DatabaseManager.ts.
debug: Resolve file:///D:/Pastil&Chill/assets/scripts/addonsActions.ts from cce:/internal/x/prerequisite-imports as file:///D:/Pastil&Chill/assets/scripts/addonsActions.ts.
debug: Detected change: file:///D:/Pastil&Chill/assets/scripts/addonsActions.ts. Last mtime: Fri Oct 31 2025 15:16:54 GMT+0800 (China Standard Time)@10cfacf4-63ed-4392-988f-c98045d9e71f, Current mtime: Fri Oct 31 2025 15:17:05 GMT+0800 (China Standard Time)@10cfacf4-63ed-4392-988f-c98045d9e71f
debug: Inspect file:///D:/Pastil&Chill/assets/scripts/addonsActions.ts
debug: Resolve cce:/internal/code-quality/cr.mjs from file:///D:/Pastil&Chill/assets/scripts/addonsActions.ts as cce:/internal/code-quality/cr.mjs.
debug: Resolve cc from file:///D:/Pastil&Chill/assets/scripts/addonsActions.ts as cce:/internal/x/cc.
debug: Resolve cc from file:///D:/Pastil&Chill/assets/scripts/addonsActions.ts as cce:/internal/x/cc.
debug: Resolve cc from file:///D:/Pastil&Chill/assets/scripts/addonsActions.ts as cce:/internal/x/cc.
debug: Resolve ./DatabaseManager from file:///D:/Pastil&Chill/assets/scripts/addonsActions.ts as file:///D:/Pastil&Chill/assets/scripts/DatabaseManager.ts.
debug: Resolve file:///D:/Pastil&Chill/assets/scripts/productActions.ts from cce:/internal/x/prerequisite-imports as file:///D:/Pastil&Chill/assets/scripts/productActions.ts.
debug: Target(editor) ends with cost 82.47299998998642ms.
debug: Target(preview) build started.
debug: Detected change: cce:/internal/x/prerequisite-imports. Last mtime: Thu Jan 01 1970 11:01:48 GMT+0800 (China Standard Time), Current mtime: Thu Jan 01 1970 11:02:00 GMT+0800 (China Standard Time)
debug: Inspect cce:/internal/x/prerequisite-imports
debug: Resolve file:///D:/Pastil&Chill/assets/scripts/DatabaseManager.ts from cce:/internal/x/prerequisite-imports as file:///D:/Pastil&Chill/assets/scripts/DatabaseManager.ts.
debug: Resolve file:///D:/Pastil&Chill/assets/scripts/addonsActions.ts from cce:/internal/x/prerequisite-imports as file:///D:/Pastil&Chill/assets/scripts/addonsActions.ts.
debug: Detected change: file:///D:/Pastil&Chill/assets/scripts/addonsActions.ts. Last mtime: Fri Oct 31 2025 15:16:54 GMT+0800 (China Standard Time)@10cfacf4-63ed-4392-988f-c98045d9e71f, Current mtime: Fri Oct 31 2025 15:17:05 GMT+0800 (China Standard Time)@10cfacf4-63ed-4392-988f-c98045d9e71f
debug: Inspect file:///D:/Pastil&Chill/assets/scripts/addonsActions.ts
debug: Resolve cce:/internal/code-quality/cr.mjs from file:///D:/Pastil&Chill/assets/scripts/addonsActions.ts as cce:/internal/code-quality/cr.mjs.
debug: Resolve cc from file:///D:/Pastil&Chill/assets/scripts/addonsActions.ts as cce:/internal/x/cc.
debug: Resolve cc from file:///D:/Pastil&Chill/assets/scripts/addonsActions.ts as cce:/internal/x/cc.
debug: Resolve cc from file:///D:/Pastil&Chill/assets/scripts/addonsActions.ts as cce:/internal/x/cc.
debug: Resolve ./DatabaseManager from file:///D:/Pastil&Chill/assets/scripts/addonsActions.ts as file:///D:/Pastil&Chill/assets/scripts/DatabaseManager.ts.
debug: Resolve file:///D:/Pastil&Chill/assets/scripts/productActions.ts from cce:/internal/x/prerequisite-imports as file:///D:/Pastil&Chill/assets/scripts/productActions.ts.
debug: Target(preview) ends with cost 61.206100046634674ms.
debug: Dispatch build request for time accumulated 1 asset changes.
debug: Build iteration starts.
Number of accumulated asset changes: 1
Feature changed: false
debug: Target(editor) build started.
debug: Detected change: cce:/internal/x/prerequisite-imports. Last mtime: Thu Jan 01 1970 11:02:00 GMT+0800 (China Standard Time), Current mtime: Thu Jan 01 1970 11:02:21 GMT+0800 (China Standard Time)
debug: Inspect cce:/internal/x/prerequisite-imports
debug: Resolve file:///D:/Pastil&Chill/assets/scripts/DatabaseManager.ts from cce:/internal/x/prerequisite-imports as file:///D:/Pastil&Chill/assets/scripts/DatabaseManager.ts.
debug: Resolve file:///D:/Pastil&Chill/assets/scripts/addonsActions.ts from cce:/internal/x/prerequisite-imports as file:///D:/Pastil&Chill/assets/scripts/addonsActions.ts.
debug: Detected change: file:///D:/Pastil&Chill/assets/scripts/addonsActions.ts. Last mtime: Fri Oct 31 2025 15:17:05 GMT+0800 (China Standard Time)@10cfacf4-63ed-4392-988f-c98045d9e71f, Current mtime: Fri Oct 31 2025 15:17:25 GMT+0800 (China Standard Time)@10cfacf4-63ed-4392-988f-c98045d9e71f
debug: Inspect file:///D:/Pastil&Chill/assets/scripts/addonsActions.ts
debug: Resolve cce:/internal/code-quality/cr.mjs from file:///D:/Pastil&Chill/assets/scripts/addonsActions.ts as cce:/internal/code-quality/cr.mjs.
debug: Resolve cc from file:///D:/Pastil&Chill/assets/scripts/addonsActions.ts as cce:/internal/x/cc.
debug: Resolve cc from file:///D:/Pastil&Chill/assets/scripts/addonsActions.ts as cce:/internal/x/cc.
debug: Resolve cc from file:///D:/Pastil&Chill/assets/scripts/addonsActions.ts as cce:/internal/x/cc.
debug: Resolve ./DatabaseManager from file:///D:/Pastil&Chill/assets/scripts/addonsActions.ts as file:///D:/Pastil&Chill/assets/scripts/DatabaseManager.ts.
debug: Resolve file:///D:/Pastil&Chill/assets/scripts/productActions.ts from cce:/internal/x/prerequisite-imports as file:///D:/Pastil&Chill/assets/scripts/productActions.ts.
debug: Target(editor) ends with cost 66.1055999994278ms.
debug: Target(preview) build started.
debug: Detected change: cce:/internal/x/prerequisite-imports. Last mtime: Thu Jan 01 1970 11:02:00 GMT+0800 (China Standard Time), Current mtime: Thu Jan 01 1970 11:02:21 GMT+0800 (China Standard Time)
debug: Inspect cce:/internal/x/prerequisite-imports
debug: Resolve file:///D:/Pastil&Chill/assets/scripts/DatabaseManager.ts from cce:/internal/x/prerequisite-imports as file:///D:/Pastil&Chill/assets/scripts/DatabaseManager.ts.
debug: Resolve file:///D:/Pastil&Chill/assets/scripts/addonsActions.ts from cce:/internal/x/prerequisite-imports as file:///D:/Pastil&Chill/assets/scripts/addonsActions.ts.
debug: Detected change: file:///D:/Pastil&Chill/assets/scripts/addonsActions.ts. Last mtime: Fri Oct 31 2025 15:17:05 GMT+0800 (China Standard Time)@10cfacf4-63ed-4392-988f-c98045d9e71f, Current mtime: Fri Oct 31 2025 15:17:25 GMT+0800 (China Standard Time)@10cfacf4-63ed-4392-988f-c98045d9e71f
debug: Inspect file:///D:/Pastil&Chill/assets/scripts/addonsActions.ts
debug: Resolve cce:/internal/code-quality/cr.mjs from file:///D:/Pastil&Chill/assets/scripts/addonsActions.ts as cce:/internal/code-quality/cr.mjs.
debug: Resolve cc from file:///D:/Pastil&Chill/assets/scripts/addonsActions.ts as cce:/internal/x/cc.
debug: Resolve cc from file:///D:/Pastil&Chill/assets/scripts/addonsActions.ts as cce:/internal/x/cc.
debug: Resolve cc from file:///D:/Pastil&Chill/assets/scripts/addonsActions.ts as cce:/internal/x/cc.
debug: Resolve ./DatabaseManager from file:///D:/Pastil&Chill/assets/scripts/addonsActions.ts as file:///D:/Pastil&Chill/assets/scripts/DatabaseManager.ts.
debug: Resolve file:///D:/Pastil&Chill/assets/scripts/productActions.ts from cce:/internal/x/prerequisite-imports as file:///D:/Pastil&Chill/assets/scripts/productActions.ts.
debug: Target(preview) ends with cost 79.92220002412796ms.
debug: Dispatch build request for time accumulated 1 asset changes.
debug: Build iteration starts.
Number of accumulated asset changes: 1
Feature changed: false
debug: Target(editor) build started.
debug: Detected change: cce:/internal/x/prerequisite-imports. Last mtime: Thu Jan 01 1970 11:02:21 GMT+0800 (China Standard Time), Current mtime: Thu Jan 01 1970 11:30:47 GMT+0800 (China Standard Time)
debug: Inspect cce:/internal/x/prerequisite-imports
debug: Resolve file:///D:/Pastil&Chill/assets/scripts/DatabaseManager.ts from cce:/internal/x/prerequisite-imports as file:///D:/Pastil&Chill/assets/scripts/DatabaseManager.ts.
debug: Resolve file:///D:/Pastil&Chill/assets/scripts/addonsActions.ts from cce:/internal/x/prerequisite-imports as file:///D:/Pastil&Chill/assets/scripts/addonsActions.ts.
debug: Resolve file:///D:/Pastil&Chill/assets/scripts/orderAction.ts from cce:/internal/x/prerequisite-imports as file:///D:/Pastil&Chill/assets/scripts/orderAction.ts.
debug: Inspect file:///D:/Pastil&Chill/assets/scripts/orderAction.ts
debug: Resolve cc from file:///D:/Pastil&Chill/assets/scripts/orderAction.ts as cce:/internal/x/cc.
debug: Resolve cc from file:///D:/Pastil&Chill/assets/scripts/orderAction.ts as cce:/internal/x/cc.
debug: Resolve cc from file:///D:/Pastil&Chill/assets/scripts/orderAction.ts as cce:/internal/x/cc.
debug: Resolve file:///D:/Pastil&Chill/assets/scripts/productActions.ts from cce:/internal/x/prerequisite-imports as file:///D:/Pastil&Chill/assets/scripts/productActions.ts.
debug: Target(editor) ends with cost 45.33569997549057ms.
debug: Target(preview) build started.
debug: Detected change: cce:/internal/x/prerequisite-imports. Last mtime: Thu Jan 01 1970 11:02:21 GMT+0800 (China Standard Time), Current mtime: Thu Jan 01 1970 11:30:47 GMT+0800 (China Standard Time)
debug: Inspect cce:/internal/x/prerequisite-imports
debug: Resolve file:///D:/Pastil&Chill/assets/scripts/DatabaseManager.ts from cce:/internal/x/prerequisite-imports as file:///D:/Pastil&Chill/assets/scripts/DatabaseManager.ts.
debug: Resolve file:///D:/Pastil&Chill/assets/scripts/addonsActions.ts from cce:/internal/x/prerequisite-imports as file:///D:/Pastil&Chill/assets/scripts/addonsActions.ts.
debug: Resolve file:///D:/Pastil&Chill/assets/scripts/orderAction.ts from cce:/internal/x/prerequisite-imports as file:///D:/Pastil&Chill/assets/scripts/orderAction.ts.
debug: Inspect file:///D:/Pastil&Chill/assets/scripts/orderAction.ts
debug: Resolve cc from file:///D:/Pastil&Chill/assets/scripts/orderAction.ts as cce:/internal/x/cc.
debug: Resolve cc from file:///D:/Pastil&Chill/assets/scripts/orderAction.ts as cce:/internal/x/cc.
debug: Resolve cc from file:///D:/Pastil&Chill/assets/scripts/orderAction.ts as cce:/internal/x/cc.
debug: Resolve file:///D:/Pastil&Chill/assets/scripts/productActions.ts from cce:/internal/x/prerequisite-imports as file:///D:/Pastil&Chill/assets/scripts/productActions.ts.
debug: Target(preview) ends with cost 74.28700000047684ms.
debug: Dispatch build request for time accumulated 1 asset changes.
debug: Build iteration starts.
Number of accumulated asset changes: 1
Feature changed: false
debug: Target(editor) build started.
debug: Detected change: cce:/internal/x/prerequisite-imports. Last mtime: Thu Jan 01 1970 11:30:47 GMT+0800 (China Standard Time), Current mtime: Thu Jan 01 1970 11:31:30 GMT+0800 (China Standard Time)
debug: Inspect cce:/internal/x/prerequisite-imports
debug: Resolve file:///D:/Pastil&Chill/assets/scripts/DatabaseManager.ts from cce:/internal/x/prerequisite-imports as file:///D:/Pastil&Chill/assets/scripts/DatabaseManager.ts.
debug: Resolve file:///D:/Pastil&Chill/assets/scripts/addonsActions.ts from cce:/internal/x/prerequisite-imports as file:///D:/Pastil&Chill/assets/scripts/addonsActions.ts.
debug: Resolve file:///D:/Pastil&Chill/assets/scripts/orderAction.ts from cce:/internal/x/prerequisite-imports as file:///D:/Pastil&Chill/assets/scripts/orderAction.ts.
debug: Detected change: file:///D:/Pastil&Chill/assets/scripts/orderAction.ts. Last mtime: Fri Oct 31 2025 15:45:53 GMT+0800 (China Standard Time)@7e94a6a2-1e46-47d8-9cbc-a2f16f2b713b, Current mtime: Fri Oct 31 2025 15:46:35 GMT+0800 (China Standard Time)@7e94a6a2-1e46-47d8-9cbc-a2f16f2b713b
debug: Inspect file:///D:/Pastil&Chill/assets/scripts/orderAction.ts
debug: Resolve cc from file:///D:/Pastil&Chill/assets/scripts/orderAction.ts as cce:/internal/x/cc.
debug: Resolve cc from file:///D:/Pastil&Chill/assets/scripts/orderAction.ts as cce:/internal/x/cc.
debug: Resolve cc from file:///D:/Pastil&Chill/assets/scripts/orderAction.ts as cce:/internal/x/cc.
debug: Resolve file:///D:/Pastil&Chill/assets/scripts/productActions.ts from cce:/internal/x/prerequisite-imports as file:///D:/Pastil&Chill/assets/scripts/productActions.ts.
debug: Target(editor) ends with cost 55.21950000524521ms.
debug: Target(preview) build started.
debug: Detected change: cce:/internal/x/prerequisite-imports. Last mtime: Thu Jan 01 1970 11:30:47 GMT+0800 (China Standard Time), Current mtime: Thu Jan 01 1970 11:31:31 GMT+0800 (China Standard Time)
debug: Inspect cce:/internal/x/prerequisite-imports
debug: Resolve file:///D:/Pastil&Chill/assets/scripts/DatabaseManager.ts from cce:/internal/x/prerequisite-imports as file:///D:/Pastil&Chill/assets/scripts/DatabaseManager.ts.
debug: Resolve file:///D:/Pastil&Chill/assets/scripts/addonsActions.ts from cce:/internal/x/prerequisite-imports as file:///D:/Pastil&Chill/assets/scripts/addonsActions.ts.
debug: Resolve file:///D:/Pastil&Chill/assets/scripts/orderAction.ts from cce:/internal/x/prerequisite-imports as file:///D:/Pastil&Chill/assets/scripts/orderAction.ts.
debug: Detected change: file:///D:/Pastil&Chill/assets/scripts/orderAction.ts. Last mtime: Fri Oct 31 2025 15:45:53 GMT+0800 (China Standard Time)@7e94a6a2-1e46-47d8-9cbc-a2f16f2b713b, Current mtime: Fri Oct 31 2025 15:46:35 GMT+0800 (China Standard Time)@7e94a6a2-1e46-47d8-9cbc-a2f16f2b713b
debug: Inspect file:///D:/Pastil&Chill/assets/scripts/orderAction.ts
debug: Resolve cc from file:///D:/Pastil&Chill/assets/scripts/orderAction.ts as cce:/internal/x/cc.
debug: Resolve cc from file:///D:/Pastil&Chill/assets/scripts/orderAction.ts as cce:/internal/x/cc.
debug: Resolve cc from file:///D:/Pastil&Chill/assets/scripts/orderAction.ts as cce:/internal/x/cc.
debug: Resolve file:///D:/Pastil&Chill/assets/scripts/productActions.ts from cce:/internal/x/prerequisite-imports as file:///D:/Pastil&Chill/assets/scripts/productActions.ts.
debug: Target(preview) ends with cost 84.703400015831ms.
debug: Dispatch build request for time accumulated 1 asset changes.
debug: Build iteration starts.
Number of accumulated asset changes: 1
Feature changed: false
debug: Target(editor) build started.
debug: Detected change: cce:/internal/x/prerequisite-imports. Last mtime: Thu Jan 01 1970 11:31:30 GMT+0800 (China Standard Time), Current mtime: Thu Jan 01 1970 11:31:50 GMT+0800 (China Standard Time)
debug: Inspect cce:/internal/x/prerequisite-imports
debug: Resolve file:///D:/Pastil&Chill/assets/scripts/DatabaseManager.ts from cce:/internal/x/prerequisite-imports as file:///D:/Pastil&Chill/assets/scripts/DatabaseManager.ts.
debug: Resolve file:///D:/Pastil&Chill/assets/scripts/addonsActions.ts from cce:/internal/x/prerequisite-imports as file:///D:/Pastil&Chill/assets/scripts/addonsActions.ts.
debug: Resolve file:///D:/Pastil&Chill/assets/scripts/orderAction.ts from cce:/internal/x/prerequisite-imports as file:///D:/Pastil&Chill/assets/scripts/orderAction.ts.
debug: Detected change: file:///D:/Pastil&Chill/assets/scripts/orderAction.ts. Last mtime: Fri Oct 31 2025 15:46:35 GMT+0800 (China Standard Time)@7e94a6a2-1e46-47d8-9cbc-a2f16f2b713b, Current mtime: Fri Oct 31 2025 15:46:54 GMT+0800 (China Standard Time)@7e94a6a2-1e46-47d8-9cbc-a2f16f2b713b
debug: Inspect file:///D:/Pastil&Chill/assets/scripts/orderAction.ts
debug: Resolve cc from file:///D:/Pastil&Chill/assets/scripts/orderAction.ts as cce:/internal/x/cc.
debug: Resolve cc from file:///D:/Pastil&Chill/assets/scripts/orderAction.ts as cce:/internal/x/cc.
debug: Resolve cc from file:///D:/Pastil&Chill/assets/scripts/orderAction.ts as cce:/internal/x/cc.
debug: Resolve file:///D:/Pastil&Chill/assets/scripts/productActions.ts from cce:/internal/x/prerequisite-imports as file:///D:/Pastil&Chill/assets/scripts/productActions.ts.
debug: Target(editor) ends with cost 55.18489998579025ms.
debug: Target(preview) build started.
debug: Detected change: cce:/internal/x/prerequisite-imports. Last mtime: Thu Jan 01 1970 11:31:31 GMT+0800 (China Standard Time), Current mtime: Thu Jan 01 1970 11:31:50 GMT+0800 (China Standard Time)
debug: Inspect cce:/internal/x/prerequisite-imports
debug: Resolve file:///D:/Pastil&Chill/assets/scripts/DatabaseManager.ts from cce:/internal/x/prerequisite-imports as file:///D:/Pastil&Chill/assets/scripts/DatabaseManager.ts.
debug: Resolve file:///D:/Pastil&Chill/assets/scripts/addonsActions.ts from cce:/internal/x/prerequisite-imports as file:///D:/Pastil&Chill/assets/scripts/addonsActions.ts.
debug: Resolve file:///D:/Pastil&Chill/assets/scripts/orderAction.ts from cce:/internal/x/prerequisite-imports as file:///D:/Pastil&Chill/assets/scripts/orderAction.ts.
debug: Detected change: file:///D:/Pastil&Chill/assets/scripts/orderAction.ts. Last mtime: Fri Oct 31 2025 15:46:35 GMT+0800 (China Standard Time)@7e94a6a2-1e46-47d8-9cbc-a2f16f2b713b, Current mtime: Fri Oct 31 2025 15:46:54 GMT+0800 (China Standard Time)@7e94a6a2-1e46-47d8-9cbc-a2f16f2b713b
debug: Inspect file:///D:/Pastil&Chill/assets/scripts/orderAction.ts
debug: Resolve cc from file:///D:/Pastil&Chill/assets/scripts/orderAction.ts as cce:/internal/x/cc.
debug: Resolve cc from file:///D:/Pastil&Chill/assets/scripts/orderAction.ts as cce:/internal/x/cc.
debug: Resolve cc from file:///D:/Pastil&Chill/assets/scripts/orderAction.ts as cce:/internal/x/cc.
debug: Resolve file:///D:/Pastil&Chill/assets/scripts/productActions.ts from cce:/internal/x/prerequisite-imports as file:///D:/Pastil&Chill/assets/scripts/productActions.ts.
debug: Target(preview) ends with cost 61.662999987602234ms.
debug: Dispatch build request for time accumulated 1 asset changes.
debug: Build iteration starts.
Number of accumulated asset changes: 1
Feature changed: false
debug: Target(editor) build started.
debug: Detected change: cce:/internal/x/prerequisite-imports. Last mtime: Thu Jan 01 1970 11:31:50 GMT+0800 (China Standard Time), Current mtime: Thu Jan 01 1970 11:32:08 GMT+0800 (China Standard Time)
debug: Inspect cce:/internal/x/prerequisite-imports
debug: Resolve file:///D:/Pastil&Chill/assets/scripts/DatabaseManager.ts from cce:/internal/x/prerequisite-imports as file:///D:/Pastil&Chill/assets/scripts/DatabaseManager.ts.
debug: Resolve file:///D:/Pastil&Chill/assets/scripts/addonsActions.ts from cce:/internal/x/prerequisite-imports as file:///D:/Pastil&Chill/assets/scripts/addonsActions.ts.
debug: Resolve file:///D:/Pastil&Chill/assets/scripts/orderAction.ts from cce:/internal/x/prerequisite-imports as file:///D:/Pastil&Chill/assets/scripts/orderAction.ts.
debug: Detected change: file:///D:/Pastil&Chill/assets/scripts/orderAction.ts. Last mtime: Fri Oct 31 2025 15:46:54 GMT+0800 (China Standard Time)@7e94a6a2-1e46-47d8-9cbc-a2f16f2b713b, Current mtime: Fri Oct 31 2025 15:47:13 GMT+0800 (China Standard Time)@7e94a6a2-1e46-47d8-9cbc-a2f16f2b713b
debug: Inspect file:///D:/Pastil&Chill/assets/scripts/orderAction.ts
debug: Resolve cc from file:///D:/Pastil&Chill/assets/scripts/orderAction.ts as cce:/internal/x/cc.
debug: Resolve cc from file:///D:/Pastil&Chill/assets/scripts/orderAction.ts as cce:/internal/x/cc.
debug: Resolve cc from file:///D:/Pastil&Chill/assets/scripts/orderAction.ts as cce:/internal/x/cc.
debug: Resolve file:///D:/Pastil&Chill/assets/scripts/productActions.ts from cce:/internal/x/prerequisite-imports as file:///D:/Pastil&Chill/assets/scripts/productActions.ts.
debug: Target(editor) ends with cost 54.289099991321564ms.
debug: Target(preview) build started.
debug: Detected change: cce:/internal/x/prerequisite-imports. Last mtime: Thu Jan 01 1970 11:31:50 GMT+0800 (China Standard Time), Current mtime: Thu Jan 01 1970 11:32:08 GMT+0800 (China Standard Time)
debug: Inspect cce:/internal/x/prerequisite-imports
debug: Resolve file:///D:/Pastil&Chill/assets/scripts/DatabaseManager.ts from cce:/internal/x/prerequisite-imports as file:///D:/Pastil&Chill/assets/scripts/DatabaseManager.ts.
debug: Resolve file:///D:/Pastil&Chill/assets/scripts/addonsActions.ts from cce:/internal/x/prerequisite-imports as file:///D:/Pastil&Chill/assets/scripts/addonsActions.ts.
debug: Resolve file:///D:/Pastil&Chill/assets/scripts/orderAction.ts from cce:/internal/x/prerequisite-imports as file:///D:/Pastil&Chill/assets/scripts/orderAction.ts.
debug: Detected change: file:///D:/Pastil&Chill/assets/scripts/orderAction.ts. Last mtime: Fri Oct 31 2025 15:46:54 GMT+0800 (China Standard Time)@7e94a6a2-1e46-47d8-9cbc-a2f16f2b713b, Current mtime: Fri Oct 31 2025 15:47:13 GMT+0800 (China Standard Time)@7e94a6a2-1e46-47d8-9cbc-a2f16f2b713b
debug: Inspect file:///D:/Pastil&Chill/assets/scripts/orderAction.ts
debug: Resolve cc from file:///D:/Pastil&Chill/assets/scripts/orderAction.ts as cce:/internal/x/cc.
debug: Resolve cc from file:///D:/Pastil&Chill/assets/scripts/orderAction.ts as cce:/internal/x/cc.
debug: Resolve cc from file:///D:/Pastil&Chill/assets/scripts/orderAction.ts as cce:/internal/x/cc.
debug: Resolve file:///D:/Pastil&Chill/assets/scripts/productActions.ts from cce:/internal/x/prerequisite-imports as file:///D:/Pastil&Chill/assets/scripts/productActions.ts.
debug: Target(preview) ends with cost 62.16119998693466ms.
debug: Dispatch build request for time accumulated 1 asset changes.
debug: Build iteration starts.
Number of accumulated asset changes: 1
Feature changed: false
debug: Target(editor) build started.
debug: Detected change: cce:/internal/x/prerequisite-imports. Last mtime: Thu Jan 01 1970 11:32:08 GMT+0800 (China Standard Time), Current mtime: Thu Jan 01 1970 11:32:44 GMT+0800 (China Standard Time)
debug: Inspect cce:/internal/x/prerequisite-imports
debug: Resolve file:///D:/Pastil&Chill/assets/scripts/DatabaseManager.ts from cce:/internal/x/prerequisite-imports as file:///D:/Pastil&Chill/assets/scripts/DatabaseManager.ts.
debug: Resolve file:///D:/Pastil&Chill/assets/scripts/addonsActions.ts from cce:/internal/x/prerequisite-imports as file:///D:/Pastil&Chill/assets/scripts/addonsActions.ts.
debug: Resolve file:///D:/Pastil&Chill/assets/scripts/orderAction.ts from cce:/internal/x/prerequisite-imports as file:///D:/Pastil&Chill/assets/scripts/orderAction.ts.
debug: Detected change: file:///D:/Pastil&Chill/assets/scripts/orderAction.ts. Last mtime: Fri Oct 31 2025 15:47:13 GMT+0800 (China Standard Time)@7e94a6a2-1e46-47d8-9cbc-a2f16f2b713b, Current mtime: Fri Oct 31 2025 15:47:49 GMT+0800 (China Standard Time)@7e94a6a2-1e46-47d8-9cbc-a2f16f2b713b
debug: Inspect file:///D:/Pastil&Chill/assets/scripts/orderAction.ts
debug: Resolve cc from file:///D:/Pastil&Chill/assets/scripts/orderAction.ts as cce:/internal/x/cc.
debug: Resolve cc from file:///D:/Pastil&Chill/assets/scripts/orderAction.ts as cce:/internal/x/cc.
debug: Resolve cc from file:///D:/Pastil&Chill/assets/scripts/orderAction.ts as cce:/internal/x/cc.
debug: Resolve file:///D:/Pastil&Chill/assets/scripts/productActions.ts from cce:/internal/x/prerequisite-imports as file:///D:/Pastil&Chill/assets/scripts/productActions.ts.
debug: Target(editor) ends with cost 61.769599974155426ms.
debug: Target(preview) build started.
debug: Detected change: cce:/internal/x/prerequisite-imports. Last mtime: Thu Jan 01 1970 11:32:08 GMT+0800 (China Standard Time), Current mtime: Thu Jan 01 1970 11:32:44 GMT+0800 (China Standard Time)
debug: Inspect cce:/internal/x/prerequisite-imports
debug: Resolve file:///D:/Pastil&Chill/assets/scripts/DatabaseManager.ts from cce:/internal/x/prerequisite-imports as file:///D:/Pastil&Chill/assets/scripts/DatabaseManager.ts.
debug: Resolve file:///D:/Pastil&Chill/assets/scripts/addonsActions.ts from cce:/internal/x/prerequisite-imports as file:///D:/Pastil&Chill/assets/scripts/addonsActions.ts.
debug: Resolve file:///D:/Pastil&Chill/assets/scripts/orderAction.ts from cce:/internal/x/prerequisite-imports as file:///D:/Pastil&Chill/assets/scripts/orderAction.ts.
debug: Detected change: file:///D:/Pastil&Chill/assets/scripts/orderAction.ts. Last mtime: Fri Oct 31 2025 15:47:13 GMT+0800 (China Standard Time)@7e94a6a2-1e46-47d8-9cbc-a2f16f2b713b, Current mtime: Fri Oct 31 2025 15:47:49 GMT+0800 (China Standard Time)@7e94a6a2-1e46-47d8-9cbc-a2f16f2b713b
debug: Inspect file:///D:/Pastil&Chill/assets/scripts/orderAction.ts
debug: Resolve cc from file:///D:/Pastil&Chill/assets/scripts/orderAction.ts as cce:/internal/x/cc.
debug: Resolve cc from file:///D:/Pastil&Chill/assets/scripts/orderAction.ts as cce:/internal/x/cc.
debug: Resolve cc from file:///D:/Pastil&Chill/assets/scripts/orderAction.ts as cce:/internal/x/cc.
debug: Resolve file:///D:/Pastil&Chill/assets/scripts/productActions.ts from cce:/internal/x/prerequisite-imports as file:///D:/Pastil&Chill/assets/scripts/productActions.ts.
debug: Target(preview) ends with cost 131.60390001535416ms.
debug: Dispatch build request for time accumulated 1 asset changes.
debug: Build iteration starts.
Number of accumulated asset changes: 1
Feature changed: false
debug: Target(editor) build started.
debug: Detected change: cce:/internal/x/prerequisite-imports. Last mtime: Thu Jan 01 1970 11:32:44 GMT+0800 (China Standard Time), Current mtime: Thu Jan 01 1970 11:32:55 GMT+0800 (China Standard Time)
debug: Inspect cce:/internal/x/prerequisite-imports
debug: Resolve file:///D:/Pastil&Chill/assets/scripts/DatabaseManager.ts from cce:/internal/x/prerequisite-imports as file:///D:/Pastil&Chill/assets/scripts/DatabaseManager.ts.
debug: Resolve file:///D:/Pastil&Chill/assets/scripts/addonsActions.ts from cce:/internal/x/prerequisite-imports as file:///D:/Pastil&Chill/assets/scripts/addonsActions.ts.
debug: Resolve file:///D:/Pastil&Chill/assets/scripts/orderAction.ts from cce:/internal/x/prerequisite-imports as file:///D:/Pastil&Chill/assets/scripts/orderAction.ts.
debug: Detected change: file:///D:/Pastil&Chill/assets/scripts/orderAction.ts. Last mtime: Fri Oct 31 2025 15:47:49 GMT+0800 (China Standard Time)@7e94a6a2-1e46-47d8-9cbc-a2f16f2b713b, Current mtime: Fri Oct 31 2025 15:48:00 GMT+0800 (China Standard Time)@7e94a6a2-1e46-47d8-9cbc-a2f16f2b713b
debug: Inspect file:///D:/Pastil&Chill/assets/scripts/orderAction.ts
debug: Resolve cc from file:///D:/Pastil&Chill/assets/scripts/orderAction.ts as cce:/internal/x/cc.
debug: Resolve cc from file:///D:/Pastil&Chill/assets/scripts/orderAction.ts as cce:/internal/x/cc.
debug: Resolve cc from file:///D:/Pastil&Chill/assets/scripts/orderAction.ts as cce:/internal/x/cc.
debug: Resolve file:///D:/Pastil&Chill/assets/scripts/productActions.ts from cce:/internal/x/prerequisite-imports as file:///D:/Pastil&Chill/assets/scripts/productActions.ts.
debug: Target(editor) ends with cost 74.5368999838829ms.
debug: Target(preview) build started.
debug: Detected change: cce:/internal/x/prerequisite-imports. Last mtime: Thu Jan 01 1970 11:32:44 GMT+0800 (China Standard Time), Current mtime: Thu Jan 01 1970 11:32:55 GMT+0800 (China Standard Time)
debug: Inspect cce:/internal/x/prerequisite-imports
debug: Resolve file:///D:/Pastil&Chill/assets/scripts/DatabaseManager.ts from cce:/internal/x/prerequisite-imports as file:///D:/Pastil&Chill/assets/scripts/DatabaseManager.ts.
debug: Resolve file:///D:/Pastil&Chill/assets/scripts/addonsActions.ts from cce:/internal/x/prerequisite-imports as file:///D:/Pastil&Chill/assets/scripts/addonsActions.ts.
debug: Resolve file:///D:/Pastil&Chill/assets/scripts/orderAction.ts from cce:/internal/x/prerequisite-imports as file:///D:/Pastil&Chill/assets/scripts/orderAction.ts.
debug: Detected change: file:///D:/Pastil&Chill/assets/scripts/orderAction.ts. Last mtime: Fri Oct 31 2025 15:47:49 GMT+0800 (China Standard Time)@7e94a6a2-1e46-47d8-9cbc-a2f16f2b713b, Current mtime: Fri Oct 31 2025 15:48:00 GMT+0800 (China Standard Time)@7e94a6a2-1e46-47d8-9cbc-a2f16f2b713b
debug: Inspect file:///D:/Pastil&Chill/assets/scripts/orderAction.ts
debug: Resolve cc from file:///D:/Pastil&Chill/assets/scripts/orderAction.ts as cce:/internal/x/cc.
debug: Resolve cc from file:///D:/Pastil&Chill/assets/scripts/orderAction.ts as cce:/internal/x/cc.
debug: Resolve cc from file:///D:/Pastil&Chill/assets/scripts/orderAction.ts as cce:/internal/x/cc.
debug: Resolve file:///D:/Pastil&Chill/assets/scripts/productActions.ts from cce:/internal/x/prerequisite-imports as file:///D:/Pastil&Chill/assets/scripts/productActions.ts.
debug: Target(preview) ends with cost 116.29620003700256ms.
debug: Dispatch build request for time accumulated 1 asset changes.
debug: Build iteration starts.
Number of accumulated asset changes: 1
Feature changed: false
debug: Target(editor) build started.
debug: Detected change: cce:/internal/x/prerequisite-imports. Last mtime: Thu Jan 01 1970 11:32:55 GMT+0800 (China Standard Time), Current mtime: Thu Jan 01 1970 11:33:19 GMT+0800 (China Standard Time)
debug: Inspect cce:/internal/x/prerequisite-imports
debug: Resolve file:///D:/Pastil&Chill/assets/scripts/DatabaseManager.ts from cce:/internal/x/prerequisite-imports as file:///D:/Pastil&Chill/assets/scripts/DatabaseManager.ts.
debug: Resolve file:///D:/Pastil&Chill/assets/scripts/addonsActions.ts from cce:/internal/x/prerequisite-imports as file:///D:/Pastil&Chill/assets/scripts/addonsActions.ts.
debug: Resolve file:///D:/Pastil&Chill/assets/scripts/orderAction.ts from cce:/internal/x/prerequisite-imports as file:///D:/Pastil&Chill/assets/scripts/orderAction.ts.
debug: Detected change: file:///D:/Pastil&Chill/assets/scripts/orderAction.ts. Last mtime: Fri Oct 31 2025 15:48:00 GMT+0800 (China Standard Time)@7e94a6a2-1e46-47d8-9cbc-a2f16f2b713b, Current mtime: Fri Oct 31 2025 15:48:24 GMT+0800 (China Standard Time)@7e94a6a2-1e46-47d8-9cbc-a2f16f2b713b
debug: Inspect file:///D:/Pastil&Chill/assets/scripts/orderAction.ts
debug: Resolve cc from file:///D:/Pastil&Chill/assets/scripts/orderAction.ts as cce:/internal/x/cc.
debug: Resolve cc from file:///D:/Pastil&Chill/assets/scripts/orderAction.ts as cce:/internal/x/cc.
debug: Resolve cc from file:///D:/Pastil&Chill/assets/scripts/orderAction.ts as cce:/internal/x/cc.
debug: Resolve file:///D:/Pastil&Chill/assets/scripts/productActions.ts from cce:/internal/x/prerequisite-imports as file:///D:/Pastil&Chill/assets/scripts/productActions.ts.
debug: Target(editor) ends with cost 73.54409998655319ms.
debug: Target(preview) build started.
debug: Detected change: cce:/internal/x/prerequisite-imports. Last mtime: Thu Jan 01 1970 11:32:55 GMT+0800 (China Standard Time), Current mtime: Thu Jan 01 1970 11:33:19 GMT+0800 (China Standard Time)
debug: Inspect cce:/internal/x/prerequisite-imports
debug: Resolve file:///D:/Pastil&Chill/assets/scripts/DatabaseManager.ts from cce:/internal/x/prerequisite-imports as file:///D:/Pastil&Chill/assets/scripts/DatabaseManager.ts.
debug: Resolve file:///D:/Pastil&Chill/assets/scripts/addonsActions.ts from cce:/internal/x/prerequisite-imports as file:///D:/Pastil&Chill/assets/scripts/addonsActions.ts.
debug: Resolve file:///D:/Pastil&Chill/assets/scripts/orderAction.ts from cce:/internal/x/prerequisite-imports as file:///D:/Pastil&Chill/assets/scripts/orderAction.ts.
debug: Detected change: file:///D:/Pastil&Chill/assets/scripts/orderAction.ts. Last mtime: Fri Oct 31 2025 15:48:00 GMT+0800 (China Standard Time)@7e94a6a2-1e46-47d8-9cbc-a2f16f2b713b, Current mtime: Fri Oct 31 2025 15:48:24 GMT+0800 (China Standard Time)@7e94a6a2-1e46-47d8-9cbc-a2f16f2b713b
debug: Inspect file:///D:/Pastil&Chill/assets/scripts/orderAction.ts
debug: Resolve cc from file:///D:/Pastil&Chill/assets/scripts/orderAction.ts as cce:/internal/x/cc.
debug: Resolve cc from file:///D:/Pastil&Chill/assets/scripts/orderAction.ts as cce:/internal/x/cc.
debug: Resolve cc from file:///D:/Pastil&Chill/assets/scripts/orderAction.ts as cce:/internal/x/cc.
debug: Resolve file:///D:/Pastil&Chill/assets/scripts/productActions.ts from cce:/internal/x/prerequisite-imports as file:///D:/Pastil&Chill/assets/scripts/productActions.ts.
debug: Target(preview) ends with cost 77.66500002145767ms.
debug: Dispatch build request for time accumulated 1 asset changes.
debug: Build iteration starts.
Number of accumulated asset changes: 1
Feature changed: false
debug: Target(editor) build started.
debug: Detected change: cce:/internal/x/prerequisite-imports. Last mtime: Thu Jan 01 1970 11:33:19 GMT+0800 (China Standard Time), Current mtime: Thu Jan 01 1970 11:33:53 GMT+0800 (China Standard Time)
debug: Inspect cce:/internal/x/prerequisite-imports
debug: Resolve file:///D:/Pastil&Chill/assets/scripts/DatabaseManager.ts from cce:/internal/x/prerequisite-imports as file:///D:/Pastil&Chill/assets/scripts/DatabaseManager.ts.
debug: Resolve file:///D:/Pastil&Chill/assets/scripts/addonsActions.ts from cce:/internal/x/prerequisite-imports as file:///D:/Pastil&Chill/assets/scripts/addonsActions.ts.
debug: Resolve file:///D:/Pastil&Chill/assets/scripts/orderAction.ts from cce:/internal/x/prerequisite-imports as file:///D:/Pastil&Chill/assets/scripts/orderAction.ts.
debug: Detected change: file:///D:/Pastil&Chill/assets/scripts/orderAction.ts. Last mtime: Fri Oct 31 2025 15:48:24 GMT+0800 (China Standard Time)@7e94a6a2-1e46-47d8-9cbc-a2f16f2b713b, Current mtime: Fri Oct 31 2025 15:48:57 GMT+0800 (China Standard Time)@7e94a6a2-1e46-47d8-9cbc-a2f16f2b713b
debug: Inspect file:///D:/Pastil&Chill/assets/scripts/orderAction.ts
debug: Resolve cc from file:///D:/Pastil&Chill/assets/scripts/orderAction.ts as cce:/internal/x/cc.
debug: Resolve cc from file:///D:/Pastil&Chill/assets/scripts/orderAction.ts as cce:/internal/x/cc.
debug: Resolve cc from file:///D:/Pastil&Chill/assets/scripts/orderAction.ts as cce:/internal/x/cc.
debug: Resolve file:///D:/Pastil&Chill/assets/scripts/productActions.ts from cce:/internal/x/prerequisite-imports as file:///D:/Pastil&Chill/assets/scripts/productActions.ts.
debug: Target(editor) ends with cost 61.52240002155304ms.
debug: Target(preview) build started.
debug: Detected change: cce:/internal/x/prerequisite-imports. Last mtime: Thu Jan 01 1970 11:33:19 GMT+0800 (China Standard Time), Current mtime: Thu Jan 01 1970 11:33:53 GMT+0800 (China Standard Time)
debug: Inspect cce:/internal/x/prerequisite-imports
debug: Resolve file:///D:/Pastil&Chill/assets/scripts/DatabaseManager.ts from cce:/internal/x/prerequisite-imports as file:///D:/Pastil&Chill/assets/scripts/DatabaseManager.ts.
debug: Resolve file:///D:/Pastil&Chill/assets/scripts/addonsActions.ts from cce:/internal/x/prerequisite-imports as file:///D:/Pastil&Chill/assets/scripts/addonsActions.ts.
debug: Resolve file:///D:/Pastil&Chill/assets/scripts/orderAction.ts from cce:/internal/x/prerequisite-imports as file:///D:/Pastil&Chill/assets/scripts/orderAction.ts.
debug: Detected change: file:///D:/Pastil&Chill/assets/scripts/orderAction.ts. Last mtime: Fri Oct 31 2025 15:48:24 GMT+0800 (China Standard Time)@7e94a6a2-1e46-47d8-9cbc-a2f16f2b713b, Current mtime: Fri Oct 31 2025 15:48:57 GMT+0800 (China Standard Time)@7e94a6a2-1e46-47d8-9cbc-a2f16f2b713b
debug: Inspect file:///D:/Pastil&Chill/assets/scripts/orderAction.ts
debug: Resolve cc from file:///D:/Pastil&Chill/assets/scripts/orderAction.ts as cce:/internal/x/cc.
debug: Resolve cc from file:///D:/Pastil&Chill/assets/scripts/orderAction.ts as cce:/internal/x/cc.
debug: Resolve cc from file:///D:/Pastil&Chill/assets/scripts/orderAction.ts as cce:/internal/x/cc.
debug: Resolve file:///D:/Pastil&Chill/assets/scripts/productActions.ts from cce:/internal/x/prerequisite-imports as file:///D:/Pastil&Chill/assets/scripts/productActions.ts.
debug: Target(preview) ends with cost 68.17909997701645ms.
debug: Dispatch build request for time accumulated 1 asset changes.
debug: Build iteration starts.
Number of accumulated asset changes: 1
Feature changed: false
debug: Target(editor) build started.
debug: Detected change: cce:/internal/x/prerequisite-imports. Last mtime: Thu Jan 01 1970 11:33:53 GMT+0800 (China Standard Time), Current mtime: Thu Jan 01 1970 11:34:07 GMT+0800 (China Standard Time)
debug: Inspect cce:/internal/x/prerequisite-imports
debug: Resolve file:///D:/Pastil&Chill/assets/scripts/DatabaseManager.ts from cce:/internal/x/prerequisite-imports as file:///D:/Pastil&Chill/assets/scripts/DatabaseManager.ts.
debug: Resolve file:///D:/Pastil&Chill/assets/scripts/addonsActions.ts from cce:/internal/x/prerequisite-imports as file:///D:/Pastil&Chill/assets/scripts/addonsActions.ts.
debug: Resolve file:///D:/Pastil&Chill/assets/scripts/orderAction.ts from cce:/internal/x/prerequisite-imports as file:///D:/Pastil&Chill/assets/scripts/orderAction.ts.
debug: Detected change: file:///D:/Pastil&Chill/assets/scripts/orderAction.ts. Last mtime: Fri Oct 31 2025 15:48:57 GMT+0800 (China Standard Time)@7e94a6a2-1e46-47d8-9cbc-a2f16f2b713b, Current mtime: Fri Oct 31 2025 15:49:12 GMT+0800 (China Standard Time)@7e94a6a2-1e46-47d8-9cbc-a2f16f2b713b
debug: Inspect file:///D:/Pastil&Chill/assets/scripts/orderAction.ts
debug: Resolve cc from file:///D:/Pastil&Chill/assets/scripts/orderAction.ts as cce:/internal/x/cc.
debug: Resolve cc from file:///D:/Pastil&Chill/assets/scripts/orderAction.ts as cce:/internal/x/cc.
debug: Resolve cc from file:///D:/Pastil&Chill/assets/scripts/orderAction.ts as cce:/internal/x/cc.
debug: Resolve file:///D:/Pastil&Chill/assets/scripts/productActions.ts from cce:/internal/x/prerequisite-imports as file:///D:/Pastil&Chill/assets/scripts/productActions.ts.
debug: Target(editor) ends with cost 64.33570003509521ms.
debug: Target(preview) build started.
debug: Detected change: cce:/internal/x/prerequisite-imports. Last mtime: Thu Jan 01 1970 11:33:53 GMT+0800 (China Standard Time), Current mtime: Thu Jan 01 1970 11:34:07 GMT+0800 (China Standard Time)
debug: Inspect cce:/internal/x/prerequisite-imports
debug: Resolve file:///D:/Pastil&Chill/assets/scripts/DatabaseManager.ts from cce:/internal/x/prerequisite-imports as file:///D:/Pastil&Chill/assets/scripts/DatabaseManager.ts.
debug: Resolve file:///D:/Pastil&Chill/assets/scripts/addonsActions.ts from cce:/internal/x/prerequisite-imports as file:///D:/Pastil&Chill/assets/scripts/addonsActions.ts.
debug: Resolve file:///D:/Pastil&Chill/assets/scripts/orderAction.ts from cce:/internal/x/prerequisite-imports as file:///D:/Pastil&Chill/assets/scripts/orderAction.ts.
debug: Detected change: file:///D:/Pastil&Chill/assets/scripts/orderAction.ts. Last mtime: Fri Oct 31 2025 15:48:57 GMT+0800 (China Standard Time)@7e94a6a2-1e46-47d8-9cbc-a2f16f2b713b, Current mtime: Fri Oct 31 2025 15:49:12 GMT+0800 (China Standard Time)@7e94a6a2-1e46-47d8-9cbc-a2f16f2b713b
debug: Inspect file:///D:/Pastil&Chill/assets/scripts/orderAction.ts
debug: Resolve cc from file:///D:/Pastil&Chill/assets/scripts/orderAction.ts as cce:/internal/x/cc.
debug: Resolve cc from file:///D:/Pastil&Chill/assets/scripts/orderAction.ts as cce:/internal/x/cc.
debug: Resolve cc from file:///D:/Pastil&Chill/assets/scripts/orderAction.ts as cce:/internal/x/cc.
debug: Resolve file:///D:/Pastil&Chill/assets/scripts/productActions.ts from cce:/internal/x/prerequisite-imports as file:///D:/Pastil&Chill/assets/scripts/productActions.ts.
debug: Target(preview) ends with cost 66.3144000172615ms.
debug: Dispatch build request for time accumulated 1 asset changes.
debug: Build iteration starts.
Number of accumulated asset changes: 1
Feature changed: false
debug: Target(editor) build started.
debug: Detected change: cce:/internal/x/prerequisite-imports. Last mtime: Thu Jan 01 1970 11:34:07 GMT+0800 (China Standard Time), Current mtime: Thu Jan 01 1970 11:34:21 GMT+0800 (China Standard Time)
debug: Inspect cce:/internal/x/prerequisite-imports
debug: Resolve file:///D:/Pastil&Chill/assets/scripts/DatabaseManager.ts from cce:/internal/x/prerequisite-imports as file:///D:/Pastil&Chill/assets/scripts/DatabaseManager.ts.
debug: Resolve file:///D:/Pastil&Chill/assets/scripts/addonsActions.ts from cce:/internal/x/prerequisite-imports as file:///D:/Pastil&Chill/assets/scripts/addonsActions.ts.
debug: Resolve file:///D:/Pastil&Chill/assets/scripts/orderAction.ts from cce:/internal/x/prerequisite-imports as file:///D:/Pastil&Chill/assets/scripts/orderAction.ts.
debug: Detected change: file:///D:/Pastil&Chill/assets/scripts/orderAction.ts. Last mtime: Fri Oct 31 2025 15:49:12 GMT+0800 (China Standard Time)@7e94a6a2-1e46-47d8-9cbc-a2f16f2b713b, Current mtime: Fri Oct 31 2025 15:49:25 GMT+0800 (China Standard Time)@7e94a6a2-1e46-47d8-9cbc-a2f16f2b713b
debug: Inspect file:///D:/Pastil&Chill/assets/scripts/orderAction.ts
debug: Resolve cc from file:///D:/Pastil&Chill/assets/scripts/orderAction.ts as cce:/internal/x/cc.
debug: Resolve cc from file:///D:/Pastil&Chill/assets/scripts/orderAction.ts as cce:/internal/x/cc.
debug: Resolve cc from file:///D:/Pastil&Chill/assets/scripts/orderAction.ts as cce:/internal/x/cc.
debug: Resolve file:///D:/Pastil&Chill/assets/scripts/productActions.ts from cce:/internal/x/prerequisite-imports as file:///D:/Pastil&Chill/assets/scripts/productActions.ts.
debug: Target(editor) ends with cost 64.15520000457764ms.
debug: Target(preview) build started.
debug: Detected change: cce:/internal/x/prerequisite-imports. Last mtime: Thu Jan 01 1970 11:34:07 GMT+0800 (China Standard Time), Current mtime: Thu Jan 01 1970 11:34:21 GMT+0800 (China Standard Time)
debug: Inspect cce:/internal/x/prerequisite-imports
debug: Resolve file:///D:/Pastil&Chill/assets/scripts/DatabaseManager.ts from cce:/internal/x/prerequisite-imports as file:///D:/Pastil&Chill/assets/scripts/DatabaseManager.ts.
debug: Resolve file:///D:/Pastil&Chill/assets/scripts/addonsActions.ts from cce:/internal/x/prerequisite-imports as file:///D:/Pastil&Chill/assets/scripts/addonsActions.ts.
debug: Resolve file:///D:/Pastil&Chill/assets/scripts/orderAction.ts from cce:/internal/x/prerequisite-imports as file:///D:/Pastil&Chill/assets/scripts/orderAction.ts.
debug: Detected change: file:///D:/Pastil&Chill/assets/scripts/orderAction.ts. Last mtime: Fri Oct 31 2025 15:49:12 GMT+0800 (China Standard Time)@7e94a6a2-1e46-47d8-9cbc-a2f16f2b713b, Current mtime: Fri Oct 31 2025 15:49:25 GMT+0800 (China Standard Time)@7e94a6a2-1e46-47d8-9cbc-a2f16f2b713b
debug: Inspect file:///D:/Pastil&Chill/assets/scripts/orderAction.ts
debug: Resolve cc from file:///D:/Pastil&Chill/assets/scripts/orderAction.ts as cce:/internal/x/cc.
debug: Resolve cc from file:///D:/Pastil&Chill/assets/scripts/orderAction.ts as cce:/internal/x/cc.
debug: Resolve cc from file:///D:/Pastil&Chill/assets/scripts/orderAction.ts as cce:/internal/x/cc.
debug: Resolve file:///D:/Pastil&Chill/assets/scripts/productActions.ts from cce:/internal/x/prerequisite-imports as file:///D:/Pastil&Chill/assets/scripts/productActions.ts.
debug: Target(preview) ends with cost 87.33740001916885ms.
debug: Dispatch build request for time accumulated 1 asset changes.
debug: Build iteration starts.
Number of accumulated asset changes: 1
Feature changed: false
debug: Target(editor) build started.
debug: Detected change: cce:/internal/x/prerequisite-imports. Last mtime: Thu Jan 01 1970 11:34:21 GMT+0800 (China Standard Time), Current mtime: Thu Jan 01 1970 11:34:33 GMT+0800 (China Standard Time)
debug: Inspect cce:/internal/x/prerequisite-imports
debug: Resolve file:///D:/Pastil&Chill/assets/scripts/DatabaseManager.ts from cce:/internal/x/prerequisite-imports as file:///D:/Pastil&Chill/assets/scripts/DatabaseManager.ts.
debug: Resolve file:///D:/Pastil&Chill/assets/scripts/addonsActions.ts from cce:/internal/x/prerequisite-imports as file:///D:/Pastil&Chill/assets/scripts/addonsActions.ts.
debug: Resolve file:///D:/Pastil&Chill/assets/scripts/orderAction.ts from cce:/internal/x/prerequisite-imports as file:///D:/Pastil&Chill/assets/scripts/orderAction.ts.
debug: Detected change: file:///D:/Pastil&Chill/assets/scripts/orderAction.ts. Last mtime: Fri Oct 31 2025 15:49:25 GMT+0800 (China Standard Time)@7e94a6a2-1e46-47d8-9cbc-a2f16f2b713b, Current mtime: Fri Oct 31 2025 15:49:38 GMT+0800 (China Standard Time)@7e94a6a2-1e46-47d8-9cbc-a2f16f2b713b
debug: Inspect file:///D:/Pastil&Chill/assets/scripts/orderAction.ts
debug: Resolve cc from file:///D:/Pastil&Chill/assets/scripts/orderAction.ts as cce:/internal/x/cc.
debug: Resolve cc from file:///D:/Pastil&Chill/assets/scripts/orderAction.ts as cce:/internal/x/cc.
debug: Resolve cc from file:///D:/Pastil&Chill/assets/scripts/orderAction.ts as cce:/internal/x/cc.
debug: Resolve file:///D:/Pastil&Chill/assets/scripts/productActions.ts from cce:/internal/x/prerequisite-imports as file:///D:/Pastil&Chill/assets/scripts/productActions.ts.
debug: Target(editor) ends with cost 57.20950001478195ms.
debug: Target(preview) build started.
debug: Detected change: cce:/internal/x/prerequisite-imports. Last mtime: Thu Jan 01 1970 11:34:21 GMT+0800 (China Standard Time), Current mtime: Thu Jan 01 1970 11:34:33 GMT+0800 (China Standard Time)
debug: Inspect cce:/internal/x/prerequisite-imports
debug: Resolve file:///D:/Pastil&Chill/assets/scripts/DatabaseManager.ts from cce:/internal/x/prerequisite-imports as file:///D:/Pastil&Chill/assets/scripts/DatabaseManager.ts.
debug: Resolve file:///D:/Pastil&Chill/assets/scripts/addonsActions.ts from cce:/internal/x/prerequisite-imports as file:///D:/Pastil&Chill/assets/scripts/addonsActions.ts.
debug: Resolve file:///D:/Pastil&Chill/assets/scripts/orderAction.ts from cce:/internal/x/prerequisite-imports as file:///D:/Pastil&Chill/assets/scripts/orderAction.ts.
debug: Detected change: file:///D:/Pastil&Chill/assets/scripts/orderAction.ts. Last mtime: Fri Oct 31 2025 15:49:25 GMT+0800 (China Standard Time)@7e94a6a2-1e46-47d8-9cbc-a2f16f2b713b, Current mtime: Fri Oct 31 2025 15:49:38 GMT+0800 (China Standard Time)@7e94a6a2-1e46-47d8-9cbc-a2f16f2b713b
debug: Inspect file:///D:/Pastil&Chill/assets/scripts/orderAction.ts
debug: Resolve cc from file:///D:/Pastil&Chill/assets/scripts/orderAction.ts as cce:/internal/x/cc.
debug: Resolve cc from file:///D:/Pastil&Chill/assets/scripts/orderAction.ts as cce:/internal/x/cc.
debug: Resolve cc from file:///D:/Pastil&Chill/assets/scripts/orderAction.ts as cce:/internal/x/cc.
debug: Resolve file:///D:/Pastil&Chill/assets/scripts/productActions.ts from cce:/internal/x/prerequisite-imports as file:///D:/Pastil&Chill/assets/scripts/productActions.ts.
debug: Target(preview) ends with cost 76.33039999008179ms.
debug: Dispatch build request for time accumulated 1 asset changes.
debug: Build iteration starts.
Number of accumulated asset changes: 1
Feature changed: false
debug: Target(editor) build started.
debug: Detected change: cce:/internal/x/prerequisite-imports. Last mtime: Thu Jan 01 1970 11:34:33 GMT+0800 (China Standard Time), Current mtime: Thu Jan 01 1970 11:34:52 GMT+0800 (China Standard Time)
debug: Inspect cce:/internal/x/prerequisite-imports
debug: Resolve file:///D:/Pastil&Chill/assets/scripts/DatabaseManager.ts from cce:/internal/x/prerequisite-imports as file:///D:/Pastil&Chill/assets/scripts/DatabaseManager.ts.
debug: Resolve file:///D:/Pastil&Chill/assets/scripts/addonsActions.ts from cce:/internal/x/prerequisite-imports as file:///D:/Pastil&Chill/assets/scripts/addonsActions.ts.
debug: Resolve file:///D:/Pastil&Chill/assets/scripts/orderAction.ts from cce:/internal/x/prerequisite-imports as file:///D:/Pastil&Chill/assets/scripts/orderAction.ts.
debug: Detected change: file:///D:/Pastil&Chill/assets/scripts/orderAction.ts. Last mtime: Fri Oct 31 2025 15:49:38 GMT+0800 (China Standard Time)@7e94a6a2-1e46-47d8-9cbc-a2f16f2b713b, Current mtime: Fri Oct 31 2025 15:49:56 GMT+0800 (China Standard Time)@7e94a6a2-1e46-47d8-9cbc-a2f16f2b713b
debug: Inspect file:///D:/Pastil&Chill/assets/scripts/orderAction.ts
debug: Resolve cc from file:///D:/Pastil&Chill/assets/scripts/orderAction.ts as cce:/internal/x/cc.
debug: Resolve cc from file:///D:/Pastil&Chill/assets/scripts/orderAction.ts as cce:/internal/x/cc.
debug: Resolve cc from file:///D:/Pastil&Chill/assets/scripts/orderAction.ts as cce:/internal/x/cc.
debug: Resolve file:///D:/Pastil&Chill/assets/scripts/productActions.ts from cce:/internal/x/prerequisite-imports as file:///D:/Pastil&Chill/assets/scripts/productActions.ts.
debug: Target(editor) ends with cost 45.831900000572205ms.
debug: Target(preview) build started.
debug: Detected change: cce:/internal/x/prerequisite-imports. Last mtime: Thu Jan 01 1970 11:34:33 GMT+0800 (China Standard Time), Current mtime: Thu Jan 01 1970 11:34:52 GMT+0800 (China Standard Time)
debug: Inspect cce:/internal/x/prerequisite-imports
debug: Resolve file:///D:/Pastil&Chill/assets/scripts/DatabaseManager.ts from cce:/internal/x/prerequisite-imports as file:///D:/Pastil&Chill/assets/scripts/DatabaseManager.ts.
debug: Resolve file:///D:/Pastil&Chill/assets/scripts/addonsActions.ts from cce:/internal/x/prerequisite-imports as file:///D:/Pastil&Chill/assets/scripts/addonsActions.ts.
debug: Resolve file:///D:/Pastil&Chill/assets/scripts/orderAction.ts from cce:/internal/x/prerequisite-imports as file:///D:/Pastil&Chill/assets/scripts/orderAction.ts.
debug: Detected change: file:///D:/Pastil&Chill/assets/scripts/orderAction.ts. Last mtime: Fri Oct 31 2025 15:49:38 GMT+0800 (China Standard Time)@7e94a6a2-1e46-47d8-9cbc-a2f16f2b713b, Current mtime: Fri Oct 31 2025 15:49:56 GMT+0800 (China Standard Time)@7e94a6a2-1e46-47d8-9cbc-a2f16f2b713b
debug: Inspect file:///D:/Pastil&Chill/assets/scripts/orderAction.ts
debug: Resolve cc from file:///D:/Pastil&Chill/assets/scripts/orderAction.ts as cce:/internal/x/cc.
debug: Resolve cc from file:///D:/Pastil&Chill/assets/scripts/orderAction.ts as cce:/internal/x/cc.
debug: Resolve cc from file:///D:/Pastil&Chill/assets/scripts/orderAction.ts as cce:/internal/x/cc.
debug: Resolve file:///D:/Pastil&Chill/assets/scripts/productActions.ts from cce:/internal/x/prerequisite-imports as file:///D:/Pastil&Chill/assets/scripts/productActions.ts.
debug: Target(preview) ends with cost 65.17919999361038ms.
debug: Dispatch build request for time accumulated 1 asset changes.
debug: Build iteration starts.
Number of accumulated asset changes: 1
Feature changed: false
debug: Target(editor) build started.
debug: Detected change: cce:/internal/x/prerequisite-imports. Last mtime: Thu Jan 01 1970 11:34:52 GMT+0800 (China Standard Time), Current mtime: Thu Jan 01 1970 11:35:00 GMT+0800 (China Standard Time)
debug: Inspect cce:/internal/x/prerequisite-imports
debug: Resolve file:///D:/Pastil&Chill/assets/scripts/DatabaseManager.ts from cce:/internal/x/prerequisite-imports as file:///D:/Pastil&Chill/assets/scripts/DatabaseManager.ts.
debug: Resolve file:///D:/Pastil&Chill/assets/scripts/addonsActions.ts from cce:/internal/x/prerequisite-imports as file:///D:/Pastil&Chill/assets/scripts/addonsActions.ts.
debug: Resolve file:///D:/Pastil&Chill/assets/scripts/orderAction.ts from cce:/internal/x/prerequisite-imports as file:///D:/Pastil&Chill/assets/scripts/orderAction.ts.
debug: Detected change: file:///D:/Pastil&Chill/assets/scripts/orderAction.ts. Last mtime: Fri Oct 31 2025 15:49:56 GMT+0800 (China Standard Time)@7e94a6a2-1e46-47d8-9cbc-a2f16f2b713b, Current mtime: Fri Oct 31 2025 15:50:05 GMT+0800 (China Standard Time)@7e94a6a2-1e46-47d8-9cbc-a2f16f2b713b
debug: Inspect file:///D:/Pastil&Chill/assets/scripts/orderAction.ts
debug: Resolve cc from file:///D:/Pastil&Chill/assets/scripts/orderAction.ts as cce:/internal/x/cc.
debug: Resolve cc from file:///D:/Pastil&Chill/assets/scripts/orderAction.ts as cce:/internal/x/cc.
debug: Resolve cc from file:///D:/Pastil&Chill/assets/scripts/orderAction.ts as cce:/internal/x/cc.
debug: Resolve file:///D:/Pastil&Chill/assets/scripts/productActions.ts from cce:/internal/x/prerequisite-imports as file:///D:/Pastil&Chill/assets/scripts/productActions.ts.
debug: Target(editor) ends with cost 60.53310000896454ms.
debug: Target(preview) build started.
debug: Detected change: cce:/internal/x/prerequisite-imports. Last mtime: Thu Jan 01 1970 11:34:52 GMT+0800 (China Standard Time), Current mtime: Thu Jan 01 1970 11:35:00 GMT+0800 (China Standard Time)
debug: Inspect cce:/internal/x/prerequisite-imports
debug: Resolve file:///D:/Pastil&Chill/assets/scripts/DatabaseManager.ts from cce:/internal/x/prerequisite-imports as file:///D:/Pastil&Chill/assets/scripts/DatabaseManager.ts.
debug: Resolve file:///D:/Pastil&Chill/assets/scripts/addonsActions.ts from cce:/internal/x/prerequisite-imports as file:///D:/Pastil&Chill/assets/scripts/addonsActions.ts.
debug: Resolve file:///D:/Pastil&Chill/assets/scripts/orderAction.ts from cce:/internal/x/prerequisite-imports as file:///D:/Pastil&Chill/assets/scripts/orderAction.ts.
debug: Detected change: file:///D:/Pastil&Chill/assets/scripts/orderAction.ts. Last mtime: Fri Oct 31 2025 15:49:56 GMT+0800 (China Standard Time)@7e94a6a2-1e46-47d8-9cbc-a2f16f2b713b, Current mtime: Fri Oct 31 2025 15:50:05 GMT+0800 (China Standard Time)@7e94a6a2-1e46-47d8-9cbc-a2f16f2b713b
debug: Inspect file:///D:/Pastil&Chill/assets/scripts/orderAction.ts
debug: Resolve cc from file:///D:/Pastil&Chill/assets/scripts/orderAction.ts as cce:/internal/x/cc.
debug: Resolve cc from file:///D:/Pastil&Chill/assets/scripts/orderAction.ts as cce:/internal/x/cc.
debug: Resolve cc from file:///D:/Pastil&Chill/assets/scripts/orderAction.ts as cce:/internal/x/cc.
debug: Resolve file:///D:/Pastil&Chill/assets/scripts/productActions.ts from cce:/internal/x/prerequisite-imports as file:///D:/Pastil&Chill/assets/scripts/productActions.ts.
debug: Target(preview) ends with cost 104.50189995765686ms.
debug: Dispatch build request for time accumulated 1 asset changes.
debug: Build iteration starts.
Number of accumulated asset changes: 1
Feature changed: false
debug: Target(editor) build started.
debug: Detected change: cce:/internal/x/prerequisite-imports. Last mtime: Thu Jan 01 1970 11:35:00 GMT+0800 (China Standard Time), Current mtime: Thu Jan 01 1970 11:36:19 GMT+0800 (China Standard Time)
debug: Inspect cce:/internal/x/prerequisite-imports
debug: Resolve file:///D:/Pastil&Chill/assets/scripts/DatabaseManager.ts from cce:/internal/x/prerequisite-imports as file:///D:/Pastil&Chill/assets/scripts/DatabaseManager.ts.
debug: Resolve file:///D:/Pastil&Chill/assets/scripts/addonsActions.ts from cce:/internal/x/prerequisite-imports as file:///D:/Pastil&Chill/assets/scripts/addonsActions.ts.
debug: Resolve file:///D:/Pastil&Chill/assets/scripts/orderAction.ts from cce:/internal/x/prerequisite-imports as file:///D:/Pastil&Chill/assets/scripts/orderAction.ts.
debug: Detected change: file:///D:/Pastil&Chill/assets/scripts/orderAction.ts. Last mtime: Fri Oct 31 2025 15:50:05 GMT+0800 (China Standard Time)@7e94a6a2-1e46-47d8-9cbc-a2f16f2b713b, Current mtime: Fri Oct 31 2025 15:51:24 GMT+0800 (China Standard Time)@7e94a6a2-1e46-47d8-9cbc-a2f16f2b713b
debug: Inspect file:///D:/Pastil&Chill/assets/scripts/orderAction.ts
debug: Resolve cc from file:///D:/Pastil&Chill/assets/scripts/orderAction.ts as cce:/internal/x/cc.
debug: Resolve cc from file:///D:/Pastil&Chill/assets/scripts/orderAction.ts as cce:/internal/x/cc.
debug: Resolve cc from file:///D:/Pastil&Chill/assets/scripts/orderAction.ts as cce:/internal/x/cc.
debug: Resolve file:///D:/Pastil&Chill/assets/scripts/productActions.ts from cce:/internal/x/prerequisite-imports as file:///D:/Pastil&Chill/assets/scripts/productActions.ts.
debug: Target(editor) ends with cost 103.16690003871918ms.
debug: Target(preview) build started.
debug: Detected change: cce:/internal/x/prerequisite-imports. Last mtime: Thu Jan 01 1970 11:35:00 GMT+0800 (China Standard Time), Current mtime: Thu Jan 01 1970 11:36:19 GMT+0800 (China Standard Time)
debug: Inspect cce:/internal/x/prerequisite-imports
debug: Resolve file:///D:/Pastil&Chill/assets/scripts/DatabaseManager.ts from cce:/internal/x/prerequisite-imports as file:///D:/Pastil&Chill/assets/scripts/DatabaseManager.ts.
debug: Resolve file:///D:/Pastil&Chill/assets/scripts/addonsActions.ts from cce:/internal/x/prerequisite-imports as file:///D:/Pastil&Chill/assets/scripts/addonsActions.ts.
debug: Resolve file:///D:/Pastil&Chill/assets/scripts/orderAction.ts from cce:/internal/x/prerequisite-imports as file:///D:/Pastil&Chill/assets/scripts/orderAction.ts.
debug: Detected change: file:///D:/Pastil&Chill/assets/scripts/orderAction.ts. Last mtime: Fri Oct 31 2025 15:50:05 GMT+0800 (China Standard Time)@7e94a6a2-1e46-47d8-9cbc-a2f16f2b713b, Current mtime: Fri Oct 31 2025 15:51:24 GMT+0800 (China Standard Time)@7e94a6a2-1e46-47d8-9cbc-a2f16f2b713b
debug: Inspect file:///D:/Pastil&Chill/assets/scripts/orderAction.ts
debug: Resolve cc from file:///D:/Pastil&Chill/assets/scripts/orderAction.ts as cce:/internal/x/cc.
debug: Resolve cc from file:///D:/Pastil&Chill/assets/scripts/orderAction.ts as cce:/internal/x/cc.
debug: Resolve cc from file:///D:/Pastil&Chill/assets/scripts/orderAction.ts as cce:/internal/x/cc.
debug: Resolve file:///D:/Pastil&Chill/assets/scripts/productActions.ts from cce:/internal/x/prerequisite-imports as file:///D:/Pastil&Chill/assets/scripts/productActions.ts.
debug: Target(preview) ends with cost 73.29060000181198ms.
debug: Dispatch build request for time accumulated 1 asset changes.
debug: Build iteration starts.
Number of accumulated asset changes: 1
Feature changed: false
debug: Target(editor) build started.
debug: Detected change: cce:/internal/x/prerequisite-imports. Last mtime: Thu Jan 01 1970 11:36:19 GMT+0800 (China Standard Time), Current mtime: Thu Jan 01 1970 11:37:03 GMT+0800 (China Standard Time)
debug: Inspect cce:/internal/x/prerequisite-imports
debug: Resolve file:///D:/Pastil&Chill/assets/scripts/DatabaseManager.ts from cce:/internal/x/prerequisite-imports as file:///D:/Pastil&Chill/assets/scripts/DatabaseManager.ts.
debug: Resolve file:///D:/Pastil&Chill/assets/scripts/addonsActions.ts from cce:/internal/x/prerequisite-imports as file:///D:/Pastil&Chill/assets/scripts/addonsActions.ts.
debug: Resolve file:///D:/Pastil&Chill/assets/scripts/orderAction.ts from cce:/internal/x/prerequisite-imports as file:///D:/Pastil&Chill/assets/scripts/orderAction.ts.
debug: Detected change: file:///D:/Pastil&Chill/assets/scripts/orderAction.ts. Last mtime: Fri Oct 31 2025 15:51:24 GMT+0800 (China Standard Time)@7e94a6a2-1e46-47d8-9cbc-a2f16f2b713b, Current mtime: Fri Oct 31 2025 15:52:07 GMT+0800 (China Standard Time)@7e94a6a2-1e46-47d8-9cbc-a2f16f2b713b
debug: Inspect file:///D:/Pastil&Chill/assets/scripts/orderAction.ts
debug: Resolve cc from file:///D:/Pastil&Chill/assets/scripts/orderAction.ts as cce:/internal/x/cc.
debug: Resolve cc from file:///D:/Pastil&Chill/assets/scripts/orderAction.ts as cce:/internal/x/cc.
debug: Resolve cc from file:///D:/Pastil&Chill/assets/scripts/orderAction.ts as cce:/internal/x/cc.
debug: Resolve file:///D:/Pastil&Chill/assets/scripts/productActions.ts from cce:/internal/x/prerequisite-imports as file:///D:/Pastil&Chill/assets/scripts/productActions.ts.
debug: Target(editor) ends with cost 97.76719999313354ms.
debug: Target(preview) build started.
debug: Detected change: cce:/internal/x/prerequisite-imports. Last mtime: Thu Jan 01 1970 11:36:19 GMT+0800 (China Standard Time), Current mtime: Thu Jan 01 1970 11:37:03 GMT+0800 (China Standard Time)
debug: Inspect cce:/internal/x/prerequisite-imports
debug: Resolve file:///D:/Pastil&Chill/assets/scripts/DatabaseManager.ts from cce:/internal/x/prerequisite-imports as file:///D:/Pastil&Chill/assets/scripts/DatabaseManager.ts.
debug: Resolve file:///D:/Pastil&Chill/assets/scripts/addonsActions.ts from cce:/internal/x/prerequisite-imports as file:///D:/Pastil&Chill/assets/scripts/addonsActions.ts.
debug: Resolve file:///D:/Pastil&Chill/assets/scripts/orderAction.ts from cce:/internal/x/prerequisite-imports as file:///D:/Pastil&Chill/assets/scripts/orderAction.ts.
debug: Detected change: file:///D:/Pastil&Chill/assets/scripts/orderAction.ts. Last mtime: Fri Oct 31 2025 15:51:24 GMT+0800 (China Standard Time)@7e94a6a2-1e46-47d8-9cbc-a2f16f2b713b, Current mtime: Fri Oct 31 2025 15:52:07 GMT+0800 (China Standard Time)@7e94a6a2-1e46-47d8-9cbc-a2f16f2b713b
debug: Inspect file:///D:/Pastil&Chill/assets/scripts/orderAction.ts
debug: Resolve cc from file:///D:/Pastil&Chill/assets/scripts/orderAction.ts as cce:/internal/x/cc.
debug: Resolve cc from file:///D:/Pastil&Chill/assets/scripts/orderAction.ts as cce:/internal/x/cc.
debug: Resolve cc from file:///D:/Pastil&Chill/assets/scripts/orderAction.ts as cce:/internal/x/cc.
debug: Resolve file:///D:/Pastil&Chill/assets/scripts/productActions.ts from cce:/internal/x/prerequisite-imports as file:///D:/Pastil&Chill/assets/scripts/productActions.ts.
debug: Target(preview) ends with cost 107.38270002603531ms.
debug: Dispatch build request for time accumulated 1 asset changes.
debug: Build iteration starts.
Number of accumulated asset changes: 1
Feature changed: false
debug: Target(editor) build started.
debug: Detected change: cce:/internal/x/prerequisite-imports. Last mtime: Thu Jan 01 1970 11:37:03 GMT+0800 (China Standard Time), Current mtime: Thu Jan 01 1970 11:37:49 GMT+0800 (China Standard Time)
debug: Inspect cce:/internal/x/prerequisite-imports
debug: Resolve file:///D:/Pastil&Chill/assets/scripts/DatabaseManager.ts from cce:/internal/x/prerequisite-imports as file:///D:/Pastil&Chill/assets/scripts/DatabaseManager.ts.
debug: Resolve file:///D:/Pastil&Chill/assets/scripts/addonsActions.ts from cce:/internal/x/prerequisite-imports as file:///D:/Pastil&Chill/assets/scripts/addonsActions.ts.
debug: Resolve file:///D:/Pastil&Chill/assets/scripts/orderAction.ts from cce:/internal/x/prerequisite-imports as file:///D:/Pastil&Chill/assets/scripts/orderAction.ts.
debug: Detected change: file:///D:/Pastil&Chill/assets/scripts/orderAction.ts. Last mtime: Fri Oct 31 2025 15:52:07 GMT+0800 (China Standard Time)@7e94a6a2-1e46-47d8-9cbc-a2f16f2b713b, Current mtime: Fri Oct 31 2025 15:52:53 GMT+0800 (China Standard Time)@7e94a6a2-1e46-47d8-9cbc-a2f16f2b713b
debug: Inspect file:///D:/Pastil&Chill/assets/scripts/orderAction.ts
debug: Resolve cc from file:///D:/Pastil&Chill/assets/scripts/orderAction.ts as cce:/internal/x/cc.
debug: Resolve cc from file:///D:/Pastil&Chill/assets/scripts/orderAction.ts as cce:/internal/x/cc.
debug: Resolve cc from file:///D:/Pastil&Chill/assets/scripts/orderAction.ts as cce:/internal/x/cc.
debug: Resolve file:///D:/Pastil&Chill/assets/scripts/productActions.ts from cce:/internal/x/prerequisite-imports as file:///D:/Pastil&Chill/assets/scripts/productActions.ts.
debug: Target(editor) ends with cost 75.82980000972748ms.
debug: Target(preview) build started.
debug: Detected change: cce:/internal/x/prerequisite-imports. Last mtime: Thu Jan 01 1970 11:37:03 GMT+0800 (China Standard Time), Current mtime: Thu Jan 01 1970 11:37:49 GMT+0800 (China Standard Time)
debug: Inspect cce:/internal/x/prerequisite-imports
debug: Resolve file:///D:/Pastil&Chill/assets/scripts/DatabaseManager.ts from cce:/internal/x/prerequisite-imports as file:///D:/Pastil&Chill/assets/scripts/DatabaseManager.ts.
debug: Resolve file:///D:/Pastil&Chill/assets/scripts/addonsActions.ts from cce:/internal/x/prerequisite-imports as file:///D:/Pastil&Chill/assets/scripts/addonsActions.ts.
debug: Resolve file:///D:/Pastil&Chill/assets/scripts/orderAction.ts from cce:/internal/x/prerequisite-imports as file:///D:/Pastil&Chill/assets/scripts/orderAction.ts.
debug: Detected change: file:///D:/Pastil&Chill/assets/scripts/orderAction.ts. Last mtime: Fri Oct 31 2025 15:52:07 GMT+0800 (China Standard Time)@7e94a6a2-1e46-47d8-9cbc-a2f16f2b713b, Current mtime: Fri Oct 31 2025 15:52:53 GMT+0800 (China Standard Time)@7e94a6a2-1e46-47d8-9cbc-a2f16f2b713b
debug: Inspect file:///D:/Pastil&Chill/assets/scripts/orderAction.ts
debug: Resolve cc from file:///D:/Pastil&Chill/assets/scripts/orderAction.ts as cce:/internal/x/cc.
debug: Resolve cc from file:///D:/Pastil&Chill/assets/scripts/orderAction.ts as cce:/internal/x/cc.
debug: Resolve cc from file:///D:/Pastil&Chill/assets/scripts/orderAction.ts as cce:/internal/x/cc.
debug: Resolve file:///D:/Pastil&Chill/assets/scripts/productActions.ts from cce:/internal/x/prerequisite-imports as file:///D:/Pastil&Chill/assets/scripts/productActions.ts.
debug: Target(preview) ends with cost 147.1680999994278ms.
debug: Dispatch build request for time accumulated 1 asset changes.
debug: Build iteration starts.
Number of accumulated asset changes: 1
Feature changed: false
debug: Target(editor) build started.
debug: Detected change: cce:/internal/x/prerequisite-imports. Last mtime: Thu Jan 01 1970 11:37:49 GMT+0800 (China Standard Time), Current mtime: Thu Jan 01 1970 11:38:43 GMT+0800 (China Standard Time)
debug: Inspect cce:/internal/x/prerequisite-imports
debug: Resolve file:///D:/Pastil&Chill/assets/scripts/DatabaseManager.ts from cce:/internal/x/prerequisite-imports as file:///D:/Pastil&Chill/assets/scripts/DatabaseManager.ts.
debug: Resolve file:///D:/Pastil&Chill/assets/scripts/addonsActions.ts from cce:/internal/x/prerequisite-imports as file:///D:/Pastil&Chill/assets/scripts/addonsActions.ts.
debug: Resolve file:///D:/Pastil&Chill/assets/scripts/orderAction.ts from cce:/internal/x/prerequisite-imports as file:///D:/Pastil&Chill/assets/scripts/orderAction.ts.
debug: Detected change: file:///D:/Pastil&Chill/assets/scripts/orderAction.ts. Last mtime: Fri Oct 31 2025 15:52:53 GMT+0800 (China Standard Time)@7e94a6a2-1e46-47d8-9cbc-a2f16f2b713b, Current mtime: Fri Oct 31 2025 15:53:47 GMT+0800 (China Standard Time)@7e94a6a2-1e46-47d8-9cbc-a2f16f2b713b
debug: Inspect file:///D:/Pastil&Chill/assets/scripts/orderAction.ts
debug: Resolve cc from file:///D:/Pastil&Chill/assets/scripts/orderAction.ts as cce:/internal/x/cc.
debug: Resolve cc from file:///D:/Pastil&Chill/assets/scripts/orderAction.ts as cce:/internal/x/cc.
debug: Resolve cc from file:///D:/Pastil&Chill/assets/scripts/orderAction.ts as cce:/internal/x/cc.
debug: Resolve file:///D:/Pastil&Chill/assets/scripts/productActions.ts from cce:/internal/x/prerequisite-imports as file:///D:/Pastil&Chill/assets/scripts/productActions.ts.
debug: Target(editor) ends with cost 108.81590002775192ms.
debug: Target(preview) build started.
debug: Detected change: cce:/internal/x/prerequisite-imports. Last mtime: Thu Jan 01 1970 11:37:49 GMT+0800 (China Standard Time), Current mtime: Thu Jan 01 1970 11:38:43 GMT+0800 (China Standard Time)
debug: Inspect cce:/internal/x/prerequisite-imports
debug: Resolve file:///D:/Pastil&Chill/assets/scripts/DatabaseManager.ts from cce:/internal/x/prerequisite-imports as file:///D:/Pastil&Chill/assets/scripts/DatabaseManager.ts.
debug: Resolve file:///D:/Pastil&Chill/assets/scripts/addonsActions.ts from cce:/internal/x/prerequisite-imports as file:///D:/Pastil&Chill/assets/scripts/addonsActions.ts.
debug: Resolve file:///D:/Pastil&Chill/assets/scripts/orderAction.ts from cce:/internal/x/prerequisite-imports as file:///D:/Pastil&Chill/assets/scripts/orderAction.ts.
debug: Detected change: file:///D:/Pastil&Chill/assets/scripts/orderAction.ts. Last mtime: Fri Oct 31 2025 15:52:53 GMT+0800 (China Standard Time)@7e94a6a2-1e46-47d8-9cbc-a2f16f2b713b, Current mtime: Fri Oct 31 2025 15:53:47 GMT+0800 (China Standard Time)@7e94a6a2-1e46-47d8-9cbc-a2f16f2b713b
debug: Inspect file:///D:/Pastil&Chill/assets/scripts/orderAction.ts
debug: Resolve cc from file:///D:/Pastil&Chill/assets/scripts/orderAction.ts as cce:/internal/x/cc.
debug: Resolve cc from file:///D:/Pastil&Chill/assets/scripts/orderAction.ts as cce:/internal/x/cc.
debug: Resolve cc from file:///D:/Pastil&Chill/assets/scripts/orderAction.ts as cce:/internal/x/cc.
debug: Resolve file:///D:/Pastil&Chill/assets/scripts/productActions.ts from cce:/internal/x/prerequisite-imports as file:///D:/Pastil&Chill/assets/scripts/productActions.ts.
debug: Target(preview) ends with cost 101.45149999856949ms.
debug: Dispatch build request for time accumulated 1 asset changes.
debug: Build iteration starts.
Number of accumulated asset changes: 1
Feature changed: false
debug: Target(editor) build started.
debug: Detected change: cce:/internal/x/prerequisite-imports. Last mtime: Thu Jan 01 1970 11:38:43 GMT+0800 (China Standard Time), Current mtime: Thu Jan 01 1970 11:38:53 GMT+0800 (China Standard Time)
debug: Inspect cce:/internal/x/prerequisite-imports
debug: Resolve file:///D:/Pastil&Chill/assets/scripts/DatabaseManager.ts from cce:/internal/x/prerequisite-imports as file:///D:/Pastil&Chill/assets/scripts/DatabaseManager.ts.
debug: Resolve file:///D:/Pastil&Chill/assets/scripts/addonsActions.ts from cce:/internal/x/prerequisite-imports as file:///D:/Pastil&Chill/assets/scripts/addonsActions.ts.
debug: Resolve file:///D:/Pastil&Chill/assets/scripts/orderAction.ts from cce:/internal/x/prerequisite-imports as file:///D:/Pastil&Chill/assets/scripts/orderAction.ts.
debug: Detected change: file:///D:/Pastil&Chill/assets/scripts/orderAction.ts. Last mtime: Fri Oct 31 2025 15:53:47 GMT+0800 (China Standard Time)@7e94a6a2-1e46-47d8-9cbc-a2f16f2b713b, Current mtime: Fri Oct 31 2025 15:53:56 GMT+0800 (China Standard Time)@7e94a6a2-1e46-47d8-9cbc-a2f16f2b713b
debug: Inspect file:///D:/Pastil&Chill/assets/scripts/orderAction.ts
debug: Resolve cc from file:///D:/Pastil&Chill/assets/scripts/orderAction.ts as cce:/internal/x/cc.
debug: Resolve cc from file:///D:/Pastil&Chill/assets/scripts/orderAction.ts as cce:/internal/x/cc.
debug: Resolve cc from file:///D:/Pastil&Chill/assets/scripts/orderAction.ts as cce:/internal/x/cc.
debug: Resolve file:///D:/Pastil&Chill/assets/scripts/productActions.ts from cce:/internal/x/prerequisite-imports as file:///D:/Pastil&Chill/assets/scripts/productActions.ts.
debug: Target(editor) ends with cost 76.34320002794266ms.
debug: Target(preview) build started.
debug: Detected change: cce:/internal/x/prerequisite-imports. Last mtime: Thu Jan 01 1970 11:38:43 GMT+0800 (China Standard Time), Current mtime: Thu Jan 01 1970 11:38:53 GMT+0800 (China Standard Time)
debug: Inspect cce:/internal/x/prerequisite-imports
debug: Resolve file:///D:/Pastil&Chill/assets/scripts/DatabaseManager.ts from cce:/internal/x/prerequisite-imports as file:///D:/Pastil&Chill/assets/scripts/DatabaseManager.ts.
debug: Resolve file:///D:/Pastil&Chill/assets/scripts/addonsActions.ts from cce:/internal/x/prerequisite-imports as file:///D:/Pastil&Chill/assets/scripts/addonsActions.ts.
debug: Resolve file:///D:/Pastil&Chill/assets/scripts/orderAction.ts from cce:/internal/x/prerequisite-imports as file:///D:/Pastil&Chill/assets/scripts/orderAction.ts.
debug: Detected change: file:///D:/Pastil&Chill/assets/scripts/orderAction.ts. Last mtime: Fri Oct 31 2025 15:53:47 GMT+0800 (China Standard Time)@7e94a6a2-1e46-47d8-9cbc-a2f16f2b713b, Current mtime: Fri Oct 31 2025 15:53:56 GMT+0800 (China Standard Time)@7e94a6a2-1e46-47d8-9cbc-a2f16f2b713b
debug: Inspect file:///D:/Pastil&Chill/assets/scripts/orderAction.ts
debug: Resolve cc from file:///D:/Pastil&Chill/assets/scripts/orderAction.ts as cce:/internal/x/cc.
debug: Resolve cc from file:///D:/Pastil&Chill/assets/scripts/orderAction.ts as cce:/internal/x/cc.
debug: Resolve cc from file:///D:/Pastil&Chill/assets/scripts/orderAction.ts as cce:/internal/x/cc.
debug: Resolve file:///D:/Pastil&Chill/assets/scripts/productActions.ts from cce:/internal/x/prerequisite-imports as file:///D:/Pastil&Chill/assets/scripts/productActions.ts.
debug: Target(preview) ends with cost 93.67449998855591ms.
debug: Dispatch build request for time accumulated 1 asset changes.
debug: Build iteration starts.
Number of accumulated asset changes: 1
Feature changed: false
debug: Target(editor) build started.
debug: Detected change: cce:/internal/x/prerequisite-imports. Last mtime: Thu Jan 01 1970 11:38:53 GMT+0800 (China Standard Time), Current mtime: Thu Jan 01 1970 11:39:18 GMT+0800 (China Standard Time)
debug: Inspect cce:/internal/x/prerequisite-imports
debug: Resolve file:///D:/Pastil&Chill/assets/scripts/DatabaseManager.ts from cce:/internal/x/prerequisite-imports as file:///D:/Pastil&Chill/assets/scripts/DatabaseManager.ts.
debug: Resolve file:///D:/Pastil&Chill/assets/scripts/addonsActions.ts from cce:/internal/x/prerequisite-imports as file:///D:/Pastil&Chill/assets/scripts/addonsActions.ts.
debug: Resolve file:///D:/Pastil&Chill/assets/scripts/orderAction.ts from cce:/internal/x/prerequisite-imports as file:///D:/Pastil&Chill/assets/scripts/orderAction.ts.
debug: Detected change: file:///D:/Pastil&Chill/assets/scripts/orderAction.ts. Last mtime: Fri Oct 31 2025 15:53:56 GMT+0800 (China Standard Time)@7e94a6a2-1e46-47d8-9cbc-a2f16f2b713b, Current mtime: Fri Oct 31 2025 15:54:23 GMT+0800 (China Standard Time)@7e94a6a2-1e46-47d8-9cbc-a2f16f2b713b
debug: Inspect file:///D:/Pastil&Chill/assets/scripts/orderAction.ts
debug: Resolve cc from file:///D:/Pastil&Chill/assets/scripts/orderAction.ts as cce:/internal/x/cc.
debug: Resolve cc from file:///D:/Pastil&Chill/assets/scripts/orderAction.ts as cce:/internal/x/cc.
debug: Resolve cc from file:///D:/Pastil&Chill/assets/scripts/orderAction.ts as cce:/internal/x/cc.
debug: Resolve file:///D:/Pastil&Chill/assets/scripts/productActions.ts from cce:/internal/x/prerequisite-imports as file:///D:/Pastil&Chill/assets/scripts/productActions.ts.
debug: Target(editor) ends with cost 81.34439998865128ms.
debug: Target(preview) build started.
debug: Detected change: cce:/internal/x/prerequisite-imports. Last mtime: Thu Jan 01 1970 11:38:53 GMT+0800 (China Standard Time), Current mtime: Thu Jan 01 1970 11:39:18 GMT+0800 (China Standard Time)
debug: Inspect cce:/internal/x/prerequisite-imports
debug: Resolve file:///D:/Pastil&Chill/assets/scripts/DatabaseManager.ts from cce:/internal/x/prerequisite-imports as file:///D:/Pastil&Chill/assets/scripts/DatabaseManager.ts.
debug: Resolve file:///D:/Pastil&Chill/assets/scripts/addonsActions.ts from cce:/internal/x/prerequisite-imports as file:///D:/Pastil&Chill/assets/scripts/addonsActions.ts.
debug: Resolve file:///D:/Pastil&Chill/assets/scripts/orderAction.ts from cce:/internal/x/prerequisite-imports as file:///D:/Pastil&Chill/assets/scripts/orderAction.ts.
debug: Detected change: file:///D:/Pastil&Chill/assets/scripts/orderAction.ts. Last mtime: Fri Oct 31 2025 15:53:56 GMT+0800 (China Standard Time)@7e94a6a2-1e46-47d8-9cbc-a2f16f2b713b, Current mtime: Fri Oct 31 2025 15:54:23 GMT+0800 (China Standard Time)@7e94a6a2-1e46-47d8-9cbc-a2f16f2b713b
debug: Inspect file:///D:/Pastil&Chill/assets/scripts/orderAction.ts
debug: Resolve cc from file:///D:/Pastil&Chill/assets/scripts/orderAction.ts as cce:/internal/x/cc.
debug: Resolve cc from file:///D:/Pastil&Chill/assets/scripts/orderAction.ts as cce:/internal/x/cc.
debug: Resolve cc from file:///D:/Pastil&Chill/assets/scripts/orderAction.ts as cce:/internal/x/cc.
debug: Resolve file:///D:/Pastil&Chill/assets/scripts/productActions.ts from cce:/internal/x/prerequisite-imports as file:///D:/Pastil&Chill/assets/scripts/productActions.ts.
debug: Target(preview) ends with cost 83.23500001430511ms.
debug: Dispatch build request for time accumulated 1 asset changes.
debug: Build iteration starts.
Number of accumulated asset changes: 1
Feature changed: false
debug: Target(editor) build started.
debug: Detected change: cce:/internal/x/prerequisite-imports. Last mtime: Thu Jan 01 1970 11:39:18 GMT+0800 (China Standard Time), Current mtime: Thu Jan 01 1970 11:40:58 GMT+0800 (China Standard Time)
debug: Inspect cce:/internal/x/prerequisite-imports
debug: Resolve file:///D:/Pastil&Chill/assets/scripts/DatabaseManager.ts from cce:/internal/x/prerequisite-imports as file:///D:/Pastil&Chill/assets/scripts/DatabaseManager.ts.
debug: Resolve file:///D:/Pastil&Chill/assets/scripts/addonsActions.ts from cce:/internal/x/prerequisite-imports as file:///D:/Pastil&Chill/assets/scripts/addonsActions.ts.
debug: Resolve file:///D:/Pastil&Chill/assets/scripts/orderAction.ts from cce:/internal/x/prerequisite-imports as file:///D:/Pastil&Chill/assets/scripts/orderAction.ts.
debug: Detected change: file:///D:/Pastil&Chill/assets/scripts/orderAction.ts. Last mtime: Fri Oct 31 2025 15:54:23 GMT+0800 (China Standard Time)@7e94a6a2-1e46-47d8-9cbc-a2f16f2b713b, Current mtime: Fri Oct 31 2025 15:56:02 GMT+0800 (China Standard Time)@7e94a6a2-1e46-47d8-9cbc-a2f16f2b713b
debug: Inspect file:///D:/Pastil&Chill/assets/scripts/orderAction.ts
debug: Resolve cc from file:///D:/Pastil&Chill/assets/scripts/orderAction.ts as cce:/internal/x/cc.
debug: Resolve cc from file:///D:/Pastil&Chill/assets/scripts/orderAction.ts as cce:/internal/x/cc.
debug: Resolve cc from file:///D:/Pastil&Chill/assets/scripts/orderAction.ts as cce:/internal/x/cc.
debug: Resolve file:///D:/Pastil&Chill/assets/scripts/productActions.ts from cce:/internal/x/prerequisite-imports as file:///D:/Pastil&Chill/assets/scripts/productActions.ts.
debug: Target(editor) ends with cost 74.63109999895096ms.
debug: Target(preview) build started.
debug: Detected change: cce:/internal/x/prerequisite-imports. Last mtime: Thu Jan 01 1970 11:39:18 GMT+0800 (China Standard Time), Current mtime: Thu Jan 01 1970 11:40:58 GMT+0800 (China Standard Time)
debug: Inspect cce:/internal/x/prerequisite-imports
debug: Resolve file:///D:/Pastil&Chill/assets/scripts/DatabaseManager.ts from cce:/internal/x/prerequisite-imports as file:///D:/Pastil&Chill/assets/scripts/DatabaseManager.ts.
debug: Resolve file:///D:/Pastil&Chill/assets/scripts/addonsActions.ts from cce:/internal/x/prerequisite-imports as file:///D:/Pastil&Chill/assets/scripts/addonsActions.ts.
debug: Resolve file:///D:/Pastil&Chill/assets/scripts/orderAction.ts from cce:/internal/x/prerequisite-imports as file:///D:/Pastil&Chill/assets/scripts/orderAction.ts.
debug: Detected change: file:///D:/Pastil&Chill/assets/scripts/orderAction.ts. Last mtime: Fri Oct 31 2025 15:54:23 GMT+0800 (China Standard Time)@7e94a6a2-1e46-47d8-9cbc-a2f16f2b713b, Current mtime: Fri Oct 31 2025 15:56:02 GMT+0800 (China Standard Time)@7e94a6a2-1e46-47d8-9cbc-a2f16f2b713b
debug: Inspect file:///D:/Pastil&Chill/assets/scripts/orderAction.ts
debug: Resolve cc from file:///D:/Pastil&Chill/assets/scripts/orderAction.ts as cce:/internal/x/cc.
debug: Resolve cc from file:///D:/Pastil&Chill/assets/scripts/orderAction.ts as cce:/internal/x/cc.
debug: Resolve cc from file:///D:/Pastil&Chill/assets/scripts/orderAction.ts as cce:/internal/x/cc.
debug: Resolve file:///D:/Pastil&Chill/assets/scripts/productActions.ts from cce:/internal/x/prerequisite-imports as file:///D:/Pastil&Chill/assets/scripts/productActions.ts.
debug: Target(preview) ends with cost 94.08899998664856ms.
debug: Dispatch build request for time accumulated 1 asset changes.
debug: Build iteration starts.
Number of accumulated asset changes: 1
Feature changed: false
debug: Target(editor) build started.
debug: Detected change: cce:/internal/x/prerequisite-imports. Last mtime: Thu Jan 01 1970 11:40:58 GMT+0800 (China Standard Time), Current mtime: Thu Jan 01 1970 11:41:54 GMT+0800 (China Standard Time)
debug: Inspect cce:/internal/x/prerequisite-imports
debug: Resolve file:///D:/Pastil&Chill/assets/scripts/DatabaseManager.ts from cce:/internal/x/prerequisite-imports as file:///D:/Pastil&Chill/assets/scripts/DatabaseManager.ts.
debug: Resolve file:///D:/Pastil&Chill/assets/scripts/addonsActions.ts from cce:/internal/x/prerequisite-imports as file:///D:/Pastil&Chill/assets/scripts/addonsActions.ts.
debug: Resolve file:///D:/Pastil&Chill/assets/scripts/orderAction.ts from cce:/internal/x/prerequisite-imports as file:///D:/Pastil&Chill/assets/scripts/orderAction.ts.
debug: Detected change: file:///D:/Pastil&Chill/assets/scripts/orderAction.ts. Last mtime: Fri Oct 31 2025 15:56:02 GMT+0800 (China Standard Time)@7e94a6a2-1e46-47d8-9cbc-a2f16f2b713b, Current mtime: Fri Oct 31 2025 15:56:59 GMT+0800 (China Standard Time)@7e94a6a2-1e46-47d8-9cbc-a2f16f2b713b
debug: Inspect file:///D:/Pastil&Chill/assets/scripts/orderAction.ts
debug: Resolve cc from file:///D:/Pastil&Chill/assets/scripts/orderAction.ts as cce:/internal/x/cc.
debug: Resolve cc from file:///D:/Pastil&Chill/assets/scripts/orderAction.ts as cce:/internal/x/cc.
debug: Resolve cc from file:///D:/Pastil&Chill/assets/scripts/orderAction.ts as cce:/internal/x/cc.
debug: Resolve file:///D:/Pastil&Chill/assets/scripts/productActions.ts from cce:/internal/x/prerequisite-imports as file:///D:/Pastil&Chill/assets/scripts/productActions.ts.
debug: Target(editor) ends with cost 78.00499999523163ms.
debug: Target(preview) build started.
debug: Detected change: cce:/internal/x/prerequisite-imports. Last mtime: Thu Jan 01 1970 11:40:58 GMT+0800 (China Standard Time), Current mtime: Thu Jan 01 1970 11:41:54 GMT+0800 (China Standard Time)
debug: Inspect cce:/internal/x/prerequisite-imports
debug: Resolve file:///D:/Pastil&Chill/assets/scripts/DatabaseManager.ts from cce:/internal/x/prerequisite-imports as file:///D:/Pastil&Chill/assets/scripts/DatabaseManager.ts.
debug: Resolve file:///D:/Pastil&Chill/assets/scripts/addonsActions.ts from cce:/internal/x/prerequisite-imports as file:///D:/Pastil&Chill/assets/scripts/addonsActions.ts.
debug: Resolve file:///D:/Pastil&Chill/assets/scripts/orderAction.ts from cce:/internal/x/prerequisite-imports as file:///D:/Pastil&Chill/assets/scripts/orderAction.ts.
debug: Detected change: file:///D:/Pastil&Chill/assets/scripts/orderAction.ts. Last mtime: Fri Oct 31 2025 15:56:02 GMT+0800 (China Standard Time)@7e94a6a2-1e46-47d8-9cbc-a2f16f2b713b, Current mtime: Fri Oct 31 2025 15:56:59 GMT+0800 (China Standard Time)@7e94a6a2-1e46-47d8-9cbc-a2f16f2b713b
debug: Inspect file:///D:/Pastil&Chill/assets/scripts/orderAction.ts
debug: Resolve cc from file:///D:/Pastil&Chill/assets/scripts/orderAction.ts as cce:/internal/x/cc.
debug: Resolve cc from file:///D:/Pastil&Chill/assets/scripts/orderAction.ts as cce:/internal/x/cc.
debug: Resolve cc from file:///D:/Pastil&Chill/assets/scripts/orderAction.ts as cce:/internal/x/cc.
debug: Resolve file:///D:/Pastil&Chill/assets/scripts/productActions.ts from cce:/internal/x/prerequisite-imports as file:///D:/Pastil&Chill/assets/scripts/productActions.ts.
debug: Target(preview) ends with cost 85.45329999923706ms.
debug: Dispatch build request for time accumulated 1 asset changes.
debug: Build iteration starts.
Number of accumulated asset changes: 1
Feature changed: false
debug: Target(editor) build started.
debug: Detected change: cce:/internal/x/prerequisite-imports. Last mtime: Thu Jan 01 1970 11:41:54 GMT+0800 (China Standard Time), Current mtime: Thu Jan 01 1970 11:42:29 GMT+0800 (China Standard Time)
debug: Inspect cce:/internal/x/prerequisite-imports
debug: Resolve file:///D:/Pastil&Chill/assets/scripts/DatabaseManager.ts from cce:/internal/x/prerequisite-imports as file:///D:/Pastil&Chill/assets/scripts/DatabaseManager.ts.
debug: Resolve file:///D:/Pastil&Chill/assets/scripts/addonsActions.ts from cce:/internal/x/prerequisite-imports as file:///D:/Pastil&Chill/assets/scripts/addonsActions.ts.
debug: Resolve file:///D:/Pastil&Chill/assets/scripts/orderAction.ts from cce:/internal/x/prerequisite-imports as file:///D:/Pastil&Chill/assets/scripts/orderAction.ts.
debug: Detected change: file:///D:/Pastil&Chill/assets/scripts/orderAction.ts. Last mtime: Fri Oct 31 2025 15:56:59 GMT+0800 (China Standard Time)@7e94a6a2-1e46-47d8-9cbc-a2f16f2b713b, Current mtime: Fri Oct 31 2025 15:57:34 GMT+0800 (China Standard Time)@7e94a6a2-1e46-47d8-9cbc-a2f16f2b713b
debug: Inspect file:///D:/Pastil&Chill/assets/scripts/orderAction.ts
debug: Resolve cc from file:///D:/Pastil&Chill/assets/scripts/orderAction.ts as cce:/internal/x/cc.
debug: Resolve cc from file:///D:/Pastil&Chill/assets/scripts/orderAction.ts as cce:/internal/x/cc.
debug: Resolve cc from file:///D:/Pastil&Chill/assets/scripts/orderAction.ts as cce:/internal/x/cc.
debug: Resolve file:///D:/Pastil&Chill/assets/scripts/productActions.ts from cce:/internal/x/prerequisite-imports as file:///D:/Pastil&Chill/assets/scripts/productActions.ts.
debug: Target(editor) ends with cost 85.49339997768402ms.
debug: Target(preview) build started.
debug: Detected change: cce:/internal/x/prerequisite-imports. Last mtime: Thu Jan 01 1970 11:41:54 GMT+0800 (China Standard Time), Current mtime: Thu Jan 01 1970 11:42:29 GMT+0800 (China Standard Time)
debug: Inspect cce:/internal/x/prerequisite-imports
debug: Resolve file:///D:/Pastil&Chill/assets/scripts/DatabaseManager.ts from cce:/internal/x/prerequisite-imports as file:///D:/Pastil&Chill/assets/scripts/DatabaseManager.ts.
debug: Resolve file:///D:/Pastil&Chill/assets/scripts/addonsActions.ts from cce:/internal/x/prerequisite-imports as file:///D:/Pastil&Chill/assets/scripts/addonsActions.ts.
debug: Resolve file:///D:/Pastil&Chill/assets/scripts/orderAction.ts from cce:/internal/x/prerequisite-imports as file:///D:/Pastil&Chill/assets/scripts/orderAction.ts.
debug: Detected change: file:///D:/Pastil&Chill/assets/scripts/orderAction.ts. Last mtime: Fri Oct 31 2025 15:56:59 GMT+0800 (China Standard Time)@7e94a6a2-1e46-47d8-9cbc-a2f16f2b713b, Current mtime: Fri Oct 31 2025 15:57:34 GMT+0800 (China Standard Time)@7e94a6a2-1e46-47d8-9cbc-a2f16f2b713b
debug: Inspect file:///D:/Pastil&Chill/assets/scripts/orderAction.ts
debug: Resolve cc from file:///D:/Pastil&Chill/assets/scripts/orderAction.ts as cce:/internal/x/cc.
debug: Resolve cc from file:///D:/Pastil&Chill/assets/scripts/orderAction.ts as cce:/internal/x/cc.
debug: Resolve cc from file:///D:/Pastil&Chill/assets/scripts/orderAction.ts as cce:/internal/x/cc.
debug: Resolve file:///D:/Pastil&Chill/assets/scripts/productActions.ts from cce:/internal/x/prerequisite-imports as file:///D:/Pastil&Chill/assets/scripts/productActions.ts.
debug: Target(preview) ends with cost 79.45069998502731ms.
debug: Dispatch build request for time accumulated 1 asset changes.
debug: Build iteration starts.
Number of accumulated asset changes: 1
Feature changed: false
debug: Target(editor) build started.
debug: Detected change: cce:/internal/x/prerequisite-imports. Last mtime: Thu Jan 01 1970 11:42:29 GMT+0800 (China Standard Time), Current mtime: Thu Jan 01 1970 11:42:51 GMT+0800 (China Standard Time)
debug: Inspect cce:/internal/x/prerequisite-imports
debug: Resolve file:///D:/Pastil&Chill/assets/scripts/DatabaseManager.ts from cce:/internal/x/prerequisite-imports as file:///D:/Pastil&Chill/assets/scripts/DatabaseManager.ts.
debug: Resolve file:///D:/Pastil&Chill/assets/scripts/addonsActions.ts from cce:/internal/x/prerequisite-imports as file:///D:/Pastil&Chill/assets/scripts/addonsActions.ts.
debug: Resolve file:///D:/Pastil&Chill/assets/scripts/orderAction.ts from cce:/internal/x/prerequisite-imports as file:///D:/Pastil&Chill/assets/scripts/orderAction.ts.
debug: Detected change: file:///D:/Pastil&Chill/assets/scripts/orderAction.ts. Last mtime: Fri Oct 31 2025 15:57:34 GMT+0800 (China Standard Time)@7e94a6a2-1e46-47d8-9cbc-a2f16f2b713b, Current mtime: Fri Oct 31 2025 15:57:56 GMT+0800 (China Standard Time)@7e94a6a2-1e46-47d8-9cbc-a2f16f2b713b
debug: Inspect file:///D:/Pastil&Chill/assets/scripts/orderAction.ts
debug: Resolve cc from file:///D:/Pastil&Chill/assets/scripts/orderAction.ts as cce:/internal/x/cc.
debug: Resolve cc from file:///D:/Pastil&Chill/assets/scripts/orderAction.ts as cce:/internal/x/cc.
debug: Resolve cc from file:///D:/Pastil&Chill/assets/scripts/orderAction.ts as cce:/internal/x/cc.
debug: Resolve file:///D:/Pastil&Chill/assets/scripts/productActions.ts from cce:/internal/x/prerequisite-imports as file:///D:/Pastil&Chill/assets/scripts/productActions.ts.
debug: Target(editor) ends with cost 72.00980001688004ms.
debug: Target(preview) build started.
debug: Detected change: cce:/internal/x/prerequisite-imports. Last mtime: Thu Jan 01 1970 11:42:29 GMT+0800 (China Standard Time), Current mtime: Thu Jan 01 1970 11:42:51 GMT+0800 (China Standard Time)
debug: Inspect cce:/internal/x/prerequisite-imports
debug: Resolve file:///D:/Pastil&Chill/assets/scripts/DatabaseManager.ts from cce:/internal/x/prerequisite-imports as file:///D:/Pastil&Chill/assets/scripts/DatabaseManager.ts.
debug: Resolve file:///D:/Pastil&Chill/assets/scripts/addonsActions.ts from cce:/internal/x/prerequisite-imports as file:///D:/Pastil&Chill/assets/scripts/addonsActions.ts.
debug: Resolve file:///D:/Pastil&Chill/assets/scripts/orderAction.ts from cce:/internal/x/prerequisite-imports as file:///D:/Pastil&Chill/assets/scripts/orderAction.ts.
debug: Detected change: file:///D:/Pastil&Chill/assets/scripts/orderAction.ts. Last mtime: Fri Oct 31 2025 15:57:34 GMT+0800 (China Standard Time)@7e94a6a2-1e46-47d8-9cbc-a2f16f2b713b, Current mtime: Fri Oct 31 2025 15:57:56 GMT+0800 (China Standard Time)@7e94a6a2-1e46-47d8-9cbc-a2f16f2b713b
debug: Inspect file:///D:/Pastil&Chill/assets/scripts/orderAction.ts
debug: Resolve cc from file:///D:/Pastil&Chill/assets/scripts/orderAction.ts as cce:/internal/x/cc.
debug: Resolve cc from file:///D:/Pastil&Chill/assets/scripts/orderAction.ts as cce:/internal/x/cc.
debug: Resolve cc from file:///D:/Pastil&Chill/assets/scripts/orderAction.ts as cce:/internal/x/cc.
debug: Resolve file:///D:/Pastil&Chill/assets/scripts/productActions.ts from cce:/internal/x/prerequisite-imports as file:///D:/Pastil&Chill/assets/scripts/productActions.ts.
debug: Target(preview) ends with cost 138.00260001420975ms.
debug: Dispatch build request for time accumulated 1 asset changes.
debug: Build iteration starts.
Number of accumulated asset changes: 1
Feature changed: false
debug: Target(editor) build started.
debug: Detected change: cce:/internal/x/prerequisite-imports. Last mtime: Thu Jan 01 1970 11:42:51 GMT+0800 (China Standard Time), Current mtime: Thu Jan 01 1970 11:43:17 GMT+0800 (China Standard Time)
debug: Inspect cce:/internal/x/prerequisite-imports
debug: Resolve file:///D:/Pastil&Chill/assets/scripts/DatabaseManager.ts from cce:/internal/x/prerequisite-imports as file:///D:/Pastil&Chill/assets/scripts/DatabaseManager.ts.
debug: Resolve file:///D:/Pastil&Chill/assets/scripts/addonsActions.ts from cce:/internal/x/prerequisite-imports as file:///D:/Pastil&Chill/assets/scripts/addonsActions.ts.
debug: Resolve file:///D:/Pastil&Chill/assets/scripts/orderAction.ts from cce:/internal/x/prerequisite-imports as file:///D:/Pastil&Chill/assets/scripts/orderAction.ts.
debug: Detected change: file:///D:/Pastil&Chill/assets/scripts/orderAction.ts. Last mtime: Fri Oct 31 2025 15:57:56 GMT+0800 (China Standard Time)@7e94a6a2-1e46-47d8-9cbc-a2f16f2b713b, Current mtime: Fri Oct 31 2025 15:58:20 GMT+0800 (China Standard Time)@7e94a6a2-1e46-47d8-9cbc-a2f16f2b713b
debug: Inspect file:///D:/Pastil&Chill/assets/scripts/orderAction.ts
debug: Resolve cc from file:///D:/Pastil&Chill/assets/scripts/orderAction.ts as cce:/internal/x/cc.
debug: Resolve cc from file:///D:/Pastil&Chill/assets/scripts/orderAction.ts as cce:/internal/x/cc.
debug: Resolve cc from file:///D:/Pastil&Chill/assets/scripts/orderAction.ts as cce:/internal/x/cc.
debug: Resolve file:///D:/Pastil&Chill/assets/scripts/productActions.ts from cce:/internal/x/prerequisite-imports as file:///D:/Pastil&Chill/assets/scripts/productActions.ts.
debug: Target(editor) ends with cost 118.1172000169754ms.
debug: Target(preview) build started.
debug: Detected change: cce:/internal/x/prerequisite-imports. Last mtime: Thu Jan 01 1970 11:42:51 GMT+0800 (China Standard Time), Current mtime: Thu Jan 01 1970 11:43:17 GMT+0800 (China Standard Time)
debug: Inspect cce:/internal/x/prerequisite-imports
debug: Resolve file:///D:/Pastil&Chill/assets/scripts/DatabaseManager.ts from cce:/internal/x/prerequisite-imports as file:///D:/Pastil&Chill/assets/scripts/DatabaseManager.ts.
debug: Resolve file:///D:/Pastil&Chill/assets/scripts/addonsActions.ts from cce:/internal/x/prerequisite-imports as file:///D:/Pastil&Chill/assets/scripts/addonsActions.ts.
debug: Resolve file:///D:/Pastil&Chill/assets/scripts/orderAction.ts from cce:/internal/x/prerequisite-imports as file:///D:/Pastil&Chill/assets/scripts/orderAction.ts.
debug: Detected change: file:///D:/Pastil&Chill/assets/scripts/orderAction.ts. Last mtime: Fri Oct 31 2025 15:57:56 GMT+0800 (China Standard Time)@7e94a6a2-1e46-47d8-9cbc-a2f16f2b713b, Current mtime: Fri Oct 31 2025 15:58:20 GMT+0800 (China Standard Time)@7e94a6a2-1e46-47d8-9cbc-a2f16f2b713b
debug: Inspect file:///D:/Pastil&Chill/assets/scripts/orderAction.ts
debug: Resolve cc from file:///D:/Pastil&Chill/assets/scripts/orderAction.ts as cce:/internal/x/cc.
debug: Resolve cc from file:///D:/Pastil&Chill/assets/scripts/orderAction.ts as cce:/internal/x/cc.
debug: Resolve cc from file:///D:/Pastil&Chill/assets/scripts/orderAction.ts as cce:/internal/x/cc.
debug: Resolve file:///D:/Pastil&Chill/assets/scripts/productActions.ts from cce:/internal/x/prerequisite-imports as file:///D:/Pastil&Chill/assets/scripts/productActions.ts.
debug: Target(preview) ends with cost 215.4718999862671ms.
debug: Dispatch build request for time accumulated 1 asset changes.
debug: Build iteration starts.
Number of accumulated asset changes: 1
Feature changed: false
debug: Target(editor) build started.
debug: Detected change: cce:/internal/x/prerequisite-imports. Last mtime: Thu Jan 01 1970 11:43:17 GMT+0800 (China Standard Time), Current mtime: Thu Jan 01 1970 11:43:40 GMT+0800 (China Standard Time)
debug: Inspect cce:/internal/x/prerequisite-imports
debug: Resolve file:///D:/Pastil&Chill/assets/scripts/DatabaseManager.ts from cce:/internal/x/prerequisite-imports as file:///D:/Pastil&Chill/assets/scripts/DatabaseManager.ts.
debug: Resolve file:///D:/Pastil&Chill/assets/scripts/addonsActions.ts from cce:/internal/x/prerequisite-imports as file:///D:/Pastil&Chill/assets/scripts/addonsActions.ts.
debug: Resolve file:///D:/Pastil&Chill/assets/scripts/orderAction.ts from cce:/internal/x/prerequisite-imports as file:///D:/Pastil&Chill/assets/scripts/orderAction.ts.
debug: Detected change: file:///D:/Pastil&Chill/assets/scripts/orderAction.ts. Last mtime: Fri Oct 31 2025 15:58:20 GMT+0800 (China Standard Time)@7e94a6a2-1e46-47d8-9cbc-a2f16f2b713b, Current mtime: Fri Oct 31 2025 15:58:45 GMT+0800 (China Standard Time)@7e94a6a2-1e46-47d8-9cbc-a2f16f2b713b
debug: Inspect file:///D:/Pastil&Chill/assets/scripts/orderAction.ts
debug: Resolve cc from file:///D:/Pastil&Chill/assets/scripts/orderAction.ts as cce:/internal/x/cc.
debug: Resolve cc from file:///D:/Pastil&Chill/assets/scripts/orderAction.ts as cce:/internal/x/cc.
debug: Resolve cc from file:///D:/Pastil&Chill/assets/scripts/orderAction.ts as cce:/internal/x/cc.
debug: Resolve file:///D:/Pastil&Chill/assets/scripts/productActions.ts from cce:/internal/x/prerequisite-imports as file:///D:/Pastil&Chill/assets/scripts/productActions.ts.
debug: Target(editor) ends with cost 91.23149996995926ms.
debug: Target(preview) build started.
debug: Detected change: cce:/internal/x/prerequisite-imports. Last mtime: Thu Jan 01 1970 11:43:17 GMT+0800 (China Standard Time), Current mtime: Thu Jan 01 1970 11:43:40 GMT+0800 (China Standard Time)
debug: Inspect cce:/internal/x/prerequisite-imports
debug: Resolve file:///D:/Pastil&Chill/assets/scripts/DatabaseManager.ts from cce:/internal/x/prerequisite-imports as file:///D:/Pastil&Chill/assets/scripts/DatabaseManager.ts.
debug: Resolve file:///D:/Pastil&Chill/assets/scripts/addonsActions.ts from cce:/internal/x/prerequisite-imports as file:///D:/Pastil&Chill/assets/scripts/addonsActions.ts.
debug: Resolve file:///D:/Pastil&Chill/assets/scripts/orderAction.ts from cce:/internal/x/prerequisite-imports as file:///D:/Pastil&Chill/assets/scripts/orderAction.ts.
debug: Detected change: file:///D:/Pastil&Chill/assets/scripts/orderAction.ts. Last mtime: Fri Oct 31 2025 15:58:20 GMT+0800 (China Standard Time)@7e94a6a2-1e46-47d8-9cbc-a2f16f2b713b, Current mtime: Fri Oct 31 2025 15:58:45 GMT+0800 (China Standard Time)@7e94a6a2-1e46-47d8-9cbc-a2f16f2b713b
debug: Inspect file:///D:/Pastil&Chill/assets/scripts/orderAction.ts
debug: Resolve cc from file:///D:/Pastil&Chill/assets/scripts/orderAction.ts as cce:/internal/x/cc.
debug: Resolve cc from file:///D:/Pastil&Chill/assets/scripts/orderAction.ts as cce:/internal/x/cc.
debug: Resolve cc from file:///D:/Pastil&Chill/assets/scripts/orderAction.ts as cce:/internal/x/cc.
debug: Resolve file:///D:/Pastil&Chill/assets/scripts/productActions.ts from cce:/internal/x/prerequisite-imports as file:///D:/Pastil&Chill/assets/scripts/productActions.ts.
debug: Target(preview) ends with cost 98.1593000292778ms.
debug: Dispatch build request for time accumulated 1 asset changes.
debug: Build iteration starts.
Number of accumulated asset changes: 1
Feature changed: false
debug: Target(editor) build started.
debug: Detected change: cce:/internal/x/prerequisite-imports. Last mtime: Thu Jan 01 1970 11:43:40 GMT+0800 (China Standard Time), Current mtime: Thu Jan 01 1970 11:43:59 GMT+0800 (China Standard Time)
debug: Inspect cce:/internal/x/prerequisite-imports
debug: Resolve file:///D:/Pastil&Chill/assets/scripts/DatabaseManager.ts from cce:/internal/x/prerequisite-imports as file:///D:/Pastil&Chill/assets/scripts/DatabaseManager.ts.
debug: Resolve file:///D:/Pastil&Chill/assets/scripts/addonsActions.ts from cce:/internal/x/prerequisite-imports as file:///D:/Pastil&Chill/assets/scripts/addonsActions.ts.
debug: Resolve file:///D:/Pastil&Chill/assets/scripts/orderAction.ts from cce:/internal/x/prerequisite-imports as file:///D:/Pastil&Chill/assets/scripts/orderAction.ts.
debug: Detected change: file:///D:/Pastil&Chill/assets/scripts/orderAction.ts. Last mtime: Fri Oct 31 2025 15:58:45 GMT+0800 (China Standard Time)@7e94a6a2-1e46-47d8-9cbc-a2f16f2b713b, Current mtime: Fri Oct 31 2025 15:59:04 GMT+0800 (China Standard Time)@7e94a6a2-1e46-47d8-9cbc-a2f16f2b713b
debug: Inspect file:///D:/Pastil&Chill/assets/scripts/orderAction.ts
debug: Resolve cc from file:///D:/Pastil&Chill/assets/scripts/orderAction.ts as cce:/internal/x/cc.
debug: Resolve cc from file:///D:/Pastil&Chill/assets/scripts/orderAction.ts as cce:/internal/x/cc.
debug: Resolve cc from file:///D:/Pastil&Chill/assets/scripts/orderAction.ts as cce:/internal/x/cc.
debug: Resolve file:///D:/Pastil&Chill/assets/scripts/productActions.ts from cce:/internal/x/prerequisite-imports as file:///D:/Pastil&Chill/assets/scripts/productActions.ts.
debug: Target(editor) ends with cost 81.42119997739792ms.
debug: Target(preview) build started.
debug: Detected change: cce:/internal/x/prerequisite-imports. Last mtime: Thu Jan 01 1970 11:43:40 GMT+0800 (China Standard Time), Current mtime: Thu Jan 01 1970 11:43:59 GMT+0800 (China Standard Time)
debug: Inspect cce:/internal/x/prerequisite-imports
debug: Resolve file:///D:/Pastil&Chill/assets/scripts/DatabaseManager.ts from cce:/internal/x/prerequisite-imports as file:///D:/Pastil&Chill/assets/scripts/DatabaseManager.ts.
debug: Resolve file:///D:/Pastil&Chill/assets/scripts/addonsActions.ts from cce:/internal/x/prerequisite-imports as file:///D:/Pastil&Chill/assets/scripts/addonsActions.ts.
debug: Resolve file:///D:/Pastil&Chill/assets/scripts/orderAction.ts from cce:/internal/x/prerequisite-imports as file:///D:/Pastil&Chill/assets/scripts/orderAction.ts.
debug: Detected change: file:///D:/Pastil&Chill/assets/scripts/orderAction.ts. Last mtime: Fri Oct 31 2025 15:58:45 GMT+0800 (China Standard Time)@7e94a6a2-1e46-47d8-9cbc-a2f16f2b713b, Current mtime: Fri Oct 31 2025 15:59:04 GMT+0800 (China Standard Time)@7e94a6a2-1e46-47d8-9cbc-a2f16f2b713b
debug: Inspect file:///D:/Pastil&Chill/assets/scripts/orderAction.ts
debug: Resolve cc from file:///D:/Pastil&Chill/assets/scripts/orderAction.ts as cce:/internal/x/cc.
debug: Resolve cc from file:///D:/Pastil&Chill/assets/scripts/orderAction.ts as cce:/internal/x/cc.
debug: Resolve cc from file:///D:/Pastil&Chill/assets/scripts/orderAction.ts as cce:/internal/x/cc.
debug: Resolve file:///D:/Pastil&Chill/assets/scripts/productActions.ts from cce:/internal/x/prerequisite-imports as file:///D:/Pastil&Chill/assets/scripts/productActions.ts.
debug: Target(preview) ends with cost 96.32309997081757ms.
debug: Dispatch build request for time accumulated 1 asset changes.
debug: Build iteration starts.
Number of accumulated asset changes: 1
Feature changed: false
debug: Target(editor) build started.
debug: Detected change: cce:/internal/x/prerequisite-imports. Last mtime: Thu Jan 01 1970 11:43:59 GMT+0800 (China Standard Time), Current mtime: Thu Jan 01 1970 11:44:16 GMT+0800 (China Standard Time)
debug: Inspect cce:/internal/x/prerequisite-imports
debug: Resolve file:///D:/Pastil&Chill/assets/scripts/DatabaseManager.ts from cce:/internal/x/prerequisite-imports as file:///D:/Pastil&Chill/assets/scripts/DatabaseManager.ts.
debug: Resolve file:///D:/Pastil&Chill/assets/scripts/addonsActions.ts from cce:/internal/x/prerequisite-imports as file:///D:/Pastil&Chill/assets/scripts/addonsActions.ts.
debug: Resolve file:///D:/Pastil&Chill/assets/scripts/orderAction.ts from cce:/internal/x/prerequisite-imports as file:///D:/Pastil&Chill/assets/scripts/orderAction.ts.
debug: Detected change: file:///D:/Pastil&Chill/assets/scripts/orderAction.ts. Last mtime: Fri Oct 31 2025 15:59:04 GMT+0800 (China Standard Time)@7e94a6a2-1e46-47d8-9cbc-a2f16f2b713b, Current mtime: Fri Oct 31 2025 15:59:20 GMT+0800 (China Standard Time)@7e94a6a2-1e46-47d8-9cbc-a2f16f2b713b
debug: Inspect file:///D:/Pastil&Chill/assets/scripts/orderAction.ts
debug: Resolve cc from file:///D:/Pastil&Chill/assets/scripts/orderAction.ts as cce:/internal/x/cc.
debug: Resolve cc from file:///D:/Pastil&Chill/assets/scripts/orderAction.ts as cce:/internal/x/cc.
debug: Resolve cc from file:///D:/Pastil&Chill/assets/scripts/orderAction.ts as cce:/internal/x/cc.
debug: Resolve file:///D:/Pastil&Chill/assets/scripts/productActions.ts from cce:/internal/x/prerequisite-imports as file:///D:/Pastil&Chill/assets/scripts/productActions.ts.
debug: Target(editor) ends with cost 71.04499995708466ms.
debug: Target(preview) build started.
debug: Detected change: cce:/internal/x/prerequisite-imports. Last mtime: Thu Jan 01 1970 11:43:59 GMT+0800 (China Standard Time), Current mtime: Thu Jan 01 1970 11:44:16 GMT+0800 (China Standard Time)
debug: Inspect cce:/internal/x/prerequisite-imports
debug: Resolve file:///D:/Pastil&Chill/assets/scripts/DatabaseManager.ts from cce:/internal/x/prerequisite-imports as file:///D:/Pastil&Chill/assets/scripts/DatabaseManager.ts.
debug: Resolve file:///D:/Pastil&Chill/assets/scripts/addonsActions.ts from cce:/internal/x/prerequisite-imports as file:///D:/Pastil&Chill/assets/scripts/addonsActions.ts.
debug: Resolve file:///D:/Pastil&Chill/assets/scripts/orderAction.ts from cce:/internal/x/prerequisite-imports as file:///D:/Pastil&Chill/assets/scripts/orderAction.ts.
debug: Detected change: file:///D:/Pastil&Chill/assets/scripts/orderAction.ts. Last mtime: Fri Oct 31 2025 15:59:04 GMT+0800 (China Standard Time)@7e94a6a2-1e46-47d8-9cbc-a2f16f2b713b, Current mtime: Fri Oct 31 2025 15:59:20 GMT+0800 (China Standard Time)@7e94a6a2-1e46-47d8-9cbc-a2f16f2b713b
debug: Inspect file:///D:/Pastil&Chill/assets/scripts/orderAction.ts
debug: Resolve cc from file:///D:/Pastil&Chill/assets/scripts/orderAction.ts as cce:/internal/x/cc.
debug: Resolve cc from file:///D:/Pastil&Chill/assets/scripts/orderAction.ts as cce:/internal/x/cc.
debug: Resolve cc from file:///D:/Pastil&Chill/assets/scripts/orderAction.ts as cce:/internal/x/cc.
debug: Resolve file:///D:/Pastil&Chill/assets/scripts/productActions.ts from cce:/internal/x/prerequisite-imports as file:///D:/Pastil&Chill/assets/scripts/productActions.ts.
debug: Target(preview) ends with cost 84.90189999341965ms.
debug: Dispatch build request for time accumulated 1 asset changes.
debug: Build iteration starts.
Number of accumulated asset changes: 1
Feature changed: false
debug: Target(editor) build started.
debug: Detected change: cce:/internal/x/prerequisite-imports. Last mtime: Thu Jan 01 1970 11:44:16 GMT+0800 (China Standard Time), Current mtime: Thu Jan 01 1970 11:44:44 GMT+0800 (China Standard Time)
debug: Inspect cce:/internal/x/prerequisite-imports
debug: Resolve file:///D:/Pastil&Chill/assets/scripts/DatabaseManager.ts from cce:/internal/x/prerequisite-imports as file:///D:/Pastil&Chill/assets/scripts/DatabaseManager.ts.
debug: Resolve file:///D:/Pastil&Chill/assets/scripts/addonsActions.ts from cce:/internal/x/prerequisite-imports as file:///D:/Pastil&Chill/assets/scripts/addonsActions.ts.
debug: Resolve file:///D:/Pastil&Chill/assets/scripts/orderAction.ts from cce:/internal/x/prerequisite-imports as file:///D:/Pastil&Chill/assets/scripts/orderAction.ts.
debug: Detected change: file:///D:/Pastil&Chill/assets/scripts/orderAction.ts. Last mtime: Fri Oct 31 2025 15:59:20 GMT+0800 (China Standard Time)@7e94a6a2-1e46-47d8-9cbc-a2f16f2b713b, Current mtime: Fri Oct 31 2025 15:59:49 GMT+0800 (China Standard Time)@7e94a6a2-1e46-47d8-9cbc-a2f16f2b713b
debug: Inspect file:///D:/Pastil&Chill/assets/scripts/orderAction.ts
debug: Resolve cc from file:///D:/Pastil&Chill/assets/scripts/orderAction.ts as cce:/internal/x/cc.
debug: Resolve cc from file:///D:/Pastil&Chill/assets/scripts/orderAction.ts as cce:/internal/x/cc.
debug: Resolve cc from file:///D:/Pastil&Chill/assets/scripts/orderAction.ts as cce:/internal/x/cc.
debug: Resolve file:///D:/Pastil&Chill/assets/scripts/productActions.ts from cce:/internal/x/prerequisite-imports as file:///D:/Pastil&Chill/assets/scripts/productActions.ts.
debug: Target(editor) ends with cost 78.03329998254776ms.
debug: Target(preview) build started.
debug: Detected change: cce:/internal/x/prerequisite-imports. Last mtime: Thu Jan 01 1970 11:44:16 GMT+0800 (China Standard Time), Current mtime: Thu Jan 01 1970 11:44:44 GMT+0800 (China Standard Time)
debug: Inspect cce:/internal/x/prerequisite-imports
debug: Resolve file:///D:/Pastil&Chill/assets/scripts/DatabaseManager.ts from cce:/internal/x/prerequisite-imports as file:///D:/Pastil&Chill/assets/scripts/DatabaseManager.ts.
debug: Resolve file:///D:/Pastil&Chill/assets/scripts/addonsActions.ts from cce:/internal/x/prerequisite-imports as file:///D:/Pastil&Chill/assets/scripts/addonsActions.ts.
debug: Resolve file:///D:/Pastil&Chill/assets/scripts/orderAction.ts from cce:/internal/x/prerequisite-imports as file:///D:/Pastil&Chill/assets/scripts/orderAction.ts.
debug: Detected change: file:///D:/Pastil&Chill/assets/scripts/orderAction.ts. Last mtime: Fri Oct 31 2025 15:59:20 GMT+0800 (China Standard Time)@7e94a6a2-1e46-47d8-9cbc-a2f16f2b713b, Current mtime: Fri Oct 31 2025 15:59:49 GMT+0800 (China Standard Time)@7e94a6a2-1e46-47d8-9cbc-a2f16f2b713b
debug: Inspect file:///D:/Pastil&Chill/assets/scripts/orderAction.ts
debug: Resolve cc from file:///D:/Pastil&Chill/assets/scripts/orderAction.ts as cce:/internal/x/cc.
debug: Resolve cc from file:///D:/Pastil&Chill/assets/scripts/orderAction.ts as cce:/internal/x/cc.
debug: Resolve cc from file:///D:/Pastil&Chill/assets/scripts/orderAction.ts as cce:/internal/x/cc.
debug: Resolve file:///D:/Pastil&Chill/assets/scripts/productActions.ts from cce:/internal/x/prerequisite-imports as file:///D:/Pastil&Chill/assets/scripts/productActions.ts.
debug: Target(preview) ends with cost 145.4524000287056ms.
debug: Dispatch build request for time accumulated 1 asset changes.
debug: Build iteration starts.
Number of accumulated asset changes: 1
Feature changed: false
debug: Target(editor) build started.
debug: Detected change: cce:/internal/x/prerequisite-imports. Last mtime: Thu Jan 01 1970 11:44:44 GMT+0800 (China Standard Time), Current mtime: Thu Jan 01 1970 11:45:13 GMT+0800 (China Standard Time)
debug: Inspect cce:/internal/x/prerequisite-imports
debug: Resolve file:///D:/Pastil&Chill/assets/scripts/DatabaseManager.ts from cce:/internal/x/prerequisite-imports as file:///D:/Pastil&Chill/assets/scripts/DatabaseManager.ts.
debug: Resolve file:///D:/Pastil&Chill/assets/scripts/addonsActions.ts from cce:/internal/x/prerequisite-imports as file:///D:/Pastil&Chill/assets/scripts/addonsActions.ts.
debug: Resolve file:///D:/Pastil&Chill/assets/scripts/orderAction.ts from cce:/internal/x/prerequisite-imports as file:///D:/Pastil&Chill/assets/scripts/orderAction.ts.
debug: Detected change: file:///D:/Pastil&Chill/assets/scripts/orderAction.ts. Last mtime: Fri Oct 31 2025 15:59:49 GMT+0800 (China Standard Time)@7e94a6a2-1e46-47d8-9cbc-a2f16f2b713b, Current mtime: Fri Oct 31 2025 16:00:18 GMT+0800 (China Standard Time)@7e94a6a2-1e46-47d8-9cbc-a2f16f2b713b
debug: Inspect file:///D:/Pastil&Chill/assets/scripts/orderAction.ts
debug: Resolve cc from file:///D:/Pastil&Chill/assets/scripts/orderAction.ts as cce:/internal/x/cc.
debug: Resolve cc from file:///D:/Pastil&Chill/assets/scripts/orderAction.ts as cce:/internal/x/cc.
debug: Resolve cc from file:///D:/Pastil&Chill/assets/scripts/orderAction.ts as cce:/internal/x/cc.
debug: Resolve file:///D:/Pastil&Chill/assets/scripts/productActions.ts from cce:/internal/x/prerequisite-imports as file:///D:/Pastil&Chill/assets/scripts/productActions.ts.
debug: Target(editor) ends with cost 75.4031999707222ms.
debug: Target(preview) build started.
debug: Detected change: cce:/internal/x/prerequisite-imports. Last mtime: Thu Jan 01 1970 11:44:44 GMT+0800 (China Standard Time), Current mtime: Thu Jan 01 1970 11:45:14 GMT+0800 (China Standard Time)
debug: Inspect cce:/internal/x/prerequisite-imports
debug: Resolve file:///D:/Pastil&Chill/assets/scripts/DatabaseManager.ts from cce:/internal/x/prerequisite-imports as file:///D:/Pastil&Chill/assets/scripts/DatabaseManager.ts.
debug: Resolve file:///D:/Pastil&Chill/assets/scripts/addonsActions.ts from cce:/internal/x/prerequisite-imports as file:///D:/Pastil&Chill/assets/scripts/addonsActions.ts.
debug: Resolve file:///D:/Pastil&Chill/assets/scripts/orderAction.ts from cce:/internal/x/prerequisite-imports as file:///D:/Pastil&Chill/assets/scripts/orderAction.ts.
debug: Detected change: file:///D:/Pastil&Chill/assets/scripts/orderAction.ts. Last mtime: Fri Oct 31 2025 15:59:49 GMT+0800 (China Standard Time)@7e94a6a2-1e46-47d8-9cbc-a2f16f2b713b, Current mtime: Fri Oct 31 2025 16:00:18 GMT+0800 (China Standard Time)@7e94a6a2-1e46-47d8-9cbc-a2f16f2b713b
debug: Inspect file:///D:/Pastil&Chill/assets/scripts/orderAction.ts
debug: Resolve cc from file:///D:/Pastil&Chill/assets/scripts/orderAction.ts as cce:/internal/x/cc.
debug: Resolve cc from file:///D:/Pastil&Chill/assets/scripts/orderAction.ts as cce:/internal/x/cc.
debug: Resolve cc from file:///D:/Pastil&Chill/assets/scripts/orderAction.ts as cce:/internal/x/cc.
debug: Resolve file:///D:/Pastil&Chill/assets/scripts/productActions.ts from cce:/internal/x/prerequisite-imports as file:///D:/Pastil&Chill/assets/scripts/productActions.ts.
debug: Target(preview) ends with cost 76.61010003089905ms.
debug: Dispatch build request for time accumulated 1 asset changes.
debug: Build iteration starts.
Number of accumulated asset changes: 1
Feature changed: false
debug: Target(editor) build started.
debug: Detected change: cce:/internal/x/prerequisite-imports. Last mtime: Thu Jan 01 1970 11:45:13 GMT+0800 (China Standard Time), Current mtime: Thu Jan 01 1970 11:45:26 GMT+0800 (China Standard Time)
debug: Inspect cce:/internal/x/prerequisite-imports
debug: Resolve file:///D:/Pastil&Chill/assets/scripts/DatabaseManager.ts from cce:/internal/x/prerequisite-imports as file:///D:/Pastil&Chill/assets/scripts/DatabaseManager.ts.
debug: Resolve file:///D:/Pastil&Chill/assets/scripts/addonsActions.ts from cce:/internal/x/prerequisite-imports as file:///D:/Pastil&Chill/assets/scripts/addonsActions.ts.
debug: Resolve file:///D:/Pastil&Chill/assets/scripts/orderAction.ts from cce:/internal/x/prerequisite-imports as file:///D:/Pastil&Chill/assets/scripts/orderAction.ts.
debug: Detected change: file:///D:/Pastil&Chill/assets/scripts/orderAction.ts. Last mtime: Fri Oct 31 2025 16:00:18 GMT+0800 (China Standard Time)@7e94a6a2-1e46-47d8-9cbc-a2f16f2b713b, Current mtime: Fri Oct 31 2025 16:00:31 GMT+0800 (China Standard Time)@7e94a6a2-1e46-47d8-9cbc-a2f16f2b713b
debug: Inspect file:///D:/Pastil&Chill/assets/scripts/orderAction.ts
debug: Resolve cc from file:///D:/Pastil&Chill/assets/scripts/orderAction.ts as cce:/internal/x/cc.
debug: Resolve cc from file:///D:/Pastil&Chill/assets/scripts/orderAction.ts as cce:/internal/x/cc.
debug: Resolve cc from file:///D:/Pastil&Chill/assets/scripts/orderAction.ts as cce:/internal/x/cc.
debug: Resolve file:///D:/Pastil&Chill/assets/scripts/productActions.ts from cce:/internal/x/prerequisite-imports as file:///D:/Pastil&Chill/assets/scripts/productActions.ts.
debug: Target(editor) ends with cost 85.93739998340607ms.
debug: Target(preview) build started.
debug: Detected change: cce:/internal/x/prerequisite-imports. Last mtime: Thu Jan 01 1970 11:45:14 GMT+0800 (China Standard Time), Current mtime: Thu Jan 01 1970 11:45:26 GMT+0800 (China Standard Time)
debug: Inspect cce:/internal/x/prerequisite-imports
debug: Resolve file:///D:/Pastil&Chill/assets/scripts/DatabaseManager.ts from cce:/internal/x/prerequisite-imports as file:///D:/Pastil&Chill/assets/scripts/DatabaseManager.ts.
debug: Resolve file:///D:/Pastil&Chill/assets/scripts/addonsActions.ts from cce:/internal/x/prerequisite-imports as file:///D:/Pastil&Chill/assets/scripts/addonsActions.ts.
debug: Resolve file:///D:/Pastil&Chill/assets/scripts/orderAction.ts from cce:/internal/x/prerequisite-imports as file:///D:/Pastil&Chill/assets/scripts/orderAction.ts.
debug: Detected change: file:///D:/Pastil&Chill/assets/scripts/orderAction.ts. Last mtime: Fri Oct 31 2025 16:00:18 GMT+0800 (China Standard Time)@7e94a6a2-1e46-47d8-9cbc-a2f16f2b713b, Current mtime: Fri Oct 31 2025 16:00:31 GMT+0800 (China Standard Time)@7e94a6a2-1e46-47d8-9cbc-a2f16f2b713b
debug: Inspect file:///D:/Pastil&Chill/assets/scripts/orderAction.ts
debug: Resolve cc from file:///D:/Pastil&Chill/assets/scripts/orderAction.ts as cce:/internal/x/cc.
debug: Resolve cc from file:///D:/Pastil&Chill/assets/scripts/orderAction.ts as cce:/internal/x/cc.
debug: Resolve cc from file:///D:/Pastil&Chill/assets/scripts/orderAction.ts as cce:/internal/x/cc.
debug: Resolve file:///D:/Pastil&Chill/assets/scripts/productActions.ts from cce:/internal/x/prerequisite-imports as file:///D:/Pastil&Chill/assets/scripts/productActions.ts.
debug: Target(preview) ends with cost 91.47519999742508ms.
debug: Dispatch build request for time accumulated 1 asset changes.
debug: Build iteration starts.
Number of accumulated asset changes: 1
Feature changed: false
debug: Target(editor) build started.
debug: Detected change: cce:/internal/x/prerequisite-imports. Last mtime: Thu Jan 01 1970 11:45:26 GMT+0800 (China Standard Time), Current mtime: Thu Jan 01 1970 11:45:59 GMT+0800 (China Standard Time)
debug: Inspect cce:/internal/x/prerequisite-imports
debug: Resolve file:///D:/Pastil&Chill/assets/scripts/DatabaseManager.ts from cce:/internal/x/prerequisite-imports as file:///D:/Pastil&Chill/assets/scripts/DatabaseManager.ts.
debug: Resolve file:///D:/Pastil&Chill/assets/scripts/addonsActions.ts from cce:/internal/x/prerequisite-imports as file:///D:/Pastil&Chill/assets/scripts/addonsActions.ts.
debug: Resolve file:///D:/Pastil&Chill/assets/scripts/orderAction.ts from cce:/internal/x/prerequisite-imports as file:///D:/Pastil&Chill/assets/scripts/orderAction.ts.
debug: Detected change: file:///D:/Pastil&Chill/assets/scripts/orderAction.ts. Last mtime: Fri Oct 31 2025 16:00:31 GMT+0800 (China Standard Time)@7e94a6a2-1e46-47d8-9cbc-a2f16f2b713b, Current mtime: Fri Oct 31 2025 16:01:04 GMT+0800 (China Standard Time)@7e94a6a2-1e46-47d8-9cbc-a2f16f2b713b
debug: Inspect file:///D:/Pastil&Chill/assets/scripts/orderAction.ts
debug: Resolve cc from file:///D:/Pastil&Chill/assets/scripts/orderAction.ts as cce:/internal/x/cc.
debug: Resolve cc from file:///D:/Pastil&Chill/assets/scripts/orderAction.ts as cce:/internal/x/cc.
debug: Resolve cc from file:///D:/Pastil&Chill/assets/scripts/orderAction.ts as cce:/internal/x/cc.
debug: Resolve file:///D:/Pastil&Chill/assets/scripts/productActions.ts from cce:/internal/x/prerequisite-imports as file:///D:/Pastil&Chill/assets/scripts/productActions.ts.
debug: Target(editor) ends with cost 151.45480000972748ms.
debug: Target(preview) build started.
debug: Detected change: cce:/internal/x/prerequisite-imports. Last mtime: Thu Jan 01 1970 11:45:26 GMT+0800 (China Standard Time), Current mtime: Thu Jan 01 1970 11:45:59 GMT+0800 (China Standard Time)
debug: Inspect cce:/internal/x/prerequisite-imports
debug: Resolve file:///D:/Pastil&Chill/assets/scripts/DatabaseManager.ts from cce:/internal/x/prerequisite-imports as file:///D:/Pastil&Chill/assets/scripts/DatabaseManager.ts.
debug: Resolve file:///D:/Pastil&Chill/assets/scripts/addonsActions.ts from cce:/internal/x/prerequisite-imports as file:///D:/Pastil&Chill/assets/scripts/addonsActions.ts.
debug: Resolve file:///D:/Pastil&Chill/assets/scripts/orderAction.ts from cce:/internal/x/prerequisite-imports as file:///D:/Pastil&Chill/assets/scripts/orderAction.ts.
debug: Detected change: file:///D:/Pastil&Chill/assets/scripts/orderAction.ts. Last mtime: Fri Oct 31 2025 16:00:31 GMT+0800 (China Standard Time)@7e94a6a2-1e46-47d8-9cbc-a2f16f2b713b, Current mtime: Fri Oct 31 2025 16:01:04 GMT+0800 (China Standard Time)@7e94a6a2-1e46-47d8-9cbc-a2f16f2b713b
debug: Inspect file:///D:/Pastil&Chill/assets/scripts/orderAction.ts
debug: Resolve cc from file:///D:/Pastil&Chill/assets/scripts/orderAction.ts as cce:/internal/x/cc.
debug: Resolve cc from file:///D:/Pastil&Chill/assets/scripts/orderAction.ts as cce:/internal/x/cc.
debug: Resolve cc from file:///D:/Pastil&Chill/assets/scripts/orderAction.ts as cce:/internal/x/cc.
debug: Resolve file:///D:/Pastil&Chill/assets/scripts/productActions.ts from cce:/internal/x/prerequisite-imports as file:///D:/Pastil&Chill/assets/scripts/productActions.ts.
debug: Target(preview) ends with cost 108.78159999847412ms.
debug: Dispatch build request for time accumulated 1 asset changes.
debug: Build iteration starts.
Number of accumulated asset changes: 1
Feature changed: false
debug: Target(editor) build started.
debug: Detected change: cce:/internal/x/prerequisite-imports. Last mtime: Thu Jan 01 1970 11:45:59 GMT+0800 (China Standard Time), Current mtime: Thu Jan 01 1970 11:46:11 GMT+0800 (China Standard Time)
debug: Inspect cce:/internal/x/prerequisite-imports
debug: Resolve file:///D:/Pastil&Chill/assets/scripts/DatabaseManager.ts from cce:/internal/x/prerequisite-imports as file:///D:/Pastil&Chill/assets/scripts/DatabaseManager.ts.
debug: Resolve file:///D:/Pastil&Chill/assets/scripts/addonsActions.ts from cce:/internal/x/prerequisite-imports as file:///D:/Pastil&Chill/assets/scripts/addonsActions.ts.
debug: Resolve file:///D:/Pastil&Chill/assets/scripts/orderAction.ts from cce:/internal/x/prerequisite-imports as file:///D:/Pastil&Chill/assets/scripts/orderAction.ts.
debug: Detected change: file:///D:/Pastil&Chill/assets/scripts/orderAction.ts. Last mtime: Fri Oct 31 2025 16:01:04 GMT+0800 (China Standard Time)@7e94a6a2-1e46-47d8-9cbc-a2f16f2b713b, Current mtime: Fri Oct 31 2025 16:01:16 GMT+0800 (China Standard Time)@7e94a6a2-1e46-47d8-9cbc-a2f16f2b713b
debug: Inspect file:///D:/Pastil&Chill/assets/scripts/orderAction.ts
debug: Resolve cc from file:///D:/Pastil&Chill/assets/scripts/orderAction.ts as cce:/internal/x/cc.
debug: Resolve cc from file:///D:/Pastil&Chill/assets/scripts/orderAction.ts as cce:/internal/x/cc.
debug: Resolve cc from file:///D:/Pastil&Chill/assets/scripts/orderAction.ts as cce:/internal/x/cc.
debug: Resolve file:///D:/Pastil&Chill/assets/scripts/productActions.ts from cce:/internal/x/prerequisite-imports as file:///D:/Pastil&Chill/assets/scripts/productActions.ts.
debug: Target(editor) ends with cost 79.05800002813339ms.
debug: Target(preview) build started.
debug: Detected change: cce:/internal/x/prerequisite-imports. Last mtime: Thu Jan 01 1970 11:45:59 GMT+0800 (China Standard Time), Current mtime: Thu Jan 01 1970 11:46:11 GMT+0800 (China Standard Time)
debug: Inspect cce:/internal/x/prerequisite-imports
debug: Resolve file:///D:/Pastil&Chill/assets/scripts/DatabaseManager.ts from cce:/internal/x/prerequisite-imports as file:///D:/Pastil&Chill/assets/scripts/DatabaseManager.ts.
debug: Resolve file:///D:/Pastil&Chill/assets/scripts/addonsActions.ts from cce:/internal/x/prerequisite-imports as file:///D:/Pastil&Chill/assets/scripts/addonsActions.ts.
debug: Resolve file:///D:/Pastil&Chill/assets/scripts/orderAction.ts from cce:/internal/x/prerequisite-imports as file:///D:/Pastil&Chill/assets/scripts/orderAction.ts.
debug: Detected change: file:///D:/Pastil&Chill/assets/scripts/orderAction.ts. Last mtime: Fri Oct 31 2025 16:01:04 GMT+0800 (China Standard Time)@7e94a6a2-1e46-47d8-9cbc-a2f16f2b713b, Current mtime: Fri Oct 31 2025 16:01:16 GMT+0800 (China Standard Time)@7e94a6a2-1e46-47d8-9cbc-a2f16f2b713b
debug: Inspect file:///D:/Pastil&Chill/assets/scripts/orderAction.ts
debug: Resolve cc from file:///D:/Pastil&Chill/assets/scripts/orderAction.ts as cce:/internal/x/cc.
debug: Resolve cc from file:///D:/Pastil&Chill/assets/scripts/orderAction.ts as cce:/internal/x/cc.
debug: Resolve cc from file:///D:/Pastil&Chill/assets/scripts/orderAction.ts as cce:/internal/x/cc.
debug: Resolve file:///D:/Pastil&Chill/assets/scripts/productActions.ts from cce:/internal/x/prerequisite-imports as file:///D:/Pastil&Chill/assets/scripts/productActions.ts.
debug: Target(preview) ends with cost 82.07400000095367ms.
debug: Dispatch build request for time accumulated 1 asset changes.
debug: Build iteration starts.
Number of accumulated asset changes: 1
Feature changed: false
debug: Target(editor) build started.
debug: Detected change: cce:/internal/x/prerequisite-imports. Last mtime: Thu Jan 01 1970 11:46:11 GMT+0800 (China Standard Time), Current mtime: Thu Jan 01 1970 11:46:31 GMT+0800 (China Standard Time)
debug: Inspect cce:/internal/x/prerequisite-imports
debug: Resolve file:///D:/Pastil&Chill/assets/scripts/DatabaseManager.ts from cce:/internal/x/prerequisite-imports as file:///D:/Pastil&Chill/assets/scripts/DatabaseManager.ts.
debug: Resolve file:///D:/Pastil&Chill/assets/scripts/addonsActions.ts from cce:/internal/x/prerequisite-imports as file:///D:/Pastil&Chill/assets/scripts/addonsActions.ts.
debug: Resolve file:///D:/Pastil&Chill/assets/scripts/orderAction.ts from cce:/internal/x/prerequisite-imports as file:///D:/Pastil&Chill/assets/scripts/orderAction.ts.
debug: Detected change: file:///D:/Pastil&Chill/assets/scripts/orderAction.ts. Last mtime: Fri Oct 31 2025 16:01:16 GMT+0800 (China Standard Time)@7e94a6a2-1e46-47d8-9cbc-a2f16f2b713b, Current mtime: Fri Oct 31 2025 16:01:36 GMT+0800 (China Standard Time)@7e94a6a2-1e46-47d8-9cbc-a2f16f2b713b
debug: Inspect file:///D:/Pastil&Chill/assets/scripts/orderAction.ts
debug: Resolve cc from file:///D:/Pastil&Chill/assets/scripts/orderAction.ts as cce:/internal/x/cc.
debug: Resolve cc from file:///D:/Pastil&Chill/assets/scripts/orderAction.ts as cce:/internal/x/cc.
debug: Resolve cc from file:///D:/Pastil&Chill/assets/scripts/orderAction.ts as cce:/internal/x/cc.
debug: Resolve file:///D:/Pastil&Chill/assets/scripts/productActions.ts from cce:/internal/x/prerequisite-imports as file:///D:/Pastil&Chill/assets/scripts/productActions.ts.
debug: Target(editor) ends with cost 96.05870002508163ms.
debug: Target(preview) build started.
debug: Detected change: cce:/internal/x/prerequisite-imports. Last mtime: Thu Jan 01 1970 11:46:11 GMT+0800 (China Standard Time), Current mtime: Thu Jan 01 1970 11:46:32 GMT+0800 (China Standard Time)
debug: Inspect cce:/internal/x/prerequisite-imports
debug: Resolve file:///D:/Pastil&Chill/assets/scripts/DatabaseManager.ts from cce:/internal/x/prerequisite-imports as file:///D:/Pastil&Chill/assets/scripts/DatabaseManager.ts.
debug: Resolve file:///D:/Pastil&Chill/assets/scripts/addonsActions.ts from cce:/internal/x/prerequisite-imports as file:///D:/Pastil&Chill/assets/scripts/addonsActions.ts.
debug: Resolve file:///D:/Pastil&Chill/assets/scripts/orderAction.ts from cce:/internal/x/prerequisite-imports as file:///D:/Pastil&Chill/assets/scripts/orderAction.ts.
debug: Detected change: file:///D:/Pastil&Chill/assets/scripts/orderAction.ts. Last mtime: Fri Oct 31 2025 16:01:16 GMT+0800 (China Standard Time)@7e94a6a2-1e46-47d8-9cbc-a2f16f2b713b, Current mtime: Fri Oct 31 2025 16:01:36 GMT+0800 (China Standard Time)@7e94a6a2-1e46-47d8-9cbc-a2f16f2b713b
debug: Inspect file:///D:/Pastil&Chill/assets/scripts/orderAction.ts
debug: Resolve cc from file:///D:/Pastil&Chill/assets/scripts/orderAction.ts as cce:/internal/x/cc.
debug: Resolve cc from file:///D:/Pastil&Chill/assets/scripts/orderAction.ts as cce:/internal/x/cc.
debug: Resolve cc from file:///D:/Pastil&Chill/assets/scripts/orderAction.ts as cce:/internal/x/cc.
debug: Resolve file:///D:/Pastil&Chill/assets/scripts/productActions.ts from cce:/internal/x/prerequisite-imports as file:///D:/Pastil&Chill/assets/scripts/productActions.ts.
debug: Target(preview) ends with cost 82.91530001163483ms.
debug: Dispatch build request for time accumulated 1 asset changes.
debug: Build iteration starts.
Number of accumulated asset changes: 1
Feature changed: false
debug: Target(editor) build started.
debug: Detected change: cce:/internal/x/prerequisite-imports. Last mtime: Thu Jan 01 1970 11:46:31 GMT+0800 (China Standard Time), Current mtime: Thu Jan 01 1970 11:46:38 GMT+0800 (China Standard Time)
debug: Inspect cce:/internal/x/prerequisite-imports
debug: Resolve file:///D:/Pastil&Chill/assets/scripts/DatabaseManager.ts from cce:/internal/x/prerequisite-imports as file:///D:/Pastil&Chill/assets/scripts/DatabaseManager.ts.
debug: Resolve file:///D:/Pastil&Chill/assets/scripts/addonsActions.ts from cce:/internal/x/prerequisite-imports as file:///D:/Pastil&Chill/assets/scripts/addonsActions.ts.
debug: Resolve file:///D:/Pastil&Chill/assets/scripts/orderAction.ts from cce:/internal/x/prerequisite-imports as file:///D:/Pastil&Chill/assets/scripts/orderAction.ts.
debug: Detected change: file:///D:/Pastil&Chill/assets/scripts/orderAction.ts. Last mtime: Fri Oct 31 2025 16:01:36 GMT+0800 (China Standard Time)@7e94a6a2-1e46-47d8-9cbc-a2f16f2b713b, Current mtime: Fri Oct 31 2025 16:01:43 GMT+0800 (China Standard Time)@7e94a6a2-1e46-47d8-9cbc-a2f16f2b713b
debug: Inspect file:///D:/Pastil&Chill/assets/scripts/orderAction.ts
debug: Resolve cc from file:///D:/Pastil&Chill/assets/scripts/orderAction.ts as cce:/internal/x/cc.
debug: Resolve cc from file:///D:/Pastil&Chill/assets/scripts/orderAction.ts as cce:/internal/x/cc.
debug: Resolve cc from file:///D:/Pastil&Chill/assets/scripts/orderAction.ts as cce:/internal/x/cc.
debug: Resolve file:///D:/Pastil&Chill/assets/scripts/productActions.ts from cce:/internal/x/prerequisite-imports as file:///D:/Pastil&Chill/assets/scripts/productActions.ts.
debug: Target(editor) ends with cost 56.47170001268387ms.
debug: Target(preview) build started.
debug: Detected change: cce:/internal/x/prerequisite-imports. Last mtime: Thu Jan 01 1970 11:46:32 GMT+0800 (China Standard Time), Current mtime: Thu Jan 01 1970 11:46:38 GMT+0800 (China Standard Time)
debug: Inspect cce:/internal/x/prerequisite-imports
debug: Resolve file:///D:/Pastil&Chill/assets/scripts/DatabaseManager.ts from cce:/internal/x/prerequisite-imports as file:///D:/Pastil&Chill/assets/scripts/DatabaseManager.ts.
debug: Resolve file:///D:/Pastil&Chill/assets/scripts/addonsActions.ts from cce:/internal/x/prerequisite-imports as file:///D:/Pastil&Chill/assets/scripts/addonsActions.ts.
debug: Resolve file:///D:/Pastil&Chill/assets/scripts/orderAction.ts from cce:/internal/x/prerequisite-imports as file:///D:/Pastil&Chill/assets/scripts/orderAction.ts.
debug: Detected change: file:///D:/Pastil&Chill/assets/scripts/orderAction.ts. Last mtime: Fri Oct 31 2025 16:01:36 GMT+0800 (China Standard Time)@7e94a6a2-1e46-47d8-9cbc-a2f16f2b713b, Current mtime: Fri Oct 31 2025 16:01:43 GMT+0800 (China Standard Time)@7e94a6a2-1e46-47d8-9cbc-a2f16f2b713b
debug: Inspect file:///D:/Pastil&Chill/assets/scripts/orderAction.ts
debug: Resolve cc from file:///D:/Pastil&Chill/assets/scripts/orderAction.ts as cce:/internal/x/cc.
debug: Resolve cc from file:///D:/Pastil&Chill/assets/scripts/orderAction.ts as cce:/internal/x/cc.
debug: Resolve cc from file:///D:/Pastil&Chill/assets/scripts/orderAction.ts as cce:/internal/x/cc.
debug: Resolve file:///D:/Pastil&Chill/assets/scripts/productActions.ts from cce:/internal/x/prerequisite-imports as file:///D:/Pastil&Chill/assets/scripts/productActions.ts.
debug: Target(preview) ends with cost 84.32790005207062ms.
debug: Dispatch build request for time accumulated 1 asset changes.
debug: Build iteration starts.
Number of accumulated asset changes: 1
Feature changed: false
debug: Target(editor) build started.
debug: Detected change: cce:/internal/x/prerequisite-imports. Last mtime: Thu Jan 01 1970 11:46:38 GMT+0800 (China Standard Time), Current mtime: Thu Jan 01 1970 11:47:16 GMT+0800 (China Standard Time)
debug: Inspect cce:/internal/x/prerequisite-imports
debug: Resolve file:///D:/Pastil&Chill/assets/scripts/DatabaseManager.ts from cce:/internal/x/prerequisite-imports as file:///D:/Pastil&Chill/assets/scripts/DatabaseManager.ts.
debug: Resolve file:///D:/Pastil&Chill/assets/scripts/addonsActions.ts from cce:/internal/x/prerequisite-imports as file:///D:/Pastil&Chill/assets/scripts/addonsActions.ts.
debug: Resolve file:///D:/Pastil&Chill/assets/scripts/orderAction.ts from cce:/internal/x/prerequisite-imports as file:///D:/Pastil&Chill/assets/scripts/orderAction.ts.
debug: Detected change: file:///D:/Pastil&Chill/assets/scripts/orderAction.ts. Last mtime: Fri Oct 31 2025 16:01:43 GMT+0800 (China Standard Time)@7e94a6a2-1e46-47d8-9cbc-a2f16f2b713b, Current mtime: Fri Oct 31 2025 16:02:22 GMT+0800 (China Standard Time)@7e94a6a2-1e46-47d8-9cbc-a2f16f2b713b
debug: Inspect file:///D:/Pastil&Chill/assets/scripts/orderAction.ts
debug: Resolve cc from file:///D:/Pastil&Chill/assets/scripts/orderAction.ts as cce:/internal/x/cc.
debug: Resolve cc from file:///D:/Pastil&Chill/assets/scripts/orderAction.ts as cce:/internal/x/cc.
debug: Resolve cc from file:///D:/Pastil&Chill/assets/scripts/orderAction.ts as cce:/internal/x/cc.
debug: Resolve file:///D:/Pastil&Chill/assets/scripts/productActions.ts from cce:/internal/x/prerequisite-imports as file:///D:/Pastil&Chill/assets/scripts/productActions.ts.
debug: Target(editor) ends with cost 76.15039998292923ms.
debug: Target(preview) build started.
debug: Detected change: cce:/internal/x/prerequisite-imports. Last mtime: Thu Jan 01 1970 11:46:38 GMT+0800 (China Standard Time), Current mtime: Thu Jan 01 1970 11:47:17 GMT+0800 (China Standard Time)
debug: Inspect cce:/internal/x/prerequisite-imports
debug: Resolve file:///D:/Pastil&Chill/assets/scripts/DatabaseManager.ts from cce:/internal/x/prerequisite-imports as file:///D:/Pastil&Chill/assets/scripts/DatabaseManager.ts.
debug: Resolve file:///D:/Pastil&Chill/assets/scripts/addonsActions.ts from cce:/internal/x/prerequisite-imports as file:///D:/Pastil&Chill/assets/scripts/addonsActions.ts.
debug: Resolve file:///D:/Pastil&Chill/assets/scripts/orderAction.ts from cce:/internal/x/prerequisite-imports as file:///D:/Pastil&Chill/assets/scripts/orderAction.ts.
debug: Detected change: file:///D:/Pastil&Chill/assets/scripts/orderAction.ts. Last mtime: Fri Oct 31 2025 16:01:43 GMT+0800 (China Standard Time)@7e94a6a2-1e46-47d8-9cbc-a2f16f2b713b, Current mtime: Fri Oct 31 2025 16:02:22 GMT+0800 (China Standard Time)@7e94a6a2-1e46-47d8-9cbc-a2f16f2b713b
debug: Inspect file:///D:/Pastil&Chill/assets/scripts/orderAction.ts
debug: Resolve cc from file:///D:/Pastil&Chill/assets/scripts/orderAction.ts as cce:/internal/x/cc.
debug: Resolve cc from file:///D:/Pastil&Chill/assets/scripts/orderAction.ts as cce:/internal/x/cc.
debug: Resolve cc from file:///D:/Pastil&Chill/assets/scripts/orderAction.ts as cce:/internal/x/cc.
debug: Resolve file:///D:/Pastil&Chill/assets/scripts/productActions.ts from cce:/internal/x/prerequisite-imports as file:///D:/Pastil&Chill/assets/scripts/productActions.ts.
debug: Target(preview) ends with cost 82.75889998674393ms.
debug: Dispatch build request for time accumulated 1 asset changes.
debug: Build iteration starts.
Number of accumulated asset changes: 1
Feature changed: false
debug: Target(editor) build started.
debug: Detected change: cce:/internal/x/prerequisite-imports. Last mtime: Thu Jan 01 1970 11:47:16 GMT+0800 (China Standard Time), Current mtime: Thu Jan 01 1970 11:47:45 GMT+0800 (China Standard Time)
debug: Inspect cce:/internal/x/prerequisite-imports
debug: Resolve file:///D:/Pastil&Chill/assets/scripts/DatabaseManager.ts from cce:/internal/x/prerequisite-imports as file:///D:/Pastil&Chill/assets/scripts/DatabaseManager.ts.
debug: Resolve file:///D:/Pastil&Chill/assets/scripts/addonsActions.ts from cce:/internal/x/prerequisite-imports as file:///D:/Pastil&Chill/assets/scripts/addonsActions.ts.
debug: Resolve file:///D:/Pastil&Chill/assets/scripts/orderAction.ts from cce:/internal/x/prerequisite-imports as file:///D:/Pastil&Chill/assets/scripts/orderAction.ts.
debug: Detected change: file:///D:/Pastil&Chill/assets/scripts/orderAction.ts. Last mtime: Fri Oct 31 2025 16:02:22 GMT+0800 (China Standard Time)@7e94a6a2-1e46-47d8-9cbc-a2f16f2b713b, Current mtime: Fri Oct 31 2025 16:02:51 GMT+0800 (China Standard Time)@7e94a6a2-1e46-47d8-9cbc-a2f16f2b713b
debug: Inspect file:///D:/Pastil&Chill/assets/scripts/orderAction.ts
debug: Resolve cc from file:///D:/Pastil&Chill/assets/scripts/orderAction.ts as cce:/internal/x/cc.
debug: Resolve cc from file:///D:/Pastil&Chill/assets/scripts/orderAction.ts as cce:/internal/x/cc.
debug: Resolve cc from file:///D:/Pastil&Chill/assets/scripts/orderAction.ts as cce:/internal/x/cc.
debug: Resolve file:///D:/Pastil&Chill/assets/scripts/productActions.ts from cce:/internal/x/prerequisite-imports as file:///D:/Pastil&Chill/assets/scripts/productActions.ts.
debug: Target(editor) ends with cost 82.84769999980927ms.
debug: Target(preview) build started.
debug: Detected change: cce:/internal/x/prerequisite-imports. Last mtime: Thu Jan 01 1970 11:47:17 GMT+0800 (China Standard Time), Current mtime: Thu Jan 01 1970 11:47:46 GMT+0800 (China Standard Time)
debug: Inspect cce:/internal/x/prerequisite-imports
debug: Resolve file:///D:/Pastil&Chill/assets/scripts/DatabaseManager.ts from cce:/internal/x/prerequisite-imports as file:///D:/Pastil&Chill/assets/scripts/DatabaseManager.ts.
debug: Resolve file:///D:/Pastil&Chill/assets/scripts/addonsActions.ts from cce:/internal/x/prerequisite-imports as file:///D:/Pastil&Chill/assets/scripts/addonsActions.ts.
debug: Resolve file:///D:/Pastil&Chill/assets/scripts/orderAction.ts from cce:/internal/x/prerequisite-imports as file:///D:/Pastil&Chill/assets/scripts/orderAction.ts.
debug: Detected change: file:///D:/Pastil&Chill/assets/scripts/orderAction.ts. Last mtime: Fri Oct 31 2025 16:02:22 GMT+0800 (China Standard Time)@7e94a6a2-1e46-47d8-9cbc-a2f16f2b713b, Current mtime: Fri Oct 31 2025 16:02:51 GMT+0800 (China Standard Time)@7e94a6a2-1e46-47d8-9cbc-a2f16f2b713b
debug: Inspect file:///D:/Pastil&Chill/assets/scripts/orderAction.ts
debug: Resolve cc from file:///D:/Pastil&Chill/assets/scripts/orderAction.ts as cce:/internal/x/cc.
debug: Resolve cc from file:///D:/Pastil&Chill/assets/scripts/orderAction.ts as cce:/internal/x/cc.
debug: Resolve cc from file:///D:/Pastil&Chill/assets/scripts/orderAction.ts as cce:/internal/x/cc.
debug: Resolve file:///D:/Pastil&Chill/assets/scripts/productActions.ts from cce:/internal/x/prerequisite-imports as file:///D:/Pastil&Chill/assets/scripts/productActions.ts.
debug: Target(preview) ends with cost 76.21770000457764ms.
